Campaign_ID,Campaign_Name,Date,Channel,Customer_ID,Age_Group,Gender,Impressions,Clicks,Leads,Conversions,Ad_Spend,Revenue,,,,what ,Result
C007,Diwali Mega Sale,15-01-2026,Facebook,CUST01131,35-44,Male,5408,157,17,3,800,6096.13,,,,Negative Ad Spend,0
C004,Monsoon Offers,23-07-2026,Google Ads,CUST00022,18-24,Female,9555,214,51,8,2068.5,20035.76,,,,Negative Revenue,0
C001,Summer Sale,20-02-2026,Google Ads,CUST00647,18-24,Female,6437,320,80,13,1135.84,28004.84,,,,Clicks > Impressions,0
C002,Festive Bonanza,23-02-2026,Instagram,CUST01130,35-44,Female,11093,331,57,9,1681.28,28590.13,,,,Leads > Clicks,0
C005,Back to College,23-03-2026,Instagram,CUST00879,45-54,Female,10818,219,28,5,1378.25,13347.16,,,,Conversions > Leads,0
C005,Back to College,10-02-2026,Email,CUST02183,45-54,Female,14946,944,300,58,1015.91,147563.19,,,,Duplicate Rows,0
C005,Back to College,22-05-2026,YouTube,CUST00871,18-24,Male,8243,136,16,2,1628.79,3924.77,,,,,
C005,Back to College,09-06-2026,Google Ads,CUST01723,35-44,Male,5087,161,36,9,1067.25,21269.76,,,,,
C001,Summer Sale,13-08-2026,Instagram,CUST01409,25-34,Female,10539,335,60,4,1452.5,7222.73,,,,,
C001,Summer Sale,03-03-2026,Instagram,CUST01521,25-34,Female,11183,395,58,6,1285.81,12473.67,,,,,
C001,Summer Sale,10-05-2026,Google Ads,CUST01077,25-34,Other,13657,467,116,22,2859.64,51141.67,,,,,
C003,New Product Launch,28-05-2026,Facebook,CUST01735,18-24,Male,14479,444,53,9,1718.09,17030.11,,,,,
C002,Festive Bonanza,01-03-2026,Email,CUST00881,25-34,Female,4056,313,79,22,800,54511.56,,,,,
C006,Weekend Flash Sale,02-06-2026,Email,CUST01885,25-34,Female,14272,427,127,32,871.67,69869.39,,,,,
C008,Year End Clearance,25-04-2026,Google Ads,CUST00470,25-34,Female,8583,406,84,12,1504.57,25472.44,,,,,
C005,Back to College,06-01-2026,Instagram,CUST02147,35-44,Male,11676,408,63,6,1548.65,7677.93,,,,,
C002,Festive Bonanza,11-08-2026,YouTube,CUST00570,55+,Female,12699,234,25,2,2684.32,4394.49,,,,,
C002,Festive Bonanza,09-04-2026,Facebook,CUST01842,45-54,Male,5999,188,29,5,967.79,17167.92,,,,,
C004,Monsoon Offers,01-02-2026,YouTube,CUST01983,18-24,Female,3348,70,4,1,800,1664.15,,,,,
C004,Monsoon Offers,13-04-2026,Email,CUST01220,45-54,Female,4950,421,145,18,800,32710.06,,,,,
C002,Festive Bonanza,17-08-2026,Google Ads,CUST00117,18-24,Female,7312,368,86,13,2047.22,36864.43,,,,,
C005,Back to College,14-07-2026,YouTube,CUST00154,25-34,Male,30780,762,98,8,5357.16,16185.47,,,,,
C002,Festive Bonanza,10-04-2026,Email,CUST02490,25-34,Male,15289,1288,409,92,800,198609.85,,,,,
C002,Festive Bonanza,22-03-2026,Facebook,CUST00090,25-34,Male,4460,118,13,2,800,4629.05,,,,,
C008,Year End Clearance,29-08-2026,Google Ads,CUST02144,25-34,Male,7944,398,89,14,2188.45,39678.85,,,,,
C003,New Product Launch,24-05-2026,YouTube,CUST00885,18-24,Male,8336,157,14,3,1856.28,6496.06,,,,,
C002,Festive Bonanza,03-08-2026,Instagram,CUST00733,25-34,Female,11238,351,50,4,1956.98,6879.74,,,,,
C003,New Product Launch,19-04-2026,YouTube,CUST01857,45-54,Female,10174,226,27,2,2019.11,3677.3,,,,,
C003,New Product Launch,14-07-2026,Google Ads,CUST00173,18-24,Female,10694,391,78,6,3037.48,11827.8,,,,,
C003,New Product Launch,04-07-2026,Facebook,CUST02095,35-44,Male,9017,349,47,9,1454.83,13970.63,,,,,
C004,Monsoon Offers,02-05-2026,Instagram,CUST01372,35-44,Female,5905,167,26,0,800,0,,,,,
C005,Back to College,14-05-2026,Email,CUST01618,25-34,Male,3940,257,83,27,800,93121.14,,,,,
C001,Summer Sale,27-01-2026,Email,CUST00689,45-54,Female,3725,195,68,13,800,28852.8,,,,,
C001,Summer Sale,03-02-2026,Facebook,CUST02143,18-24,Male,11883,421,53,8,1526.79,12474.69,,,,,
C007,Diwali Mega Sale,17-08-2026,Instagram,CUST00578,45-54,Male,10013,332,48,9,1537.58,24257.69,,,,,
C002,Festive Bonanza,13-05-2026,Email,CUST00797,18-24,Male,8459,370,120,30,800,72589.23,,,,,
C001,Summer Sale,21-03-2026,Instagram,CUST02143,25-34,Male,12186,316,48,8,1686.31,14387.57,,,,,
C005,Back to College,31-03-2026,Instagram,CUST01969,25-34,Male,8585,235,39,4,1277.78,8830.09,,,,,
C007,Diwali Mega Sale,10-05-2026,YouTube,CUST00365,18-24,Female,11160,187,21,2,1611.93,3928.11,,,,,
C001,Summer Sale,06-08-2026,Google Ads,CUST00126,18-24,Male,12294,703,146,24,3174.62,58110.9,,,,,
C003,New Product Launch,11-04-2026,Instagram,CUST01542,45-54,Male,8900,189,28,3,1326.86,5512.31,,,,,
C006,Weekend Flash Sale,18-08-2026,Instagram,CUST00947,45-54,Male,9699,224,34,5,1605.59,17436.73,,,,,
C006,Weekend Flash Sale,19-05-2026,YouTube,CUST02027,35-44,Female,27913,423,52,4,3775.07,7843.73,,,,,
C003,New Product Launch,18-02-2026,Instagram,CUST01605,45-54,Male,5099,158,26,5,800,9517.11,,,,,
C006,Weekend Flash Sale,04-02-2026,Facebook,CUST00725,18-24,Unknown,13471,388,58,6,1719.91,9396.93,,,,,
C007,Diwali Mega Sale,14-05-2026,Google Ads,CUST02439,35-44,Male,9229,534,122,23,2349.86,65512.57,,,,,
C002,Festive Bonanza,07-02-2026,Instagram,CUST01933,18-24,Male,7719,207,32,6,1239.56,13078.59,,,,,
C005,Back to College,15-03-2026,Email,CUST00712,25-34,Female,25140,1866,545,105,1672.2,319128.6,,,,,
C005,Back to College,16-04-2026,Facebook,CUST00604,25-34,Female,7471,193,32,3,913.5,6112.18,,,,,
C005,Back to College,29-06-2026,Instagram,CUST02361,18-24,Female,4241,127,19,3,800,3085.03,,,,,
C004,Monsoon Offers,01-07-2026,Email,CUST00664,35-44,Female,6032,460,136,24,800,47004.05,,,,,
C007,Diwali Mega Sale,21-05-2026,YouTube,CUST00990,35-44,Female,16669,368,37,2,3413.77,4549.54,,,,,
C002,Festive Bonanza,23-04-2026,YouTube,CUST02162,25-34,Male,7598,132,13,3,1385.81,6726.11,,,,,
C007,Diwali Mega Sale,13-03-2026,Facebook,CUST01288,18-24,Female,2708,96,15,1,800,2939.03,,,,,
C007,Diwali Mega Sale,10-06-2026,Facebook,CUST02199,45-54,Female,10739,368,61,4,1689.45,11044.51,,,,,
C005,Back to College,27-03-2026,Instagram,CUST01388,18-24,Male,6194,235,35,5,991.11,9233.74,,,,,
C006,Weekend Flash Sale,26-08-2026,Facebook,CUST02052,18-24,Male,16426,541,79,6,1818.38,10905.95,,,,,
C002,Festive Bonanza,22-02-2026,YouTube,CUST00455,35-44,Male,5430,157,26,2,800,3974.68,,,,,
C005,Back to College,09-02-2026,Instagram,CUST02059,25-34,Male,12279,270,54,5,1410.1,9512.57,,,,,
C006,Weekend Flash Sale,23-08-2026,Email,CUST00482,35-44,Female,3883,193,55,8,800,13594.95,,,,,
C003,New Product Launch,08-04-2026,Instagram,CUST02323,25-34,Male,10093,402,65,9,1168.89,12445.76,,,,,
C007,Diwali Mega Sale,17-05-2026,Facebook,CUST01522,25-34,Male,37544,1324,186,27,6044.11,31526.3,,,,,
C002,Festive Bonanza,18-04-2026,Facebook,CUST00039,25-34,Male,6261,211,31,3,800,7441.14,,,,,
C003,New Product Launch,15-02-2026,Google Ads,CUST00029,35-44,Female,16090,985,214,40,3431.7,76846.97,,,,,
C004,Monsoon Offers,06-02-2026,Facebook,CUST00432,18-24,Other,3091,82,7,0,800,0,,,,,
C001,Summer Sale,04-01-2026,Facebook,CUST01595,25-34,Male,12979,408,66,12,2037.95,21146.17,,,,,
C006,Weekend Flash Sale,26-06-2026,Email,CUST01545,55+,Other,7292,351,108,25,800,66056.38,,,,,
C003,New Product Launch,29-01-2026,Instagram,CUST01219,55+,Male,9804,370,65,6,1634.88,14023.51,,,,,
C006,Weekend Flash Sale,25-06-2026,Email,CUST00796,18-24,Male,1320,72,22,4,800,13851.52,,,,,
C003,New Product Launch,13-01-2026,Google Ads,CUST00363,25-34,Male,16478,749,191,36,3001.82,66415.25,,,,,
C001,Summer Sale,11-08-2026,Facebook,CUST00700,18-24,Male,7222,167,28,3,818.73,5331.49,,,,,
C004,Monsoon Offers,07-08-2026,Google Ads,CUST02240,35-44,Female,12993,427,111,12,3374.29,22521.48,,,,,
C003,New Product Launch,21-04-2026,Email,CUST02127,45-54,Female,13004,797,239,48,812.78,124694.79,,,,,
C006,Weekend Flash Sale,02-04-2026,Google Ads,CUST00989,55+,Female,7368,241,53,8,1451.55,21379.08,,,,,
C001,Summer Sale,18-01-2026,Facebook,CUST01295,25-34,Male,7112,181,25,3,800,5309.73,,,,,
C002,Festive Bonanza,15-02-2026,YouTube,CUST00527,25-34,Female,14995,368,38,5,2387.35,9475.31,,,,,
C003,New Product Launch,28-07-2026,Email,CUST00072,25-34,Male,10728,653,187,35,800,125354.54,,,,,
C001,Summer Sale,02-02-2026,YouTube,CUST01769,25-34,Female,6226,125,17,3,952.66,3788.24,,,,,
C001,Summer Sale,02-03-2026,Email,CUST01987,45-54,Male,20165,1627,446,93,1138.47,278922.05,,,,,
C007,Diwali Mega Sale,16-04-2026,YouTube,CUST00014,18-24,Female,11559,242,39,4,1749.92,9019.75,,,,,
C007,Diwali Mega Sale,13-02-2026,Google Ads,CUST01990,35-44,Female,4815,217,45,9,1311.37,29595.55,,,,,
C004,Monsoon Offers,06-05-2026,Facebook,CUST00956,18-24,Male,14475,274,31,3,2357.03,5860.85,,,,,
C005,Back to College,21-01-2026,Instagram,CUST00794,35-44,Male,6616,224,25,2,1176.37,4427.84,,,,,
C002,Festive Bonanza,25-05-2026,Google Ads,CUST02041,25-34,Male,1869,75,14,2,800,4910.74,,,,,
C008,Year End Clearance,10-01-2026,YouTube,CUST00862,18-24,Female,12372,278,26,2,2264.27,3998.86,,,,,
C007,Diwali Mega Sale,18-04-2026,Email,CUST01275,18-24,Female,15270,1058,309,96,800,318645.96,,,,,
C008,Year End Clearance,06-05-2026,Facebook,CUST00217,35-44,Male,15504,210,24,0,1892.03,0,,,,,
C002,Festive Bonanza,08-01-2026,Google Ads,CUST01382,45-54,Female,12763,609,138,32,3039.13,74250.46,,,,,
C008,Year End Clearance,15-07-2026,Facebook,CUST01311,35-44,Female,5858,151,20,4,902.49,11260.77,,,,,
C005,Back to College,12-05-2026,Facebook,CUST01638,25-34,Male,11492,318,45,4,1652.42,9183.77,,,,,
C007,Diwali Mega Sale,01-03-2026,Facebook,CUST01497,35-44,Male,7580,230,40,9,1183.84,14642.03,,,,,
C003,New Product Launch,11-03-2026,Facebook,CUST02412,55+,Female,9838,294,33,3,1063.45,5800.98,,,,,
C008,Year End Clearance,26-08-2026,YouTube,CUST01693,45-54,Male,14839,221,25,1,2245.19,1481.78,,,,,
C007,Diwali Mega Sale,29-08-2026,Instagram,CUST00445,25-34,Male,12125,517,61,8,1919.67,19065.1,,,,,
C005,Back to College,01-06-2026,Email,CUST00720,25-34,Female,16129,864,254,57,1050.88,195596.95,,,,,
C005,Back to College,08-08-2026,Facebook,CUST01547,25-34,Female,3163,89,14,5,800,12333.89,,,,,
C002,Festive Bonanza,01-02-2026,Instagram,CUST01191,35-44,Female,16678,708,113,16,2916.81,33635.18,,,,,
C008,Year End Clearance,19-02-2026,Email,CUST00067,25-34,Female,10026,856,260,46,800,107316.34,,,,,
C005,Back to College,16-02-2026,Facebook,CUST01017,18-24,Female,17801,458,72,14,1826.41,28589.76,,,,,
C006,Weekend Flash Sale,17-07-2026,YouTube,CUST02454,18-24,Male,13633,299,38,2,2990.07,3791.07,,,,,
C003,New Product Launch,09-07-2026,Email,CUST01690,35-44,Male,8925,720,202,37,800,96206.02,,,,,
C001,Summer Sale,12-06-2026,Instagram,CUST00130,25-34,Male,12453,464,74,6,2239.92,12698.42,,,,,
C004,Monsoon Offers,18-06-2026,YouTube,CUST01049,35-44,Female,15107,136,19,0,2847.46,0,,,,,
C003,New Product Launch,01-03-2026,YouTube,CUST02335,18-24,Male,6957,139,12,1,1002.46,1847.03,,,,,
C004,Monsoon Offers,04-01-2026,YouTube,CUST01639,25-34,Female,6463,130,14,1,1152.66,1614.33,,,,,
C007,Diwali Mega Sale,07-08-2026,Instagram,CUST02453,18-24,Female,4725,150,14,1,877.39,2973.84,,,,,
C005,Back to College,28-07-2026,Google Ads,CUST00497,25-34,Female,4646,201,37,6,1046.91,17224.06,,,,,
C001,Summer Sale,18-06-2026,Facebook,CUST02177,45-54,Female,10035,284,28,2,1320.94,3069.53,,,,,
C001,Summer Sale,29-03-2026,Google Ads,CUST01440,55+,Female,13851,748,154,23,3125.12,39661.3,,,,,
C006,Weekend Flash Sale,05-03-2026,Facebook,CUST02186,18-24,Female,3366,113,12,2,800,5306.32,,,,,
C002,Festive Bonanza,24-04-2026,YouTube,CUST01802,45-54,Female,9240,218,30,4,1353.92,7958.13,,,,,
C001,Summer Sale,19-03-2026,Instagram,CUST02172,25-34,Female,7976,239,41,7,1051.89,12741.11,,,,,
C005,Back to College,29-05-2026,Facebook,CUST01928,35-44,Male,16624,392,59,8,1786.27,13486.81,,,,,
C004,Monsoon Offers,20-06-2026,Facebook,CUST02469,35-44,Male,12028,378,52,1,1418.11,1140.84,,,,,
C001,Summer Sale,15-08-2026,Instagram,CUST01248,45-54,Male,16398,469,64,10,2877.8,22768.36,,,,,
C008,Year End Clearance,11-03-2026,Google Ads,CUST01125,18-24,Female,13888,770,155,22,2442.11,49697.6,,,,,
C004,Monsoon Offers,20-01-2026,Facebook,CUST02321,35-44,Male,6566,198,28,3,964.62,4673.99,,,,,
C001,Summer Sale,30-07-2026,Facebook,CUST00406,35-44,Male,14119,417,63,6,1489.15,14578.42,,,,,
C007,Diwali Mega Sale,28-04-2026,Email,CUST01837,18-24,Male,4314,275,77,22,800,85079.14,,,,,
C003,New Product Launch,15-02-2026,Instagram,CUST00922,45-54,Male,9981,355,58,9,1494.5,15363.2,,,,,
C001,Summer Sale,10-02-2026,Google Ads,CUST01206,25-34,Female,13368,613,143,15,2729.85,43633.6,,,,,
C008,Year End Clearance,16-04-2026,Facebook,CUST00205,25-34,Female,6118,209,33,2,800,5696.39,,,,,
C003,New Product Launch,23-05-2026,Email,CUST00944,55+,Female,3791,216,63,13,800,19629.98,,,,,
C002,Festive Bonanza,07-05-2026,Facebook,CUST02375,35-44,Male,16993,551,71,12,2212.19,12513.92,,,,,
C006,Weekend Flash Sale,07-03-2026,Email,CUST00098,45-54,Female,5633,424,121,32,800,104266.64,,,,,
C004,Monsoon Offers,02-08-2026,Facebook,CUST01679,18-24,Male,7335,222,31,3,1192.84,3388.46,,,,,
C004,Monsoon Offers,16-06-2026,Facebook,CUST01815,45-54,Female,9530,188,27,3,1478.19,5496.97,,,,,
C002,Festive Bonanza,17-07-2026,Instagram,CUST02434,25-34,Male,8058,249,39,6,956.97,16539.71,,,,,
C004,Monsoon Offers,29-04-2026,Facebook,CUST01153,25-34,Other,16844,562,88,3,2341.88,7247.66,,,,,
C006,Weekend Flash Sale,15-08-2026,Instagram,CUST00265,45-54,Male,10129,262,34,5,1768.71,12164.34,,,,,
C002,Festive Bonanza,05-06-2026,Instagram,CUST01242,18-24,Female,7219,191,31,4,1342.25,7828.69,,,,,
C002,Festive Bonanza,05-06-2026,Instagram,CUST01071,18-24,Male,10704,369,64,4,1448.21,8527.8,,,,,
C006,Weekend Flash Sale,25-05-2026,Email,CUST00551,45-54,Female,10458,792,234,60,800,175712.69,,,,,
C003,New Product Launch,25-01-2026,Instagram,CUST00424,35-44,Male,5127,174,31,5,800,10397.19,,,,,
C007,Diwali Mega Sale,04-05-2026,YouTube,CUST01399,25-34,Male,3986,86,8,0,800,0,,,,,
C001,Summer Sale,10-08-2026,Instagram,CUST00041,18-24,Male,6607,228,39,3,1137.02,5406.21,,,,,
C003,New Product Launch,26-08-2026,Instagram,CUST01586,35-44,Male,5741,162,26,1,1019.84,1443.02,,,,,
C004,Monsoon Offers,20-08-2026,Instagram,CUST01574,35-44,Male,8429,266,54,7,1268.31,8514.81,,,,,
C006,Weekend Flash Sale,29-07-2026,Email,CUST01937,18-24,Male,8043,561,171,33,800,121647.48,,,,,
C001,Summer Sale,12-02-2026,Google Ads,CUST00404,18-24,Female,32861,1596,383,56,6098.72,141031.81,,,,,
C007,Diwali Mega Sale,08-02-2026,YouTube,CUST00397,35-44,Female,13588,289,37,6,2197.25,12509.64,,,,,
C006,Weekend Flash Sale,03-08-2026,Instagram,CUST01711,45-54,Female,11280,465,57,7,1903.37,16040.81,,,,,
C005,Back to College,13-07-2026,Facebook,CUST01843,35-44,Female,13220,386,58,10,1397.82,12486.29,,,,,
C006,Weekend Flash Sale,23-08-2026,YouTube,CUST01857,18-24,Female,9506,210,24,4,1628.86,4669.78,,,,,
C001,Summer Sale,02-05-2026,Instagram,CUST01054,25-34,Male,10496,383,62,6,1653.97,12669.14,,,,,
C008,Year End Clearance,07-01-2026,Google Ads,CUST02469,45-54,Female,16642,949,217,43,4761.68,122821.27,,,,,
C004,Monsoon Offers,27-06-2026,Google Ads,CUST01400,55+,Male,3387,120,26,2,909.68,2786.16,,,,,
C006,Weekend Flash Sale,20-07-2026,YouTube,CUST02417,18-24,Male,4026,73,7,2,800,4601.72,,,,,
C005,Back to College,29-08-2026,Google Ads,CUST00341,25-34,Female,9261,450,96,18,2118.21,45560.68,,,,,
C002,Festive Bonanza,19-08-2026,Instagram,CUST01308,45-54,Male,14686,612,87,13,1715.77,39820.93,,,,,
C001,Summer Sale,12-01-2026,Email,CUST01606,18-24,Female,8889,634,197,37,800,54506.27,,,,,
C003,New Product Launch,07-08-2026,Email,CUST00082,25-34,Male,50300,3977,1198,270,2407.38,681566.37,,,,,
C003,New Product Launch,13-01-2026,Instagram,CUST00943,35-44,Male,8863,241,41,7,1182.39,14862.77,,,,,
C007,Diwali Mega Sale,05-02-2026,Google Ads,CUST00025,35-44,Female,11875,567,122,28,2081.89,81684.64,,,,,
C008,Year End Clearance,07-07-2026,Google Ads,CUST02016,18-24,Male,3160,139,30,5,800,10889.29,,,,,
C006,Weekend Flash Sale,24-02-2026,Google Ads,CUST01051,18-24,Male,5340,256,57,12,1036.5,38891.12,,,,,
C008,Year End Clearance,10-01-2026,Instagram,CUST01480,25-34,Male,2235,96,13,2,800,4019.24,,,,,
C007,Diwali Mega Sale,23-03-2026,Instagram,CUST00354,35-44,Female,11328,288,38,10,1344.68,27682.68,,,,,
C001,Summer Sale,27-05-2026,Instagram,CUST00137,45-54,Female,10346,333,52,3,1697.02,3132.06,,,,,
C008,Year End Clearance,24-06-2026,Facebook,CUST00023,25-34,Male,8317,196,35,3,1108.99,5032,,,,,
C005,Back to College,11-04-2026,Google Ads,CUST01526,55+,Male,4047,106,22,1,1055.34,3251.24,,,,,
C008,Year End Clearance,15-06-2026,Instagram,CUST01483,35-44,Male,7509,258,59,9,1393.63,17240.03,,,,,
C004,Monsoon Offers,01-07-2026,Facebook,CUST01089,45-54,Female,6639,172,21,3,800,2791.72,,,,,
C004,Monsoon Offers,12-06-2026,Email,CUST00387,25-34,Male,4800,298,93,15,800,35758.81,,,,,
C008,Year End Clearance,23-07-2026,Google Ads,CUST01706,35-44,Male,7370,288,69,11,1586.39,29318.84,,,,,
C001,Summer Sale,08-01-2026,YouTube,CUST00225,35-44,Female,9209,156,18,0,1799.88,0,,,,,
C008,Year End Clearance,13-05-2026,Email,CUST01848,55+,Male,4477,263,70,18,800,55483.96,,,,,
C001,Summer Sale,12-04-2026,Email,CUST00216,35-44,Male,5124,361,103,18,800,38046,,,,,
C002,Festive Bonanza,16-07-2026,Facebook,CUST02494,25-34,Male,6568,177,21,0,1039.03,0,,,,,
C008,Year End Clearance,17-02-2026,Facebook,CUST01856,55+,Male,12378,365,56,2,1946.24,2954.66,,,,,
C005,Back to College,17-04-2026,Email,CUST01835,25-34,Other,6292,443,129,30,800,101608.59,,,,,
C001,Summer Sale,05-02-2026,Email,CUST01637,25-34,Male,10889,641,196,40,800,119861.69,,,,,
C006,Weekend Flash Sale,04-06-2026,Instagram,CUST01523,25-34,Male,30983,942,143,17,4931.04,26522.35,,,,,
C001,Summer Sale,19-04-2026,Google Ads,CUST01428,18-24,Male,21711,837,187,30,5639.63,66465.8,,,,,
C004,Monsoon Offers,12-03-2026,Instagram,CUST02202,45-54,Female,8348,358,53,5,1474.48,4696.03,,,,,
C008,Year End Clearance,13-06-2026,Google Ads,CUST00994,35-44,Female,9990,480,98,16,2351.35,46406.05,,,,,
C005,Back to College,23-02-2026,Instagram,CUST01350,18-24,Other,5988,162,13,2,1107.86,4993.1,,,,,
C005,Back to College,27-02-2026,Facebook,CUST00306,45-54,Male,4760,110,29,3,800,5238.7,,,,,
C006,Weekend Flash Sale,29-08-2026,YouTube,CUST00272,18-24,Male,5671,179,19,2,916.95,3883.97,,,,,
C001,Summer Sale,20-02-2026,Facebook,CUST01105,55+,Male,13930,455,75,11,1593.99,21694.56,,,,,
C006,Weekend Flash Sale,03-01-2026,Facebook,CUST00561,35-44,Male,8927,293,49,8,910.74,12375.89,,,,,
C003,New Product Launch,13-08-2026,Facebook,CUST01192,18-24,Male,7358,216,26,1,898.86,1841.76,,,,,
C008,Year End Clearance,26-02-2026,Facebook,CUST00840,25-34,Male,17440,543,75,9,2104.4,14356.74,,,,,
C001,Summer Sale,05-06-2026,Instagram,CUST02166,25-34,Female,4255,122,16,1,800,1802.69,,,,,
C007,Diwali Mega Sale,14-01-2026,Facebook,CUST02263,25-34,Male,7617,193,37,2,1037.91,4927.07,,,,,
C002,Festive Bonanza,26-06-2026,YouTube,CUST01713,25-34,Female,5386,120,16,5,1019.72,6146.06,,,,,
C005,Back to College,20-01-2026,Email,CUST00950,35-44,Female,9538,532,160,40,800,107307.72,,,,,
C003,New Product Launch,17-02-2026,Facebook,CUST01272,35-44,Male,5146,110,13,1,853.65,2348.69,,,,,
C005,Back to College,09-06-2026,YouTube,CUST02310,55+,Female,8840,173,27,3,1399.23,5958.94,,,,,
C008,Year End Clearance,12-02-2026,Google Ads,CUST02425,35-44,Male,6830,343,84,10,1893.85,17127.29,,,,,
C002,Festive Bonanza,27-02-2026,Facebook,CUST01185,35-44,Female,11787,394,53,9,1780.54,15486.51,,,,,
C001,Summer Sale,17-04-2026,Google Ads,CUST00295,25-34,Female,9144,425,85,15,2026.99,35518.76,,,,,
C004,Monsoon Offers,20-03-2026,Google Ads,CUST02140,25-34,Male,11568,631,143,13,2274.89,24313.49,,,,,
C001,Summer Sale,07-02-2026,Instagram,CUST01365,18-24,Female,5148,167,24,2,800,2988.86,,,,,
C007,Diwali Mega Sale,02-03-2026,Instagram,CUST01914,45-54,Male,12111,370,71,8,1719.21,18367.33,,,,,
C006,Weekend Flash Sale,28-03-2026,Facebook,CUST02124,45-54,Male,46253,1735,232,26,5050.12,36328.94,,,,,
C008,Year End Clearance,17-08-2026,Email,CUST00646,45-54,Female,2882,203,42,10,800,23039.66,,,,,
C007,Diwali Mega Sale,07-05-2026,Google Ads,CUST00147,25-34,Male,7438,345,77,14,1563.23,41181.28,,,,,
C001,Summer Sale,25-06-2026,Facebook,CUST00239,18-24,Male,7445,167,20,2,1203.92,3437.54,,,,,
C001,Summer Sale,20-06-2026,YouTube,CUST00251,25-34,Male,4037,120,16,2,848.78,4415.96,,,,,
C008,Year End Clearance,18-04-2026,Google Ads,CUST01223,25-34,Female,5767,250,47,7,1354.11,13599.48,,,,,
C005,Back to College,20-01-2026,Email,CUST01984,55+,Female,10058,520,167,36,800,104711.25,,,,,
C008,Year End Clearance,02-04-2026,YouTube,CUST00671,45-54,Male,5980,141,13,2,1141.24,2765,,,,,
C004,Monsoon Offers,05-07-2026,Instagram,CUST02449,25-34,Male,11978,497,84,8,1987.85,11909.3,,,,,
C008,Year End Clearance,09-02-2026,Instagram,CUST00955,45-54,Male,15039,565,87,11,2773,28768,,,,,
C003,New Product Launch,10-08-2026,Email,CUST02109,25-34,Female,2720,189,55,14,800,31734.75,,,,,
C006,Weekend Flash Sale,11-04-2026,Facebook,CUST02388,25-34,Female,10854,201,26,5,1749.64,13422.09,,,,,
C006,Weekend Flash Sale,08-01-2026,Google Ads,CUST02379,45-54,Male,7625,363,71,11,2158.13,36760.79,,,,,
C005,Back to College,22-07-2026,Facebook,CUST02047,18-24,Female,10216,322,40,8,1320.42,8982.9,,,,,
C005,Back to College,20-06-2026,Facebook,CUST02122,18-24,Male,3978,138,20,3,800,5894.64,,,,,
C002,Festive Bonanza,23-04-2026,Facebook,CUST02218,35-44,Male,8635,203,24,3,1276.98,6927.95,,,,,
C003,New Product Launch,12-03-2026,Facebook,CUST02241,18-24,Male,18728,715,88,11,2780.65,20482.89,,,,,
C006,Weekend Flash Sale,15-06-2026,Facebook,CUST00090,25-34,Female,3604,89,13,1,800,1694.81,,,,,
C008,Year End Clearance,02-07-2026,YouTube,CUST01168,35-44,Male,6985,153,22,4,1021.69,6419.18,,,,,
C005,Back to College,27-08-2026,Email,CUST01231,45-54,Female,6741,464,135,23,800,53911.52,,,,,
C002,Festive Bonanza,15-01-2026,Google Ads,CUST02041,55+,Female,3820,205,49,8,815.04,19035.36,,,,,
C008,Year End Clearance,26-01-2026,Email,CUST01362,25-34,Male,3118,199,56,12,800,22658.06,,,,,
C001,Summer Sale,11-08-2026,Instagram,CUST00991,25-34,Male,13763,369,59,7,2338.16,11076.37,,,,,
C002,Festive Bonanza,23-03-2026,Google Ads,CUST00845,35-44,Male,17779,771,176,34,5012.19,93705.05,,,,,
C002,Festive Bonanza,23-02-2026,Email,CUST02044,25-34,Female,4490,265,83,16,800,45855.4,,,,,
C005,Back to College,13-03-2026,YouTube,CUST01854,18-24,Female,6682,168,24,4,1007.39,5210.02,,,,,
C002,Festive Bonanza,07-05-2026,YouTube,CUST02436,18-24,Male,13026,302,30,1,2328.42,2835.55,,,,,
C005,Back to College,13-03-2026,Email,CUST01800,55+,Male,13469,1038,313,86,817.88,344390.49,,,,,
C008,Year End Clearance,17-06-2026,Instagram,CUST01491,35-44,Male,7668,268,39,7,955.06,20206.48,,,,,
C002,Festive Bonanza,01-02-2026,Google Ads,CUST01807,25-34,Male,10134,524,107,22,1993.76,76369.46,,,,,
C008,Year End Clearance,27-06-2026,Instagram,CUST00614,18-24,Male,9879,403,53,8,1802.82,15016.26,,,,,
C001,Summer Sale,03-07-2026,Facebook,CUST01052,45-54,Male,10745,334,50,3,1409.09,4990.88,,,,,
C007,Diwali Mega Sale,04-08-2026,Email,CUST02418,55+,Female,4499,269,91,24,800,89764.66,,,,,
C008,Year End Clearance,30-07-2026,Instagram,CUST00152,45-54,Male,12701,331,42,8,1727.85,11235.94,,,,,
C006,Weekend Flash Sale,29-05-2026,Email,CUST00985,45-54,Male,14886,925,291,75,800,129041.85,,,,,
C003,New Product Launch,08-08-2026,Email,CUST00739,35-44,Male,7948,617,176,31,800,83784.18,,,,,
C006,Weekend Flash Sale,18-04-2026,Email,CUST00844,45-54,Male,12471,862,258,66,800,204613.8,,,,,
C001,Summer Sale,02-07-2026,Facebook,CUST00278,25-34,Male,11699,228,22,2,1470.83,2799.4,,,,,
C001,Summer Sale,28-08-2026,Email,CUST00590,45-54,Male,15852,976,289,63,949.98,121963.11,,,,,
C007,Diwali Mega Sale,26-01-2026,YouTube,CUST00986,25-34,Female,9782,222,20,2,1423.01,5306.53,,,,,
C001,Summer Sale,28-05-2026,Facebook,CUST01636,35-44,Male,9762,260,33,2,1178.18,3387.94,,,,,
C008,Year End Clearance,09-07-2026,Email,CUST01412,25-34,Female,9742,739,209,55,800,118414.08,,,,,
C002,Festive Bonanza,27-04-2026,Google Ads,CUST00423,35-44,Male,22842,1064,242,62,6157.85,149975.82,,,,,
C008,Year End Clearance,21-07-2026,Instagram,CUST01236,18-24,Male,17819,604,89,14,2593.43,27460.75,,,,,
C005,Back to College,03-01-2026,Email,CUST01417,35-44,Male,5255,250,70,14,800,38389.87,,,,,
C004,Monsoon Offers,22-04-2026,Google Ads,CUST00495,35-44,Male,8047,316,70,5,2160.77,12069.87,,,,,
C002,Festive Bonanza,16-03-2026,Email,CUST00784,35-44,Female,7354,451,144,34,800,103653.11,,,,,
C007,Diwali Mega Sale,04-03-2026,YouTube,CUST00892,25-34,Male,6470,149,24,1,1135.52,2215.11,,,,,
C008,Year End Clearance,12-03-2026,Instagram,CUST02029,45-54,Male,7309,232,36,5,1224.57,12594.8,,,,,
C002,Festive Bonanza,16-01-2026,Instagram,CUST00950,18-24,Female,5323,166,32,7,800,12837.99,,,,,
C007,Diwali Mega Sale,28-05-2026,Facebook,CUST01033,25-34,Female,4082,132,12,5,800,10804.07,,,,,
C007,Diwali Mega Sale,27-05-2026,Email,CUST00490,45-54,Male,15979,1075,337,98,907.07,342026.28,,,,,
C003,New Product Launch,19-05-2026,Instagram,CUST00887,18-24,Male,11390,261,39,6,1957.48,12450.48,,,,,
C004,Monsoon Offers,03-06-2026,Google Ads,CUST00818,35-44,Male,17170,620,128,18,3506.65,31725.59,,,,,
C008,Year End Clearance,15-04-2026,Instagram,CUST01398,18-24,Female,13317,459,76,10,2425.88,15263.12,,,,,
C004,Monsoon Offers,10-01-2026,Google Ads,CUST01888,45-54,Male,20767,931,208,34,4532.54,61447.59,,,,,
C007,Diwali Mega Sale,18-05-2026,YouTube,CUST01893,35-44,Female,18122,367,46,7,3914.78,19928.83,,,,,
C001,Summer Sale,28-05-2026,Email,CUST02342,25-34,Female,5516,324,87,20,800,51089.19,,,,,
C008,Year End Clearance,25-05-2026,Facebook,CUST00681,25-34,Male,26047,853,112,6,3204.67,10920.22,,,,,
C006,Weekend Flash Sale,03-08-2026,Google Ads,CUST00800,45-54,Male,12514,818,180,26,2295.33,49537.17,,,,,
C007,Diwali Mega Sale,22-07-2026,Email,CUST02102,45-54,Other,7643,618,184,51,800,184570.32,,,,,
C003,New Product Launch,18-04-2026,Facebook,CUST02260,35-44,Male,8954,283,43,4,1174.36,7874.39,,,,,
C004,Monsoon Offers,31-03-2026,YouTube,CUST01050,25-34,Female,10854,287,33,6,1976.4,10129.32,,,,,
C006,Weekend Flash Sale,18-08-2026,Instagram,CUST01393,35-44,Male,10826,399,60,9,1509.11,19499.17,,,,,
C006,Weekend Flash Sale,26-04-2026,Instagram,CUST00260,25-34,Male,8220,147,32,4,963,6230.17,,,,,
C004,Monsoon Offers,04-02-2026,Google Ads,CUST00798,25-34,Female,8308,456,107,15,1829.59,22449.79,,,,,
C002,Festive Bonanza,15-05-2026,YouTube,CUST01520,35-44,Female,11223,221,29,2,1574.26,3792.82,,,,,
C006,Weekend Flash Sale,08-07-2026,Instagram,CUST00291,18-24,Female,10403,223,38,5,1326.98,14608.01,,,,,
C004,Monsoon Offers,30-06-2026,Facebook,CUST00255,55+,Female,6254,183,26,3,1028.32,4263.87,,,,,
C001,Summer Sale,12-01-2026,Google Ads,CUST00862,18-24,Other,6178,258,65,11,1706.84,17313.93,,,,,
C003,New Product Launch,11-01-2026,Google Ads,CUST00580,18-24,Female,6682,241,43,2,1342.75,5062.9,,,,,
C007,Diwali Mega Sale,08-08-2026,YouTube,CUST00179,35-44,Male,19345,490,59,7,2896,13615.79,,,,,
C006,Weekend Flash Sale,07-02-2026,Instagram,CUST00589,55+,Male,6624,199,28,4,1239.31,6703.06,,,,,
C006,Weekend Flash Sale,12-03-2026,Email,CUST02063,35-44,Male,9241,716,226,53,800,175167.88,,,,,
C004,Monsoon Offers,20-06-2026,Instagram,CUST00134,35-44,Male,13490,434,61,7,1933.24,9387.81,,,,,
C008,Year End Clearance,08-08-2026,Facebook,CUST00814,55+,Female,9216,332,40,2,1317.27,3516.14,,,,,
C007,Diwali Mega Sale,27-08-2026,Email,CUST01138,35-44,Male,4270,242,67,15,800,52393.39,,,,,
C004,Monsoon Offers,27-05-2026,YouTube,CUST01564,45-54,Male,9777,195,24,2,1777.12,2125.85,,,,,
C004,Monsoon Offers,02-08-2026,Facebook,CUST00085,25-34,Female,21939,408,73,5,3192.64,,,,,,
C003,New Product Launch,29-07-2026,YouTube,CUST01327,18-24,Female,10742,288,29,2,1855.35,3441.74,,,,,
C002,Festive Bonanza,16-03-2026,Instagram,CUST02297,25-34,Female,35644,975,157,25,4976.74,45186.71,,,,,
C003,New Product Launch,16-08-2026,Email,CUST00153,18-24,Male,14986,1007,299,64,800,139398.02,,,,,
C006,Weekend Flash Sale,11-03-2026,YouTube,CUST01888,45-54,Female,4981,120,15,1,1059.52,2035.73,,,,,
C002,Festive Bonanza,16-01-2026,Email,CUST00143,18-24,Male,31792,1534,431,118,1513.45,290269.87,,,,,
C005,Back to College,13-06-2026,Google Ads,CUST00376,25-34,Female,11475,692,157,33,2179.19,69290.18,,,,,
C004,Monsoon Offers,28-07-2026,Instagram,CUST00493,35-44,Male,4208,155,24,3,800,4145.49,,,,,
C007,Diwali Mega Sale,08-05-2026,Email,CUST02264,45-54,Male,4105,305,85,26,800,66465.14,,,,,
C003,New Product Launch,08-08-2026,Instagram,CUST01578,25-34,Male,10635,346,48,5,1239.33,6915.04,,,,,
C006,Weekend Flash Sale,11-05-2026,Instagram,CUST01099,45-54,Female,13293,423,64,6,2198.37,14771.33,,,,,
C008,Year End Clearance,04-02-2026,Facebook,CUST00379,35-44,Female,8657,225,34,6,1449.91,10460.75,,,,,
C005,Back to College,17-01-2026,Instagram,CUST01048,18-24,Male,2395,59,13,1,800,1645.43,,,,,
C005,Back to College,04-08-2026,Instagram,CUST01512,25-34,Female,9073,316,55,7,1320.57,14325.94,,,,,
C006,Weekend Flash Sale,01-04-2026,Google Ads,CUST02358,25-34,Female,15935,741,162,22,4454.55,68704.24,,,,,
C006,Weekend Flash Sale,19-08-2026,YouTube,CUST02373,25-34,Female,16523,233,22,3,2993.44,7248.39,,,,,
C003,New Product Launch,18-01-2026,Google Ads,CUST02375,55+,Female,6576,302,68,20,1310.36,30109.6,,,,,
C002,Festive Bonanza,23-04-2026,Instagram,CUST02061,18-24,Female,14450,536,78,6,2501.37,13764,,,,,
C002,Festive Bonanza,26-08-2026,YouTube,CUST00052,45-54,Female,3221,80,6,0,800,0,,,,,
C008,Year End Clearance,29-08-2026,Instagram,CUST00536,25-34,Female,6169,193,22,3,1082.66,8753.85,,,,,
C006,Weekend Flash Sale,05-08-2026,Instagram,CUST01231,45-54,Female,5236,123,16,3,802.93,5739.84,,,,,
C003,New Product Launch,21-01-2026,YouTube,CUST01973,18-24,Female,3964,75,9,0,821.61,0,,,,,
C002,Festive Bonanza,15-07-2026,Instagram,CUST01230,25-34,Female,10235,273,44,6,1218.56,13969.1,,,,,
C005,Back to College,23-01-2026,Google Ads,CUST01434,18-24,Female,13881,647,142,25,3384.57,35831.52,,,,,
C003,New Product Launch,03-02-2026,Google Ads,CUST01633,55+,Male,2421,123,25,3,800,7390.13,,,,,
C007,Diwali Mega Sale,07-06-2026,Email,CUST01764,25-34,Female,11536,759,200,57,800,105253.91,,,,,
C005,Back to College,03-08-2026,Instagram,CUST02492,18-24,Male,6732,220,43,3,907.8,5054.43,,,,,
C005,Back to College,06-04-2026,Email,CUST00889,25-34,Male,5834,366,108,23,800,51963.6,,,,,
C001,Summer Sale,26-06-2026,Instagram,CUST00157,25-34,Male,16124,596,95,9,2713.55,24635.09,,,,,
C001,Summer Sale,23-06-2026,Facebook,CUST00092,35-44,Male,3307,108,17,3,800,3670.91,,,,,
C008,Year End Clearance,03-03-2026,Email,CUST01153,18-24,Female,15946,887,287,64,986.05,225822.09,,,,,
C007,Diwali Mega Sale,09-03-2026,Google Ads,CUST01538,25-34,Female,9254,449,110,20,1597.32,73633.17,,,,,
C004,Monsoon Offers,20-01-2026,Facebook,CUST01723,55+,Male,4660,156,29,3,800,4547.25,,,,,
C002,Festive Bonanza,03-05-2026,Instagram,CUST01270,35-44,Female,16992,518,74,14,2143.31,25759.18,,,,,
C005,Back to College,11-05-2026,Google Ads,CUST02141,25-34,Male,7798,371,79,11,1428.3,28514.69,,,,,
C002,Festive Bonanza,25-05-2026,Facebook,CUST00963,25-34,Male,27130,927,122,17,3850.2,53822.25,,,,,
C005,Back to College,01-08-2026,Facebook,CUST02260,25-34,Male,4827,146,14,3,800,2901.2,,,,,
C002,Festive Bonanza,08-07-2026,Facebook,CUST01580,25-34,Male,6446,182,23,2,800,3302.97,,,,,
C004,Monsoon Offers,06-04-2026,Google Ads,CUST01996,25-34,Female,2101,112,20,0,800,0,,,,,
C005,Back to College,18-07-2026,Facebook,CUST01256,55+,Female,7912,190,25,4,988.12,8164.25,,,,,
C007,Diwali Mega Sale,19-05-2026,Facebook,CUST00194,55+,Male,10399,366,41,8,1250.79,20429.39,,,,,
C008,Year End Clearance,16-05-2026,Instagram,CUST01554,45-54,Male,3682,119,20,3,800,6405.65,,,,,
C005,Back to College,06-08-2026,Instagram,CUST01228,18-24,Male,3647,123,25,4,800,9628.76,,,,,
C002,Festive Bonanza,07-01-2026,YouTube,CUST01064,25-34,Female,5042,127,17,4,1132.41,5426.83,,,,,
C007,Diwali Mega Sale,31-05-2026,Google Ads,CUST00990,35-44,Female,7486,301,61,18,1625.34,58375.38,,,,,
C005,Back to College,14-08-2026,Email,CUST01869,25-34,Male,25953,1335,394,89,1243.46,172732.32,,,,,
C005,Back to College,02-03-2026,Instagram,CUST01333,18-24,Male,3497,102,17,2,800,2911.7,,,,,
C004,Monsoon Offers,08-04-2026,Google Ads,CUST02416,55+,Male,24052,1215,263,36,4511.48,75690.38,,,,,
C008,Year End Clearance,08-04-2026,Instagram,CUST00689,35-44,Male,19777,685,104,15,2348.36,35884.01,,,,,
C007,Diwali Mega Sale,17-03-2026,Instagram,CUST01335,18-24,Male,7535,264,51,7,1131.8,19731.64,,,,,
C006,Weekend Flash Sale,10-04-2026,Google Ads,CUST01492,45-54,Female,15490,599,125,23,2991.18,58273.21,,,,,
C002,Festive Bonanza,07-08-2026,Instagram,CUST01468,35-44,Male,18092,650,101,14,3305.17,20925.86,,,,,
C005,Back to College,07-04-2026,Facebook,CUST00446,25-34,Male,7308,116,22,6,991,10332.78,,,,,
C006,Weekend Flash Sale,05-01-2026,Email,CUST01813,35-44,Female,6175,312,91,21,800,48036.71,,,,,
C007,Diwali Mega Sale,17-07-2026,Facebook,CUST01395,25-34,Female,7770,206,30,5,1280.96,16142.34,,,,,
C003,New Product Launch,04-03-2026,Instagram,CUST00574,35-44,Male,26731,1233,223,28,4216.64,60896.9,,,,,
C002,Festive Bonanza,30-07-2026,Google Ads,CUST00780,18-24,Male,3879,185,44,10,800,13413.01,,,,,
C008,Year End Clearance,04-05-2026,Facebook,CUST01170,45-54,Female,15285,548,76,10,1948.71,18085.2,,,,,
C001,Summer Sale,28-06-2026,Instagram,CUST00594,25-34,Female,6405,139,20,3,800,4124.86,,,,,
C008,Year End Clearance,15-05-2026,Google Ads,CUST01721,18-24,Male,9384,527,128,27,2029.78,58935.71,,,,,
C005,Back to College,06-05-2026,Facebook,CUST00418,45-54,Female,8945,250,36,5,1234.63,10270.36,,,,,
C007,Diwali Mega Sale,21-02-2026,Facebook,CUST00325,35-44,Female,4778,140,17,3,800,5522.69,,,,,
C006,Weekend Flash Sale,04-06-2026,Email,CUST02310,35-44,Female,3641,232,69,18,800,51843.07,,,,,
C003,New Product Launch,20-05-2026,Facebook,CUST00728,45-54,Male,16767,693,101,4,1992.72,8723.69,,,,,
C002,Festive Bonanza,11-06-2026,Facebook,CUST00839,25-34,Male,9711,276,36,4,1090.45,6580.58,,,,,
C006,Weekend Flash Sale,10-05-2026,Facebook,CUST02262,35-44,Female,8952,221,19,4,957.91,7488.82,,,,,
C007,Diwali Mega Sale,25-06-2026,Google Ads,CUST01324,45-54,Female,16546,785,181,40,2948.01,125761.7,,,,,
C002,Festive Bonanza,06-07-2026,Email,CUST00471,45-54,Male,11550,336,113,26,800,86223.15,,,,,
C006,Weekend Flash Sale,04-06-2026,Facebook,CUST02069,25-34,Female,18473,596,79,12,2604.04,23221.12,,,,,
C002,Festive Bonanza,24-08-2026,Email,CUST00970,18-24,Female,13727,917,295,79,823.88,258594.41,,,,,
C008,Year End Clearance,15-01-2026,Instagram,CUST00123,18-24,Female,15066,564,91,14,2261.08,24812.52,,,,,
C006,Weekend Flash Sale,19-05-2026,Email,CUST00456,25-34,Male,7967,624,174,39,800,108514.03,,,,,
C004,Monsoon Offers,08-06-2026,Google Ads,CUST02062,55+,Male,10541,449,82,10,2659.43,19462.98,,,,,
C001,Summer Sale,09-05-2026,Email,CUST00948,25-34,Female,3640,273,101,12,800,35498.35,,,,,
C008,Year End Clearance,24-08-2026,Google Ads,CUST01837,45-54,Female,6320,300,62,8,1204.13,17452.93,,,,,
C003,New Product Launch,06-08-2026,Email,CUST00115,45-54,Male,3583,239,91,20,800,61101.74,,,,,
C005,Back to College,25-02-2026,Instagram,CUST00547,25-34,Female,11625,466,71,6,1453.28,13129.6,,,,,
C005,Back to College,27-07-2026,Google Ads,CUST00914,25-34,Male,15813,919,198,39,4179.91,109041.64,,,,,
C008,Year End Clearance,29-01-2026,Instagram,CUST01415,18-24,Female,7579,197,30,3,1032.1,6825.55,,,,,
C007,Diwali Mega Sale,23-03-2026,Instagram,CUST00754,18-24,Male,13155,328,54,12,1745.96,27607.44,,,,,
C004,Monsoon Offers,08-01-2026,Google Ads,CUST00812,35-44,Male,5631,273,67,8,1031.27,14378.92,,,,,
C003,New Product Launch,25-01-2026,YouTube,CUST01165,45-54,Female,11185,207,25,1,2125.18,1514.07,,,,,
C006,Weekend Flash Sale,21-05-2026,YouTube,CUST01539,25-34,Male,22209,607,75,9,3832.48,14130.37,,,,,
C008,Year End Clearance,13-02-2026,Google Ads,CUST00278,25-34,Female,5088,211,53,10,1430.91,18917.16,,,,,
C002,Festive Bonanza,16-06-2026,Google Ads,CUST00169,18-24,Male,26706,954,199,34,4769.27,85692.53,,,,,
C005,Back to College,24-05-2026,YouTube,CUST01712,25-34,Male,23428,494,58,5,5091.74,9910.04,,,,,
C003,New Product Launch,20-02-2026,Facebook,CUST01687,25-34,Female,8320,228,30,5,1366.7,12200.54,,,,,
C003,New Product Launch,22-08-2026,YouTube,CUST00704,35-44,Female,4483,129,14,1,1003.84,2383.41,,,,,
C006,Weekend Flash Sale,28-08-2026,Email,CUST01014,18-24,Female,6095,360,112,39,800,117056.9,,,,,
C005,Back to College,19-03-2026,Google Ads,CUST01461,35-44,Female,18159,717,141,29,4784.91,84609.52,,,,,
C001,Summer Sale,10-03-2026,Email,CUST00611,35-44,Female,6599,457,132,17,800,41965.24,,,,,
C002,Festive Bonanza,22-06-2026,Google Ads,CUST00341,25-34,Male,10055,411,101,21,1933.82,49583.7,,,,,
C003,New Product Launch,04-04-2026,Facebook,CUST02309,35-44,Female,15166,452,48,6,2369.89,10450.4,,,,,
C005,Back to College,08-02-2026,Email,CUST01625,18-24,Female,12352,720,205,45,800,97400.7,,,,,
C008,Year End Clearance,26-05-2026,Facebook,CUST01799,25-34,Female,12937,325,33,1,1477.25,1246.22,,,,,
C003,New Product Launch,22-05-2026,Email,CUST00605,25-34,Male,1478,83,29,5,800,17398.43,,,,,
C003,New Product Launch,03-02-2026,YouTube,CUST00596,25-34,Other,7569,160,19,1,1491.57,2073.97,,,,,
C008,Year End Clearance,12-01-2026,YouTube,CUST02069,55+,Female,5578,105,10,2,800,4302.36,,,,,
C001,Summer Sale,14-02-2026,Email,CUST02274,35-44,Female,7110,484,155,35,800,89986.48,,,,,
C002,Festive Bonanza,19-04-2026,Google Ads,CUST01727,55+,Female,9381,469,100,13,1740.83,37009.28,,,,,
C007,Diwali Mega Sale,15-01-2026,Google Ads,CUST00415,35-44,Female,12592,538,107,23,2854.63,81156.19,,,,,
C008,Year End Clearance,17-08-2026,Email,CUST02487,18-24,Female,11914,614,187,38,817.65,111959.22,,,,,
C008,Year End Clearance,21-05-2026,Instagram,CUST01093,25-34,Male,28420,936,138,12,4980.12,23913.54,,,,,
C006,Weekend Flash Sale,20-05-2026,Google Ads,CUST00612,35-44,Female,9267,578,135,16,1982.32,31999.87,,,,,
C008,Year End Clearance,03-02-2026,Facebook,CUST01071,18-24,Male,7287,197,35,4,893.02,9922.96,,,,,
C008,Year End Clearance,25-08-2026,YouTube,CUST02357,25-34,Female,12951,310,44,6,2572.72,8388.41,,,,,
C006,Weekend Flash Sale,18-08-2026,Google Ads,CUST01514,45-54,Female,4748,265,58,12,1174.34,34229.93,,,,,
C007,Diwali Mega Sale,18-07-2026,Facebook,CUST02414,25-34,Male,2069,60,3,0,800,0,,,,,
C002,Festive Bonanza,31-08-2026,Instagram,CUST01791,45-54,Male,12418,527,97,18,2273.31,21083.65,,,,,
C007,Diwali Mega Sale,13-08-2026,Google Ads,CUST01738,35-44,Male,5961,216,56,14,1517.46,48348.36,,,,,
C006,Weekend Flash Sale,11-02-2026,YouTube,CUST00137,18-24,Female,4170,98,14,1,856.78,1984.86,,,,,
C003,New Product Launch,15-02-2026,Facebook,CUST00038,35-44,Male,16283,507,74,7,1862.39,7164.69,,,,,
C006,Weekend Flash Sale,01-05-2026,YouTube,CUST01677,25-34,Female,12553,291,30,3,2269.38,5772.03,,,,,
C007,Diwali Mega Sale,09-05-2026,Google Ads,CUST00056,35-44,Male,5997,302,64,16,1342.61,58782.62,,,,,
C005,Back to College,05-02-2026,Facebook,CUST00345,25-34,Female,8627,147,16,2,1356.93,2796.57,,,,,
C001,Summer Sale,12-08-2026,Google Ads,CUST00665,18-24,Male,10176,565,123,21,2407.48,38163.74,,,,,
C006,Weekend Flash Sale,21-02-2026,Facebook,CUST01313,35-44,Other,15206,426,46,9,1748.49,13602.12,,,,,
C001,Summer Sale,30-04-2026,Facebook,CUST00166,25-34,Female,5809,185,21,1,935.54,2217.82,,,,,
C006,Weekend Flash Sale,20-06-2026,Email,CUST00116,18-24,Female,14404,680,200,42,800,112517.65,,,,,
C006,Weekend Flash Sale,08-01-2026,Facebook,CUST01358,35-44,Male,8871,256,26,3,1089.98,3728.69,,,,,
C002,Festive Bonanza,08-05-2026,Email,CUST00158,55+,Female,22862,1286,385,104,1275.13,263173.11,,,,,
C003,New Product Launch,30-06-2026,YouTube,CUST00083,55+,Female,8676,142,15,0,1722.52,0,,,,,
C004,Monsoon Offers,25-01-2026,Instagram,CUST01927,25-34,Male,4187,114,21,4,800,7080.02,,,,,
C007,Diwali Mega Sale,07-04-2026,Google Ads,CUST01420,18-24,Female,10949,550,125,28,2482.63,93772.03,,,,,
C005,Back to College,19-01-2026,Google Ads,CUST00967,25-34,Male,10171,572,124,24,2793.48,56649.21,,,,,
C003,New Product Launch,11-03-2026,YouTube,CUST00165,25-34,Male,4763,120,12,0,800,0,,,,,
C004,Monsoon Offers,22-02-2026,Email,CUST00598,35-44,Female,3419,190,65,13,800,34855.06,,,,,
C008,Year End Clearance,08-08-2026,Instagram,CUST00520,35-44,Male,10300,297,46,8,1509.43,14987.7,,,,,
C006,Weekend Flash Sale,10-07-2026,Instagram,CUST02060,25-34,Male,3876,125,24,3,800,8080.18,,,,,
C006,Weekend Flash Sale,23-07-2026,Email,CUST00023,18-24,Male,9796,592,188,45,800,166934.3,,,,,
C006,Weekend Flash Sale,23-07-2026,Google Ads,CUST02316,25-34,Male,12749,482,97,23,3060.37,45546.25,,,,,
C004,Monsoon Offers,15-01-2026,Facebook,CUST01795,35-44,Male,8928,201,24,4,1163.66,5795.46,,,,,
C002,Festive Bonanza,14-08-2026,Google Ads,CUST01067,25-34,Female,4233,188,42,11,1098.59,22697.21,,,,,
C006,Weekend Flash Sale,09-05-2026,Instagram,CUST01310,25-34,Male,10352,418,63,10,1178.3,31542.41,,,,,
C002,Festive Bonanza,20-06-2026,Instagram,CUST00387,18-24,Male,21994,775,120,15,3416.57,28839.82,,,,,
C004,Monsoon Offers,22-01-2026,Google Ads,CUST00802,45-54,Male,5464,210,40,4,1024.51,6122.9,,,,,
C008,Year End Clearance,06-02-2026,Facebook,CUST00487,45-54,Female,13985,349,60,7,1627.06,15907.71,,,,,
C008,Year End Clearance,06-02-2026,Google Ads,CUST01997,18-24,Female,9861,382,72,12,2026.94,15406.9,,,,,
C007,Diwali Mega Sale,07-08-2026,Email,CUST01186,55+,Female,12032,670,233,47,800,156633.52,,,,,
C006,Weekend Flash Sale,23-07-2026,Google Ads,CUST00819,25-34,Male,10336,452,105,17,2649.76,45618.03,,,,,
C005,Back to College,25-03-2026,Instagram,CUST01089,18-24,Male,10886,297,50,8,1892.62,15886.17,,,,,
C008,Year End Clearance,28-02-2026,Instagram,CUST01937,35-44,Male,6160,195,23,4,1038.44,7440.61,,,,,
C008,Year End Clearance,21-05-2026,Email,CUST02101,25-34,Male,9204,439,130,29,800,57208.74,,,,,
C006,Weekend Flash Sale,25-04-2026,Email,CUST01578,25-34,Male,16079,1002,290,61,1023.44,157563.49,,,,,
C001,Summer Sale,24-05-2026,Google Ads,CUST00668,25-34,Female,6347,248,45,7,1608.84,15246.1,,,,,
C001,Summer Sale,02-07-2026,Google Ads,CUST01156,25-34,Male,5224,227,54,12,1385.78,16494,,,,,
C004,Monsoon Offers,03-01-2026,YouTube,CUST01260,18-24,Female,7101,177,30,1,1096.27,1480.51,,,,,
C003,New Product Launch,04-01-2026,Facebook,CUST00870,25-34,Male,26891,886,113,9,3497.98,11385.5,,,,,
C002,Festive Bonanza,24-07-2026,Facebook,CUST01737,45-54,Male,7724,216,28,1,1174.5,1857.03,,,,,
C008,Year End Clearance,05-05-2026,Google Ads,CUST01292,45-54,Male,3609,145,31,9,983.91,31473.97,,,,,
C005,Back to College,18-07-2026,Facebook,CUST01295,18-24,Male,6056,176,28,5,928.44,7067.5,,,,,
C002,Festive Bonanza,02-02-2026,YouTube,CUST01817,45-54,Male,6331,107,7,2,991.84,4414.26,,,,,
C002,Festive Bonanza,23-03-2026,Instagram,CUST00010,25-34,Male,8283,294,43,5,1061.2,11300.47,,,,,
C002,Festive Bonanza,03-06-2026,Google Ads,CUST02327,18-24,Female,7864,355,88,19,1914.43,45030.21,,,,,
C005,Back to College,20-05-2026,Instagram,CUST01726,25-34,Female,13756,585,87,16,1942.75,38377.97,,,,,
C001,Summer Sale,28-07-2026,Facebook,CUST00281,25-34,Male,7556,139,24,2,1048.58,2373.78,,,,,
C007,Diwali Mega Sale,14-01-2026,Facebook,CUST01245,18-24,Male,2507,72,9,1,800,1806.49,,,,,
C002,Festive Bonanza,09-03-2026,Facebook,CUST02432,55+,Male,8135,228,28,1,1147.72,1156.37,,,,,
C003,New Product Launch,21-02-2026,Google Ads,CUST01375,25-34,Male,10004,475,123,18,1802.76,31632.86,,,,,
C002,Festive Bonanza,08-02-2026,YouTube,CUST01182,18-24,Female,5541,138,15,0,1097.62,0,,,,,
C006,Weekend Flash Sale,05-07-2026,Email,CUST02266,25-34,Female,7255,342,104,20,800,46612.32,,,,,
C001,Summer Sale,31-01-2026,Google Ads,CUST01863,35-44,Male,7256,482,122,14,1507.16,21137.58,,,,,
C002,Festive Bonanza,19-03-2026,Instagram,CUST00107,25-34,Male,13334,470,82,13,2124.3,20788.8,,,,,
C006,Weekend Flash Sale,29-03-2026,Instagram,CUST01277,25-34,Male,19113,522,82,9,2737.31,19540.95,,,,,
C007,Diwali Mega Sale,02-01-2026,YouTube,CUST02041,18-24,Female,13281,340,33,6,2553.07,17612.67,,,,,
C006,Weekend Flash Sale,18-06-2026,Google Ads,CUST01363,18-24,Female,3483,126,23,3,804.74,7985.04,,,,,
C001,Summer Sale,12-03-2026,Google Ads,CUST00987,25-34,Other,5034,333,64,11,910.71,14453.07,,,,,
C002,Festive Bonanza,31-01-2026,YouTube,CUST01692,25-34,Male,10999,274,28,5,1646.12,12265.85,,,,,
C002,Festive Bonanza,19-05-2026,Email,CUST01098,25-34,Female,10677,832,241,54,800,159579.66,,,,,
C002,Festive Bonanza,14-08-2026,Email,CUST01088,18-24,Female,7269,505,150,37,800,82512.44,,,,,
C001,Summer Sale,04-08-2026,Instagram,CUST02048,25-34,Female,10956,401,67,9,1291.7,20313.16,,,,,
C003,New Product Launch,15-07-2026,Instagram,CUST00977,18-24,Male,3140,115,28,1,800,1974.04,,,,,
C001,Summer Sale,08-08-2026,YouTube,CUST00214,18-24,Male,8570,185,29,3,1428.69,3403.47,,,,,
C007,Diwali Mega Sale,21-02-2026,Email,CUST00473,25-34,Male,21571,1197,357,98,1447.79,300633.81,,,,,
C008,Year End Clearance,01-05-2026,Email,CUST00147,55+,Male,8447,532,160,30,800,76529.66,,,,,
C005,Back to College,03-05-2026,Google Ads,CUST01026,25-34,Female,3495,144,36,7,877.75,23728.02,,,,,
C002,Festive Bonanza,22-07-2026,Facebook,CUST01567,18-24,Other,9005,198,32,4,1080.87,4853.94,,,,,
C003,New Product Launch,06-08-2026,Google Ads,CUST02182,35-44,Female,5094,250,47,4,931.16,5676.68,,,,,
C003,New Product Launch,23-03-2026,YouTube,CUST01195,25-34,Female,5476,118,13,1,970.49,1516.88,,,,,
C001,Summer Sale,15-03-2026,Facebook,CUST01002,35-44,Female,4203,119,22,1,800,1617.44,,,,,
C004,Monsoon Offers,30-08-2026,Instagram,CUST01755,55+,Male,7240,234,34,3,1182.1,5572.28,,,,,
C005,Back to College,01-03-2026,Email,CUST02499,25-34,Female,8278,360,112,23,800,70098.01,,,,,
C005,Back to College,08-06-2026,Instagram,CUST00080,18-24,Male,21262,758,119,10,3548.86,18743.39,,,,,
C005,Back to College,13-08-2026,Instagram,CUST02296,55+,Male,8387,280,45,8,1077.43,19975.8,,,,,
C001,Summer Sale,07-02-2026,Instagram,CUST01506,25-34,Male,26768,971,152,26,4556.53,44926.48,,,,,
C007,Diwali Mega Sale,12-01-2026,Instagram,CUST00833,45-54,Female,9476,180,27,5,1482.08,15911.81,,,,,
C007,Diwali Mega Sale,30-03-2026,Instagram,CUST00918,25-34,Male,13216,500,88,9,2072.52,29819.75,,,,,
C002,Festive Bonanza,17-01-2026,Email,CUST00892,25-34,Male,5545,387,112,27,800,80087.37,,,,,
C005,Back to College,02-02-2026,Google Ads,CUST01055,25-34,Male,10491,506,108,20,2671.58,31893.54,,,,,
C004,Monsoon Offers,19-01-2026,Facebook,CUST01302,18-24,Female,26775,794,126,10,4229.11,15027.46,,,,,
C003,New Product Launch,16-05-2026,Facebook,CUST00387,25-34,Male,10598,267,32,4,1109.24,7635.59,,,,,
C003,New Product Launch,13-03-2026,Instagram,CUST01797,18-24,Male,18523,490,87,11,2140.73,28537.33,,,,,
C003,New Product Launch,04-04-2026,Google Ads,CUST01778,35-44,Female,9313,417,96,18,2157.6,33055.12,,,,,
C001,Summer Sale,12-08-2026,Facebook,CUST00123,18-24,Male,14060,453,56,8,1898.44,11021.14,,,,,
C002,Festive Bonanza,06-02-2026,Email,CUST01231,35-44,Female,5577,399,123,37,800,116719.24,,,,,
C007,Diwali Mega Sale,03-04-2026,YouTube,CUST00542,35-44,Male,4822,97,15,1,908.31,2254.74,,,,,
C002,Festive Bonanza,13-08-2026,Email,CUST02132,35-44,Female,11487,765,242,47,800,115379.22,,,,,
C007,Diwali Mega Sale,23-02-2026,Google Ads,CUST00624,18-24,Female,5788,309,76,12,1375.86,44850.78,,,,,
C004,Monsoon Offers,09-03-2026,YouTube,CUST01867,18-24,Male,6307,113,15,0,1194.15,0,,,,,
C002,Festive Bonanza,28-06-2026,Facebook,CUST02482,35-44,Female,5553,168,26,2,800,4456.67,,,,,
C005,Back to College,23-03-2026,YouTube,CUST00592,35-44,Female,5651,160,14,2,1019.16,3358.55,,,,,
C001,Summer Sale,05-01-2026,Instagram,CUST00762,25-34,Male,18738,659,96,13,2511.1,23142.43,,,,,
C005,Back to College,01-01-2026,Google Ads,CUST01939,25-34,Male,3741,192,31,4,800,10681.9,,,,,
C005,Back to College,18-03-2026,Email,CUST01199,18-24,Female,13340,957,295,62,800,129779.7,,,,,
C005,Back to College,10-07-2026,Google Ads,CUST02016,55+,Male,9505,456,105,14,2528.96,36269.06,,,,,
C005,Back to College,01-01-2026,Google Ads,CUST01923,35-44,Male,15218,665,139,29,3700.59,58290.11,,,,,
C004,Monsoon Offers,11-02-2026,Google Ads,CUST00233,25-34,Male,18091,669,155,13,4316.63,24187.87,,,,,
C004,Monsoon Offers,21-07-2026,Email,CUST02194,55+,Female,19039,1344,389,71,1003.16,143117.75,,,,,
C003,New Product Launch,12-06-2026,Google Ads,CUST02448,25-34,Male,10185,649,141,33,2224.38,62203.16,,,,,
C003,New Product Launch,20-02-2026,YouTube,CUST01363,25-34,Male,10510,220,32,3,1927.27,5208.07,,,,,
C003,New Product Launch,12-04-2026,Facebook,CUST01505,25-34,Other,4840,132,14,2,800,3077.43,,,,,
C004,Monsoon Offers,19-04-2026,Facebook,CUST01020,25-34,Female,9090,221,27,3,1473.35,3829.04,,,,,
C006,Weekend Flash Sale,21-07-2026,Email,CUST01335,35-44,Female,4897,361,95,31,800,83919.88,,,,,
C007,Diwali Mega Sale,07-06-2026,Instagram,CUST02458,55+,Female,8018,240,51,8,913.07,24082.69,,,,,
C003,New Product Launch,08-01-2026,Facebook,CUST00320,45-54,Male,6347,235,36,3,800,4863.96,,,,,
C008,Year End Clearance,28-03-2026,Instagram,CUST02260,35-44,Female,7985,195,28,1,1301.27,1889.13,,,,,
C008,Year End Clearance,13-07-2026,Facebook,CUST01526,25-34,Male,16493,556,78,12,1923.33,22944.15,,,,,
C006,Weekend Flash Sale,18-04-2026,Google Ads,CUST02291,25-34,Female,8408,367,76,21,1709.78,45545.2,,,,,
C003,New Product Launch,17-03-2026,YouTube,CUST01526,18-24,Female,8412,191,21,1,1499.51,1806.37,,,,,
C007,Diwali Mega Sale,04-01-2026,Google Ads,CUST00175,18-24,Male,8889,377,72,15,2282.37,45938.45,,,,,
C002,Festive Bonanza,10-01-2026,Facebook,CUST00783,55+,Male,11831,410,58,6,1389.32,10665.1,,,,,
C004,Monsoon Offers,06-01-2026,YouTube,CUST00410,25-34,Male,27772,473,55,6,5674.85,6657.95,,,,,
C001,Summer Sale,09-03-2026,YouTube,CUST00019,35-44,Female,8936,200,18,1,1881.03,1696.74,,,,,
C002,Festive Bonanza,02-01-2026,Facebook,CUST01541,25-34,Male,7175,167,22,2,800,4859.42,,,,,
C003,New Product Launch,04-03-2026,Email,CUST01391,25-34,Male,11391,824,241,58,800,119802.88,,,,,
C003,New Product Launch,28-01-2026,YouTube,CUST00282,25-34,Female,4184,102,7,0,800,0,,,,,
C002,Festive Bonanza,31-01-2026,Instagram,CUST01340,18-24,Male,6454,190,23,1,922.72,2235.59,,,,,
C001,Summer Sale,04-03-2026,Google Ads,CUST02265,25-34,Female,11990,452,102,17,2500.36,49047.12,,,,,
C006,Weekend Flash Sale,19-04-2026,Google Ads,CUST00547,25-34,Female,5427,253,52,10,1138.52,21295.3,,,,,
C008,Year End Clearance,28-02-2026,YouTube,CUST01022,45-54,Male,11613,199,23,2,2267.4,4474.18,,,,,
C004,Monsoon Offers,05-06-2026,Facebook,CUST01758,18-24,Male,4215,128,19,3,800,3999.24,,,,,
C002,Festive Bonanza,08-06-2026,Email,CUST00211,18-24,Male,18360,891,270,60,1132.09,81494.52,,,,,
C001,Summer Sale,04-08-2026,Google Ads,CUST01289,18-24,Male,10792,499,116,22,1977.41,52184.88,,,,,
C004,Monsoon Offers,09-04-2026,Email,CUST01202,45-54,Male,14518,785,238,47,801.9,56500.13,,,,,
C002,Festive Bonanza,28-03-2026,Email,CUST02359,18-24,Female,8122,480,138,48,800,108074.37,,,,,
C005,Back to College,27-06-2026,Instagram,CUST00701,25-34,Male,1729,41,6,3,800,9599.6,,,,,
C003,New Product Launch,15-03-2026,Email,CUST00256,35-44,Male,6916,518,166,25,800,59027.9,,,,,
C007,Diwali Mega Sale,26-07-2026,Instagram,CUST00099,25-34,Female,8964,191,32,2,1566.24,7276.15,,,,,
C005,Back to College,28-06-2026,YouTube,CUST02286,35-44,Female,13087,338,30,3,2863.93,6689.87,,,,,
C002,Festive Bonanza,06-06-2026,Instagram,CUST00500,45-54,Female,2782,72,9,2,800,7262.82,,,,,
C006,Weekend Flash Sale,16-08-2026,Google Ads,CUST01075,35-44,Female,6939,326,70,14,1254.28,24996.46,,,,,
C005,Back to College,25-01-2026,Facebook,CUST02282,18-24,Male,16455,451,85,11,2090.34,24281.71,,,,,
C007,Diwali Mega Sale,01-07-2026,Facebook,CUST02293,25-34,Female,10556,190,24,3,1190.71,8356.02,,,,,
C005,Back to College,22-01-2026,Facebook,CUST01377,45-54,Female,7901,119,15,0,872.9,0,,,,,
C006,Weekend Flash Sale,11-06-2026,Google Ads,CUST02116,25-34,Female,9292,587,126,31,2589.09,103650.96,,,,,
C003,New Product Launch,19-06-2026,Facebook,CUST00069,18-24,Female,3470,103,14,3,800,5895.08,,,,,
C003,New Product Launch,08-06-2026,Facebook,CUST02197,35-44,Male,5212,152,19,1,839.97,1707.56,,,,,
C004,Monsoon Offers,28-05-2026,Facebook,CUST01256,25-34,Male,6805,245,31,4,1069.44,7259.94,,,,,
C007,Diwali Mega Sale,04-01-2026,Google Ads,CUST02245,25-34,Female,10748,479,97,18,2260.44,60886.58,,,,,
C001,Summer Sale,26-01-2026,Google Ads,CUST00594,35-44,Male,8035,258,52,12,2070.11,31943.95,,,,,
C006,Weekend Flash Sale,27-08-2026,Instagram,CUST01818,25-34,Male,34901,1136,173,19,4893.93,38458.6,,,,,
C005,Back to College,27-02-2026,Email,CUST00462,55+,Male,9007,456,120,31,800,89397.64,,,,,
C001,Summer Sale,25-08-2026,YouTube,CUST00803,45-54,Male,17313,537,72,6,3172.73,8123.13,,,,,
C005,Back to College,01-01-2026,Email,CUST02298,18-24,Female,4091,259,82,15,800,37158.21,,,,,
C003,New Product Launch,31-08-2026,Email,CUST00264,55+,Female,15534,1095,322,58,800,117994.74,,,,,
C003,New Product Launch,05-06-2026,Facebook,CUST02195,18-24,Female,6858,224,31,2,892.51,2323.95,,,,,
C002,Festive Bonanza,31-03-2026,Google Ads,CUST00980,25-34,Female,14187,760,161,23,3828.43,35720.9,,,,,
C004,Monsoon Offers,14-06-2026,Facebook,CUST01316,25-34,Male,6703,153,20,1,800,1302.14,,,,,
C008,Year End Clearance,19-03-2026,Instagram,CUST01154,18-24,Female,14256,603,90,12,1763.7,26566.16,,,,,
C003,New Product Launch,24-03-2026,Email,CUST01538,35-44,Female,12347,890,263,57,800,115678.39,,,,,
C003,New Product Launch,01-01-2026,Facebook,CUST00677,18-24,Female,13628,339,47,3,2275.52,4327.45,,,,,
C008,Year End Clearance,10-07-2026,Facebook,CUST01246,45-54,Female,13880,529,77,10,2244.64,16601.68,,,,,
C002,Festive Bonanza,29-07-2026,YouTube,CUST01537,18-24,Male,22989,301,42,3,4183.4,5154.21,,,,,
C008,Year End Clearance,21-03-2026,Google Ads,CUST00583,45-54,Female,18306,994,232,33,3425.53,84752.59,,,,,
C006,Weekend Flash Sale,22-02-2026,Email,CUST02380,35-44,Female,4305,319,101,24,800,68408.1,,,,,
C004,Monsoon Offers,19-01-2026,Facebook,CUST00254,25-34,Female,8672,258,31,2,915.79,4316.74,,,,,
C002,Festive Bonanza,15-02-2026,Email,CUST01532,18-24,Male,16987,1454,465,105,1132.66,164480.22,,,,,
C003,New Product Launch,16-02-2026,Facebook,CUST00991,18-24,Male,6803,180,27,4,1009.38,5968.05,,,,,
C002,Festive Bonanza,25-02-2026,Google Ads,CUST00544,25-34,Male,7602,263,64,11,1329.28,26724.8,,,,,
C008,Year End Clearance,30-01-2026,YouTube,CUST01309,35-44,Male,11393,273,22,3,2078.5,6154.33,,,,,
C006,Weekend Flash Sale,28-03-2026,Facebook,CUST00654,18-24,Female,7066,200,30,4,1022.38,7215.01,,,,,
C005,Back to College,13-08-2026,Facebook,CUST02284,25-34,Female,13650,345,46,1,1902.47,1544.77,,,,,
C005,Back to College,22-08-2026,Google Ads,CUST00764,18-24,Male,4749,246,58,11,1151.09,25375.12,,,,,
C005,Back to College,21-08-2026,Instagram,CUST00612,35-44,Male,4180,119,18,3,800,6163.98,,,,,
C005,Back to College,12-05-2026,Google Ads,CUST01948,25-34,Male,26464,1241,291,52,6081.03,145669.43,,,,,
C006,Weekend Flash Sale,25-05-2026,Email,CUST01593,35-44,Male,9713,618,180,49,800,163066.81,,,,,
C008,Year End Clearance,27-06-2026,Instagram,CUST00948,35-44,Female,9126,266,31,2,1126.12,4612.38,,,,,
C006,Weekend Flash Sale,25-06-2026,Instagram,CUST00172,35-44,Male,2009,79,16,7,800,17602.85,,,,,
C006,Weekend Flash Sale,08-02-2026,Google Ads,CUST01935,45-54,Male,8166,390,99,14,2241.22,19838.71,,,,,
C005,Back to College,25-04-2026,Google Ads,CUST02338,45-54,Male,5529,279,60,9,1041.65,19961.52,,,,,
C005,Back to College,04-05-2026,Instagram,CUST01301,25-34,Male,8677,343,71,10,1491.58,19201.97,,,,,
C002,Festive Bonanza,27-07-2026,Google Ads,CUST00401,45-54,Female,3440,161,34,6,800,16731.2,,,,,
C002,Festive Bonanza,28-05-2026,Facebook,CUST02116,35-44,Male,12232,402,58,8,1572.81,12952.72,,,,,
C005,Back to College,21-01-2026,Google Ads,CUST01176,35-44,Female,5983,279,58,13,1473,32778.44,,,,,
C001,Summer Sale,06-02-2026,Facebook,CUST01186,45-54,Male,4376,128,22,1,800,2016.58,,,,,
C007,Diwali Mega Sale,24-01-2026,Instagram,CUST01086,18-24,Female,6365,183,17,2,910.78,5699.31,,,,,
C006,Weekend Flash Sale,13-01-2026,Email,CUST01605,25-34,Other,5970,379,125,33,800,99048.46,,,,,
C006,Weekend Flash Sale,05-04-2026,YouTube,CUST00143,Unknown,Male,13561,283,28,2,2485.98,4086.67,,,,,
C006,Weekend Flash Sale,20-06-2026,Instagram,CUST02059,45-54,Female,34009,1004,160,20,3874.17,48245.65,,,,,
C004,Monsoon Offers,24-08-2026,Google Ads,CUST01776,18-24,Male,4783,214,49,7,1283.04,19739.91,,,,,
C005,Back to College,25-04-2026,Facebook,CUST00360,18-24,Female,6060,235,32,3,800,5433.79,,,,,
C002,Festive Bonanza,15-05-2026,Facebook,CUST02431,25-34,Female,4297,140,23,6,800,15396.86,,,,,
C007,Diwali Mega Sale,25-08-2026,Google Ads,CUST02445,25-34,Male,21668,1074,234,51,5561.18,130986.88,,,,,
C003,New Product Launch,06-02-2026,Instagram,CUST02342,35-44,Male,10045,367,74,7,1594.31,14163.7,,,,,
C006,Weekend Flash Sale,11-03-2026,Email,CUST00115,18-24,Female,8951,619,178,40,800,121479.1,,,,,
C006,Weekend Flash Sale,25-02-2026,Instagram,CUST02013,45-54,Female,4148,120,18,3,800,6132.06,,,,,
C001,Summer Sale,18-04-2026,Email,CUST01686,45-54,Male,14514,1187,353,77,800,213194.5,,,,,
C008,Year End Clearance,20-05-2026,YouTube,CUST01134,55+,Female,6784,139,11,1,1355.26,1737.89,,,,,
C006,Weekend Flash Sale,23-04-2026,Google Ads,CUST01112,25-34,Female,5917,275,59,9,1057.61,21264.76,,,,,
C004,Monsoon Offers,04-07-2026,Google Ads,CUST01044,35-44,Female,5855,280,75,11,1280.43,23567.45,,,,,
C002,Festive Bonanza,07-07-2026,Instagram,CUST00971,55+,Female,6862,291,38,7,807.75,20491.47,,,,,
C005,Back to College,15-04-2026,Google Ads,CUST00160,35-44,Female,6656,172,35,5,1439.18,11803.09,,,,,
C002,Festive Bonanza,05-02-2026,Facebook,CUST00961,25-34,Female,14197,429,71,11,1553.4,16628.62,,,,,
C004,Monsoon Offers,27-07-2026,Email,CUST02311,45-54,Female,14112,711,218,42,800,76540.29,,,,,
C005,Back to College,12-04-2026,YouTube,CUST01410,18-24,Female,6801,149,18,4,1027.97,6335.79,,,,,
C001,Summer Sale,11-04-2026,Instagram,CUST00812,25-34,Male,10091,319,45,4,1597.2,6476.38,,,,,
C004,Monsoon Offers,13-02-2026,Instagram,CUST00156,18-24,Female,11477,348,52,2,1472.26,2749.71,,,,,
C004,Monsoon Offers,29-07-2026,Instagram,CUST00188,18-24,Female,8794,222,19,2,1449.09,3448.2,,,,,
C007,Diwali Mega Sale,04-04-2026,Instagram,CUST01627,25-34,Male,10613,345,57,5,1496.55,13961.3,,,,,
C002,Festive Bonanza,30-01-2026,Google Ads,CUST01034,18-24,Male,3498,126,27,2,808.86,6976.89,,,,,
C002,Festive Bonanza,22-04-2026,Google Ads,CUST00849,35-44,Female,7762,348,84,20,1359.12,54157.54,,,,,
C007,Diwali Mega Sale,23-04-2026,Facebook,CUST01069,25-34,Male,11290,322,45,3,1440.06,5830.94,,,,,
C006,Weekend Flash Sale,22-03-2026,Instagram,CUST02427,55+,Male,19704,658,100,19,3107.82,52179.7,,,,,
C003,New Product Launch,17-01-2026,YouTube,CUST02344,25-34,Female,20491,357,41,3,3064.85,4479.01,,,,,
C002,Festive Bonanza,30-06-2026,Instagram,CUST02343,35-44,Male,5987,144,21,4,800,8579.12,,,,,
C004,Monsoon Offers,30-07-2026,Instagram,CUST00454,35-44,Female,7445,190,28,2,1121.39,3406.13,,,,,
C002,Festive Bonanza,24-06-2026,Instagram,CUST01409,45-54,Male,18278,380,53,9,2785.55,17242.68,,,,,
C001,Summer Sale,26-04-2026,Google Ads,CUST01076,35-44,Male,11999,493,120,16,2963.54,26682.96,,,,,
C006,Weekend Flash Sale,05-02-2026,Google Ads,CUST02375,18-24,Male,7821,311,77,11,1462.14,30239.66,,,,,
C003,New Product Launch,11-07-2026,Email,CUST01765,35-44,Male,15794,765,222,54,800,112717.54,,,,,
C003,New Product Launch,14-07-2026,Facebook,CUST00196,55+,Female,12094,344,48,2,1841.21,3491.94,,,,,
C008,Year End Clearance,17-04-2026,Facebook,CUST02338,18-24,Female,8146,281,31,3,1040.76,6188.71,,,,,
C004,Monsoon Offers,27-04-2026,Facebook,CUST01051,18-24,Female,9814,306,48,3,1507.84,5402.46,,,,,
C002,Festive Bonanza,15-07-2026,Facebook,CUST01015,25-34,Male,8067,223,28,3,1169.99,7086.52,,,,,
C007,Diwali Mega Sale,26-04-2026,YouTube,CUST01466,25-34,Male,11280,226,41,3,1537.98,10219.2,,,,,
C007,Diwali Mega Sale,05-03-2026,Instagram,CUST01056,55+,Male,17457,532,94,16,1972.8,59365.8,,,,,
C007,Diwali Mega Sale,22-05-2026,YouTube,CUST00456,25-34,Female,9998,159,28,5,1928.99,8062.87,,,,,
C007,Diwali Mega Sale,09-02-2026,Email,CUST00107,25-34,Male,5661,349,101,30,800,121428.8,,,,,
C005,Back to College,28-06-2026,Google Ads,CUST00592,25-34,Female,3110,148,30,7,800,12233.89,,,,,
C004,Monsoon Offers,04-07-2026,YouTube,CUST00032,25-34,Male,5167,165,19,1,1102.08,1972.51,,,,,
C003,New Product Launch,08-04-2026,YouTube,CUST00623,35-44,Male,20047,537,81,11,3824.78,10778.64,,,,,
C008,Year End Clearance,22-03-2026,Facebook,CUST01885,18-24,Male,4985,109,16,4,800,9055.65,,,,,
C003,New Product Launch,08-07-2026,Facebook,CUST01943,35-44,Female,6555,240,38,6,800,12708.43,,,,,
C003,New Product Launch,15-01-2026,Email,CUST01255,35-44,Male,2465,142,40,9,800,20913.62,,,,,
C007,Diwali Mega Sale,11-07-2026,Instagram,CUST00686,18-24,Male,11900,361,65,12,2001.57,29835.31,,,,,
C008,Year End Clearance,03-05-2026,YouTube,CUST00595,45-54,Female,17859,440,52,4,2572.99,5125.74,,,,,
C008,Year End Clearance,29-04-2026,YouTube,CUST00290,18-24,Male,6595,161,19,5,1256.11,7181.65,,,,,
C002,Festive Bonanza,17-04-2026,Instagram,CUST00581,25-34,Male,7249,214,35,0,1227.16,0,,,,,
C008,Year End Clearance,02-05-2026,Google Ads,CUST00638,35-44,Male,8524,287,67,13,2138.15,27319.44,,,,,
C002,Festive Bonanza,27-05-2026,Email,CUST00310,18-24,Female,9295,500,141,32,800,69697.05,,,,,
C001,Summer Sale,25-04-2026,Instagram,CUST00465,35-44,Female,19921,665,114,12,2642.69,13233.73,,,,,
C007,Diwali Mega Sale,21-05-2026,YouTube,CUST00407,25-34,Male,5998,122,11,1,829.03,1892.96,,,,,
C007,Diwali Mega Sale,17-07-2026,Facebook,CUST02325,35-44,Female,25313,713,109,20,3589.38,47741.05,,,,,
C007,Diwali Mega Sale,03-07-2026,Google Ads,CUST01449,25-34,Female,32341,1373,287,46,5843.46,134682.87,,,,,
C007,Diwali Mega Sale,07-02-2026,Instagram,CUST01456,18-24,Male,9699,214,24,4,1436.17,8798.75,,,,,
C003,New Product Launch,26-06-2026,Google Ads,CUST01076,25-34,Female,8435,444,104,22,1980.92,45236.36,,,,,
C002,Festive Bonanza,08-02-2026,Facebook,CUST00364,25-34,Male,25901,613,94,6,3531.64,12386.26,,,,,
C004,Monsoon Offers,12-02-2026,Google Ads,CUST00756,35-44,Male,6335,267,62,6,1242.27,8567.46,,,,,
C005,Back to College,18-02-2026,YouTube,CUST01327,18-24,Male,11574,278,32,4,2317.79,8796.14,,,,,
C005,Back to College,27-04-2026,Email,CUST02050,35-44,Male,6373,370,115,30,800,56955.48,,,,,
C004,Monsoon Offers,02-06-2026,Facebook,CUST01183,18-24,Male,10191,305,39,2,1178.4,3170.12,,,,,
C005,Back to College,13-08-2026,Facebook,CUST01069,55+,Male,8775,228,27,3,1468.5,9341.36,,,,,
C001,Summer Sale,28-08-2026,Facebook,CUST01018,55+,Female,7302,264,32,4,800,9097.37,,,,,
C003,New Product Launch,12-01-2026,Instagram,CUST02038,25-34,Other,7454,252,49,4,1396.46,10393.31,,,,,
C004,Monsoon Offers,13-01-2026,Google Ads,CUST00492,55+,Female,5321,266,60,9,1072.84,27013.91,,,,,
C001,Summer Sale,07-07-2026,Facebook,CUST00359,18-24,Male,11565,213,28,2,1200.57,3294.92,,,,,
C001,Summer Sale,13-06-2026,Google Ads,CUST00832,55+,Male,3749,267,64,9,915.14,17104.21,,,,,
C008,Year End Clearance,15-07-2026,Google Ads,CUST00775,45-54,Male,6912,383,81,14,1561.77,28433.68,,,,,
C005,Back to College,25-04-2026,Instagram,CUST00396,18-24,Male,9671,281,54,6,1500.78,15107.49,,,,,
C007,Diwali Mega Sale,26-05-2026,YouTube,CUST01608,55+,Male,5171,82,8,3,981.36,8548.12,,,,,
C002,Festive Bonanza,27-03-2026,Instagram,CUST01067,35-44,Female,4722,170,35,7,800,14805.31,,,,,
C007,Diwali Mega Sale,14-05-2026,Facebook,CUST01252,35-44,Female,5251,119,21,9,800,18082.69,,,,,
C004,Monsoon Offers,24-05-2026,Instagram,CUST00634,35-44,Male,20051,577,108,16,3480.48,33878.59,,,,,
C005,Back to College,12-04-2026,Google Ads,CUST00937,18-24,Female,7220,306,70,7,1607.5,20987.33,,,,,
C006,Weekend Flash Sale,31-03-2026,Facebook,CUST02204,25-34,Male,11075,358,46,3,1746.24,7835.57,,,,,
C005,Back to College,11-02-2026,Instagram,CUST02099,18-24,Female,10625,269,43,2,1784.3,4741.36,,,,,
C001,Summer Sale,27-04-2026,Email,CUST02232,25-34,Male,6329,438,131,31,800,72225.92,,,,,
C007,Diwali Mega Sale,07-02-2026,Facebook,CUST01227,18-24,Male,8186,258,36,4,830.59,10782.2,,,,,
C004,Monsoon Offers,23-04-2026,YouTube,CUST02433,25-34,Male,11779,252,28,1,1991.09,2332.81,,,,,
C001,Summer Sale,06-04-2026,Instagram,CUST01172,18-24,Female,9123,343,60,6,1340.98,9064.34,,,,,
C003,New Product Launch,15-02-2026,Email,CUST01260,18-24,Male,6256,418,135,22,800,61421.89,,,,,
C007,Diwali Mega Sale,09-03-2026,YouTube,CUST02405,25-34,Female,11336,291,33,3,1742.96,7316.56,,,,,
C002,Festive Bonanza,05-04-2026,Instagram,CUST01846,35-44,Male,10314,420,71,15,1836.64,30210.11,,,,,
C001,Summer Sale,19-03-2026,YouTube,CUST00167,18-24,Male,8626,174,14,1,1614.1,1144.64,,,,,
C002,Festive Bonanza,02-04-2026,Instagram,CUST00105,55+,Male,22842,652,103,13,3747.52,31272.58,,,,,
C001,Summer Sale,10-03-2026,Email,CUST01019,55+,Male,10184,778,236,39,800,114332.94,,,,,
C008,Year End Clearance,28-04-2026,Instagram,CUST00009,25-34,Female,4321,157,28,3,800,5059.46,,,,,
C008,Year End Clearance,25-01-2026,Instagram,CUST01001,55+,Female,7053,293,41,4,1177.19,9242.73,,,,,
C004,Monsoon Offers,24-02-2026,Google Ads,CUST01436,18-24,Female,8147,344,74,7,2023.13,12293.35,,,,,
C001,Summer Sale,27-06-2026,Email,CUST01434,25-34,Female,9477,659,208,46,800,105593.62,,,,,
C007,Diwali Mega Sale,30-03-2026,YouTube,CUST01971,25-34,Male,9189,201,17,3,1305.96,5546.03,,,,,
C006,Weekend Flash Sale,13-04-2026,Email,CUST02217,25-34,Female,5348,393,120,25,800,52708.18,,,,,
C001,Summer Sale,01-05-2026,YouTube,CUST01862,Unknown,Male,14275,438,57,4,2889.3,6998.59,,,,,
C002,Festive Bonanza,11-06-2026,YouTube,CUST02112,25-34,Female,19369,362,38,4,3847.73,6808.96,,,,,
C006,Weekend Flash Sale,15-02-2026,Instagram,CUST01797,18-24,Female,12388,369,65,12,2049.24,23729.29,,,,,
C003,New Product Launch,27-04-2026,Google Ads,CUST00192,25-34,Male,11099,462,112,14,2378.41,36844.97,,,,,
C007,Diwali Mega Sale,14-05-2026,YouTube,CUST01551,25-34,Male,3534,100,15,2,800,5120.3,,,,,
C006,Weekend Flash Sale,08-07-2026,Facebook,CUST01550,35-44,Male,11443,207,33,5,1892.03,8683.33,,,,,
C004,Monsoon Offers,29-07-2026,Facebook,CUST00499,18-24,Male,7555,236,39,6,971.53,13590.95,,,,,
C005,Back to College,03-04-2026,Instagram,CUST00948,25-34,Female,20049,738,111,18,2979.59,23472.61,,,,,
C002,Festive Bonanza,26-02-2026,Google Ads,CUST02127,35-44,Male,10568,576,124,21,1829.93,73785.87,,,,,
C008,Year End Clearance,29-07-2026,Instagram,CUST01964,25-34,Female,10143,276,46,6,1456.37,9693.17,,,,,
C004,Monsoon Offers,08-01-2026,Instagram,CUST02472,35-44,Female,13004,445,75,9,1519.65,16668.38,,,,,
C007,Diwali Mega Sale,31-01-2026,Email,CUST02396,25-34,Male,7528,394,117,39,800,115696.64,,,,,
C001,Summer Sale,30-07-2026,Email,CUST02468,35-44,Female,6872,456,130,31,800,70837.26,,,,,
C008,Year End Clearance,31-01-2026,Email,CUST01691,35-44,Female,5389,385,115,26,800,65282.27,,,,,
C003,New Product Launch,17-04-2026,Email,CUST01111,45-54,Male,47975,3223,939,171,3207.6,240829.92,,,,,
C007,Diwali Mega Sale,03-08-2026,Email,CUST00991,35-44,Female,8378,634,203,51,800,164942.8,,,,,
C004,Monsoon Offers,07-08-2026,Email,CUST01213,35-44,Female,7000,347,98,21,800,29080.62,,,,,
C004,Monsoon Offers,17-06-2026,Instagram,CUST00005,25-34,Female,5614,144,25,1,800,1373.18,,,,,
C005,Back to College,24-03-2026,Email,CUST00738,25-34,Male,6001,259,80,20,800,53318.4,,,,,
C002,Festive Bonanza,23-01-2026,Google Ads,CUST02152,35-44,Male,7954,458,118,13,1426.68,37818.57,,,,,
C003,New Product Launch,08-03-2026,Google Ads,CUST00387,18-24,Male,7141,173,46,12,2011.89,30161.95,,,,,
C005,Back to College,20-02-2026,Google Ads,CUST01084,18-24,Male,18888,1035,195,29,4693.19,72175.3,,,,,
C004,Monsoon Offers,08-05-2026,Google Ads,CUST02469,35-44,Female,6514,308,75,12,1257.37,27745.06,,,,,
C002,Festive Bonanza,29-08-2026,Facebook,CUST01134,45-54,Male,11160,196,27,1,1765.23,2337.88,,,,,
C002,Festive Bonanza,05-04-2026,YouTube,CUST00267,55+,Male,9432,244,31,4,1403.59,8315.49,,,,,
C005,Back to College,08-08-2026,YouTube,CUST01222,35-44,Male,6110,163,23,4,1368.14,6653.58,,,,,
C005,Back to College,16-01-2026,Google Ads,CUST00310,18-24,Male,8108,351,79,13,1810.1,26255.63,,,,,
C002,Festive Bonanza,28-03-2026,Google Ads,CUST02204,25-34,Female,10538,483,99,16,2436.12,48362,,,,,
C003,New Product Launch,03-03-2026,Google Ads,CUST02181,35-44,Female,9367,318,74,13,2661.75,38632.45,,,,,
C001,Summer Sale,12-03-2026,Email,CUST02206,35-44,Female,7363,543,174,35,800,115685.36,,,,,
C007,Diwali Mega Sale,02-05-2026,Google Ads,CUST00144,35-44,Female,4098,167,39,13,800,36294.18,,,,,
C002,Festive Bonanza,28-05-2026,Google Ads,CUST00850,18-24,Male,10262,466,114,20,2754.75,41052.48,,,,,
C006,Weekend Flash Sale,10-05-2026,Google Ads,CUST01267,18-24,Female,3554,142,39,8,800,19180.25,,,,,
C001,Summer Sale,23-04-2026,Facebook,CUST02290,18-24,Male,5189,157,26,2,800,3370.67,,,,,
C002,Festive Bonanza,28-02-2026,Instagram,CUST00018,45-54,Female,12375,303,47,11,1526.67,20123.74,,,,,
C006,Weekend Flash Sale,19-06-2026,Facebook,CUST01841,55+,Female,10640,317,41,1,1215.46,1883.43,,,,,
C001,Summer Sale,19-02-2026,Email,CUST02000,25-34,Male,5623,415,134,23,800,58921.97,,,,,
C002,Festive Bonanza,27-02-2026,Google Ads,CUST00001,25-34,Female,8338,358,74,16,1747.84,31356.15,,,,,
C002,Festive Bonanza,04-06-2026,Email,CUST02020,45-54,Male,9721,752,226,49,800,145429.58,,,,,
C004,Monsoon Offers,20-03-2026,YouTube,CUST00085,25-34,Male,18019,421,52,4,2745.23,6109.84,,,,,
C001,Summer Sale,11-07-2026,Facebook,CUST00319,55+,Male,9183,243,29,5,1485.18,10078.44,,,,,
C003,New Product Launch,27-06-2026,Instagram,CUST01821,25-34,Female,2094,74,9,1,800,1877.35,,,,,
C008,Year End Clearance,05-04-2026,Instagram,CUST00017,35-44,Female,4828,177,23,4,800,7749.27,,,,,
C008,Year End Clearance,12-03-2026,YouTube,CUST00156,25-34,Male,3719,101,11,1,800,1888.33,,,,,
C002,Festive Bonanza,20-06-2026,Facebook,CUST01162,25-34,Male,8817,203,43,5,1198.68,11925.98,,,,,
C006,Weekend Flash Sale,23-06-2026,Email,CUST01590,18-24,Female,7555,481,142,29,800,88955.34,,,,,
C008,Year End Clearance,25-06-2026,YouTube,CUST00721,55+,Female,11285,322,27,3,1954.01,5081.22,,,,,
C003,New Product Launch,26-01-2026,Google Ads,CUST00369,35-44,Male,8343,439,97,16,1743.2,23673.95,,,,,
C007,Diwali Mega Sale,04-01-2026,Instagram,CUST00299,25-34,Female,4505,121,19,1,800,2745,,,,,
C003,New Product Launch,06-06-2026,Google Ads,CUST01470,35-44,Male,7613,324,81,16,1907.45,39608.66,,,,,
C001,Summer Sale,11-07-2026,Facebook,CUST00516,25-34,Female,8646,156,20,0,1285.86,0,,,,,
C001,Summer Sale,27-03-2026,Instagram,CUST00799,18-24,Female,7952,249,34,3,916.96,3167.49,,,,,
C007,Diwali Mega Sale,15-02-2026,YouTube,CUST00650,35-44,Male,11108,176,23,5,1819.14,7077.4,,,,,
C004,Monsoon Offers,08-08-2026,Facebook,CUST00954,25-34,Other,7770,253,34,3,800,4422.84,,,,,
C007,Diwali Mega Sale,03-04-2026,Email,CUST01988,25-34,Female,16515,1028,305,79,997.25,227220.07,,,,,
C003,New Product Launch,26-06-2026,Google Ads,CUST02253,18-24,Female,6089,235,54,7,1402.24,14700.22,,,,,
C007,Diwali Mega Sale,03-06-2026,Instagram,CUST00784,25-34,Male,8679,232,39,6,1363.3,18585.08,,,,,
C001,Summer Sale,10-04-2026,YouTube,CUST01763,18-24,Male,4306,98,13,0,800,0,,,,,
C007,Diwali Mega Sale,27-01-2026,Google Ads,CUST01311,35-44,Female,7798,347,62,11,2133.36,28040.05,,,,,
C005,Back to College,04-06-2026,Instagram,CUST01980,25-34,Female,9394,244,30,4,1545.98,7630.77,,,,,
C007,Diwali Mega Sale,12-06-2026,Instagram,CUST01169,35-44,Male,5268,174,33,4,800,9772.9,,,,,
C006,Weekend Flash Sale,03-03-2026,Facebook,CUST00905,55+,Male,6697,177,24,5,981.03,11025.03,,,,,
C008,Year End Clearance,16-04-2026,Google Ads,CUST00770,18-24,Female,21179,845,179,31,6004.9,65385.9,,,,,
C007,Diwali Mega Sale,29-06-2026,Instagram,CUST01288,45-54,Female,17113,511,84,18,2167.13,38359.71,,,,,
C006,Weekend Flash Sale,16-06-2026,Google Ads,CUST00727,25-34,Male,10333,495,109,11,2487.88,30782.91,,,,,
C007,Diwali Mega Sale,04-03-2026,YouTube,CUST02344,35-44,Female,8109,194,29,5,1391.99,13047.3,,,,,
C001,Summer Sale,05-08-2026,Email,CUST00450,45-54,Male,10601,645,201,42,800,123727.19,,,,,
C001,Summer Sale,08-05-2026,Email,CUST02234,35-44,Female,5071,337,104,15,800,34183.68,,,,,
C003,New Product Launch,26-01-2026,Facebook,CUST00781,18-24,Female,3737,84,15,2,800,4390.1,,,,,
C002,Festive Bonanza,07-08-2026,Email,CUST00229,55+,Female,10783,758,260,57,800,155934.12,,,,,
C007,Diwali Mega Sale,07-08-2026,Instagram,CUST01349,45-54,Female,24172,768,115,24,4217.27,46685.16,,,,,
C005,Back to College,14-04-2026,Instagram,CUST01328,18-24,Female,14554,519,101,18,2693.74,29757.28,,,,,
C008,Year End Clearance,21-06-2026,Facebook,CUST01375,25-34,Male,14273,277,31,1,2114.99,1968.86,,,,,
C004,Monsoon Offers,13-03-2026,Google Ads,CUST00223,25-34,Female,19708,619,136,27,3485.26,55539,,,,,
C001,Summer Sale,25-03-2026,YouTube,CUST00935,35-44,Male,13454,345,50,7,2135.28,10673.39,,,,,
C007,Diwali Mega Sale,10-05-2026,Email,CUST02446,25-34,Male,15712,1122,365,98,800,346401.39,,,,,
C006,Weekend Flash Sale,13-07-2026,YouTube,CUST01671,35-44,Female,8247,170,19,5,1713.41,10301.47,,,,,
C007,Diwali Mega Sale,08-03-2026,Facebook,CUST00702,35-44,Male,19103,562,85,14,3134.09,25341.87,,,,,
C006,Weekend Flash Sale,14-05-2026,Facebook,CUST00850,18-24,Unknown,5818,133,20,2,852.63,2322.83,,,,,
C001,Summer Sale,29-04-2026,YouTube,CUST02306,45-54,Female,8463,153,20,3,1389.8,5272.24,,,,,
C003,New Product Launch,05-02-2026,Email,CUST00223,25-34,Female,11240,939,274,70,800,166148.39,,,,,
C006,Weekend Flash Sale,14-02-2026,Email,CUST01354,25-34,Male,12954,957,285,62,800,225351.83,,,,,
C002,Festive Bonanza,13-08-2026,Google Ads,CUST01659,45-54,Female,5981,242,60,11,1139.19,34188.94,,,,,
C008,Year End Clearance,09-06-2026,Google Ads,CUST00582,25-34,Male,11189,449,98,16,2128.23,47761.22,,,,,
C004,Monsoon Offers,13-06-2026,Facebook,CUST01549,25-34,Female,4125,81,10,1,800,1292.73,,,,,
C004,Monsoon Offers,07-05-2026,Google Ads,CUST00904,25-34,Male,34570,1659,369,58,9801.32,126293.04,,,,,
C003,New Product Launch,13-08-2026,Instagram,CUST01629,35-44,Other,17353,616,99,12,2118.47,22523.97,,,,,
C002,Festive Bonanza,04-07-2026,Google Ads,CUST00591,18-24,Female,20398,925,193,38,5810.91,92133.23,,,,,
C004,Monsoon Offers,15-02-2026,YouTube,CUST02342,25-34,Male,7623,160,19,0,1452.22,0,,,,,
C007,Diwali Mega Sale,06-03-2026,Facebook,CUST00833,35-44,Male,11284,386,60,11,1425.4,26555.23,,,,,
C008,Year End Clearance,26-01-2026,YouTube,CUST01754,45-54,Male,7255,144,20,3,1623.07,4937.57,,,,,
C008,Year End Clearance,04-07-2026,Facebook,CUST02206,18-24,Female,3179,60,8,1,800,2167.89,,,,,
C007,Diwali Mega Sale,18-08-2026,Instagram,CUST00895,55+,Male,8253,202,24,6,1160.61,9740.43,,,,,
C005,Back to College,08-07-2026,Instagram,CUST02122,18-24,Other,11499,349,52,9,1390.75,21242.63,,,,,
C004,Monsoon Offers,25-04-2026,Google Ads,CUST00348,45-54,Female,9074,382,97,15,1690.58,26417.97,,,,,
C004,Monsoon Offers,29-04-2026,Google Ads,CUST00139,45-54,Female,11334,309,74,10,2965.03,19626.59,,,,,
C008,Year End Clearance,14-08-2026,YouTube,CUST00745,25-34,Male,4054,94,16,2,800,3470.4,,,,,
C001,Summer Sale,27-08-2026,YouTube,CUST01063,35-44,Unknown,10875,185,26,4,2135.51,6353.22,,,,,
C002,Festive Bonanza,18-07-2026,Email,CUST01216,25-34,Male,9202,591,186,40,800,74402.6,,,,,
C005,Back to College,08-02-2026,Facebook,CUST02228,35-44,Male,9888,264,36,5,1556.62,12719.93,,,,,
C003,New Product Launch,18-07-2026,Facebook,CUST01650,18-24,Female,5122,113,16,1,800,1168.16,,,,,
C004,Monsoon Offers,12-01-2026,YouTube,CUST01253,35-44,Female,10533,225,24,1,1636.51,733.48,,,,,
C007,Diwali Mega Sale,03-05-2026,Email,CUST01464,35-44,Male,5055,451,138,27,800,62055.23,,,,,
C003,New Product Launch,11-07-2026,Instagram,CUST02447,45-54,Female,8380,287,34,3,1267.2,5429.05,,,,,
C004,Monsoon Offers,25-03-2026,Email,CUST00153,25-34,Male,10440,718,194,30,800,68450.78,,,,,
C004,Monsoon Offers,02-03-2026,Email,CUST01135,25-34,Male,11208,710,203,38,800,63651.81,,,,,
C005,Back to College,25-03-2026,Instagram,CUST01157,35-44,Male,7097,202,28,5,1020.74,7024.49,,,,,
C007,Diwali Mega Sale,26-07-2026,Facebook,CUST02074,25-34,Male,14388,428,58,12,1831.4,27238.06,,,,,
C007,Diwali Mega Sale,22-05-2026,Google Ads,CUST01467,45-54,Female,14682,712,166,31,4077.69,79451.13,,,,,
C004,Monsoon Offers,31-08-2026,Email,CUST01120,35-44,Male,27412,1898,588,96,1338.18,297128.91,,,,,
C001,Summer Sale,08-05-2026,Instagram,CUST01027,25-34,Female,8262,255,45,4,1102.18,10579.75,,,,,
C005,Back to College,12-07-2026,YouTube,CUST00021,18-24,Male,12808,256,35,3,2783.43,7121,,,,,
C003,New Product Launch,25-03-2026,YouTube,CUST00740,18-24,Female,11797,266,36,1,1848.43,1749.6,,,,,
C002,Festive Bonanza,11-07-2026,Google Ads,CUST01946,25-34,Female,7300,229,54,11,1925.62,33522.58,,,,,
C008,Year End Clearance,30-05-2026,YouTube,CUST01492,18-24,Male,3927,82,10,1,835.26,1457.14,,,,,
C003,New Product Launch,20-04-2026,Instagram,CUST01352,35-44,Female,14869,565,91,12,1865.6,20821.9,,,,,
C004,Monsoon Offers,09-01-2026,Email,CUST00034,18-24,Female,24028,1447,413,72,1514.46,136815.89,,,,,
C003,New Product Launch,28-02-2026,Facebook,CUST01838,25-34,Female,5480,188,30,1,800,1196.23,,,,,
C001,Summer Sale,11-05-2026,Facebook,CUST01653,45-54,Male,11128,212,31,2,1320.99,3893.23,,,,,
C002,Festive Bonanza,26-03-2026,Facebook,CUST00931,18-24,Female,9261,234,32,1,1006.88,2538.72,,,,,
C005,Back to College,25-05-2026,Facebook,CUST02356,35-44,Male,11338,181,26,3,1359.68,7089.41,,,,,
C004,Monsoon Offers,25-05-2026,Email,CUST02119,35-44,Male,6761,525,161,23,800,69058.05,,,,,
C003,New Product Launch,04-05-2026,Instagram,CUST01073,18-24,Male,5448,136,19,2,806.31,4194.41,,,,,
C002,Festive Bonanza,03-08-2026,Facebook,CUST02264,45-54,Female,22153,637,93,22,2510.07,41150.04,,,,,
C002,Festive Bonanza,23-01-2026,Google Ads,CUST01008,18-24,Male,9569,377,87,15,2373.22,41788.02,,,,,
C002,Festive Bonanza,01-03-2026,Email,CUST02046,45-54,Male,4707,310,88,18,800,49559.93,,,,,
C007,Diwali Mega Sale,18-07-2026,YouTube,CUST02475,18-24,Male,16004,446,63,9,2407.26,20657.47,,,,,
C003,New Product Launch,12-07-2026,Instagram,CUST00212,35-44,Male,12825,376,58,6,2360.11,13156.65,,,,,
C007,Diwali Mega Sale,22-04-2026,Facebook,CUST02292,25-34,Male,16773,408,43,7,2618.86,20280.7,,,,,
C006,Weekend Flash Sale,22-04-2026,Instagram,CUST02124,25-34,Female,5866,225,36,4,800,8101.56,,,,,
C006,Weekend Flash Sale,11-08-2026,Facebook,CUST01692,25-34,Male,5800,173,22,2,850.89,4431.98,,,,,
C006,Weekend Flash Sale,24-08-2026,Google Ads,CUST01897,45-54,Male,4380,232,50,9,816.28,24102.84,,,,,
C006,Weekend Flash Sale,22-04-2026,Email,CUST01552,45-54,Female,6427,568,168,46,800,123327.63,,,,,
C001,Summer Sale,04-01-2026,Facebook,CUST02179,25-34,Male,16904,447,60,7,2661.24,19318.88,,,,,
C003,New Product Launch,21-07-2026,Email,CUST01400,18-24,Male,6227,385,134,33,800,74796.41,,,,,
C008,Year End Clearance,31-01-2026,YouTube,CUST02155,25-34,Male,7182,106,9,1,1137.81,1081.8,,,,,
C007,Diwali Mega Sale,22-04-2026,Facebook,CUST02194,35-44,Male,7890,296,40,11,1074.9,24547.99,,,,,
C007,Diwali Mega Sale,08-03-2026,YouTube,CUST00950,18-24,Female,5610,153,17,1,835.1,2182.93,,,,,
C007,Diwali Mega Sale,06-06-2026,Email,CUST02453,25-34,Male,6008,360,113,34,800,96943.01,,,,,
C006,Weekend Flash Sale,31-05-2026,YouTube,CUST01870,25-34,Female,8222,180,19,1,1682.91,2145.56,,,,,
C003,New Product Launch,14-02-2026,Facebook,CUST00077,18-24,Female,19325,474,59,8,2850.01,16250.94,,,,,
C007,Diwali Mega Sale,07-03-2026,Google Ads,CUST00559,18-24,Female,10248,329,67,16,2940.47,33747.75,,,,,
C006,Weekend Flash Sale,01-05-2026,YouTube,CUST01024,35-44,Male,7918,132,16,2,1456.23,3185.85,,,,,
C005,Back to College,21-04-2026,Facebook,CUST01311,18-24,Male,25870,800,113,14,4297.64,25046.28,,,,,
C008,Year End Clearance,05-05-2026,Google Ads,CUST01245,18-24,Female,4908,236,56,12,892.36,25614.6,,,,,
C007,Diwali Mega Sale,11-05-2026,YouTube,CUST00293,25-34,Male,7602,161,20,1,1471.06,2586.7,,,,,
C002,Festive Bonanza,11-06-2026,Google Ads,CUST00979,55+,Male,7071,237,48,8,1683.56,21347.61,,,,,
C002,Festive Bonanza,14-05-2026,Instagram,CUST01333,25-34,Male,15997,628,96,14,2674.1,18191.43,,,,,
C006,Weekend Flash Sale,15-01-2026,Email,CUST01527,25-34,Female,6072,428,141,37,800,94594.62,,,,,
C007,Diwali Mega Sale,19-02-2026,Email,CUST01660,25-34,Male,4291,305,105,26,800,69527.38,,,,,
C002,Festive Bonanza,21-08-2026,Google Ads,CUST01992,55+,Male,9383,388,87,13,2305.21,31553.69,,,,,
C008,Year End Clearance,17-05-2026,Instagram,CUST02295,25-34,Male,4765,184,30,3,800,6195.47,,,,,
C003,New Product Launch,25-05-2026,YouTube,CUST01005,45-54,Male,17883,335,49,4,2732.39,5619.9,,,,,
C006,Weekend Flash Sale,24-07-2026,Email,CUST00571,45-54,Female,11086,592,193,37,800,104264.69,,,,,
C008,Year End Clearance,09-08-2026,YouTube,CUST01572,45-54,Male,14027,289,37,5,1993.97,9889.63,,,,,
C001,Summer Sale,21-02-2026,Instagram,CUST00444,18-24,Male,4788,152,20,2,800,3076.69,,,,,
C001,Summer Sale,22-03-2026,Facebook,CUST01063,45-54,Female,2644,80,13,1,800,1894.62,,,,,
C005,Back to College,23-07-2026,Email,CUST01861,45-54,Male,10493,711,215,40,800,67023.74,,,,,
C003,New Product Launch,30-05-2026,YouTube,CUST00702,25-34,Female,11520,259,29,3,2481.42,4800.14,,,,,
C007,Diwali Mega Sale,11-03-2026,Google Ads,CUST02280,55+,Female,18304,735,162,36,3484.66,70041.14,,,,,
C008,Year End Clearance,27-04-2026,YouTube,CUST01106,25-34,Male,12240,235,25,2,2595.47,3301.35,,,,,
C007,Diwali Mega Sale,07-01-2026,Facebook,CUST00393,18-24,Female,12457,418,58,4,1805.24,14995.71,,,,,
C004,Monsoon Offers,13-02-2026,Instagram,CUST02022,25-34,Male,12687,447,71,6,1684.04,11345.08,,,,,
C003,New Product Launch,25-06-2026,Email,CUST01773,25-34,Male,6691,527,133,27,800,44929.88,,,,,
C007,Diwali Mega Sale,19-08-2026,Instagram,CUST01842,18-24,Female,7763,265,52,7,938.27,19918.76,,,,,
C001,Summer Sale,15-04-2026,Google Ads,CUST02331,25-34,Female,7580,377,84,14,1660.29,21195.4,,,,,
C004,Monsoon Offers,24-08-2026,Email,CUST01715,35-44,Female,7265,616,183,36,800,107965.21,,,,,
C004,Monsoon Offers,28-03-2026,Email,CUST00916,25-34,Male,8342,431,127,25,800,79593.18,,,,,
C003,New Product Launch,12-01-2026,Email,CUST00476,25-34,Male,2883,155,44,12,800,29090.26,,,,,
C006,Weekend Flash Sale,25-06-2026,Google Ads,CUST01220,45-54,Male,29373,1121,248,50,6958.34,124805.62,,,,,
C005,Back to College,23-01-2026,Instagram,CUST02331,45-54,Female,9331,322,45,7,1748.05,11754.93,,,,,
C006,Weekend Flash Sale,21-06-2026,Instagram,CUST02134,25-34,Female,8390,299,37,5,1440.63,13171.34,,,,,
C007,Diwali Mega Sale,26-07-2026,YouTube,CUST00769,18-24,Male,4473,92,9,0,800,0,,,,,
C005,Back to College,19-05-2026,Email,CUST00663,35-44,Female,13409,818,249,57,800,125619.72,,,,,
C005,Back to College,08-06-2026,Email,CUST02213,45-54,Female,15772,878,246,63,1028.45,120293.17,,,,,
C005,Back to College,13-01-2026,YouTube,CUST01735,18-24,Female,5566,134,13,1,847.97,1340.65,,,,,
C008,Year End Clearance,15-01-2026,YouTube,CUST01149,35-44,Male,13829,271,29,4,2350.69,5906.91,,,,,
C002,Festive Bonanza,20-05-2026,Facebook,CUST01819,25-34,Female,10694,245,36,4,1637.53,11534.18,,,,,
C003,New Product Launch,28-02-2026,Facebook,CUST00778,45-54,Male,7644,159,31,4,1212.83,6615.91,,,,,
C007,Diwali Mega Sale,06-05-2026,YouTube,CUST01417,18-24,Female,5357,86,4,0,807.28,0,,,,,
C002,Festive Bonanza,18-01-2026,Google Ads,CUST00815,45-54,Female,12109,607,147,24,3330.3,51959.39,,,,,
C007,Diwali Mega Sale,07-07-2026,Google Ads,CUST00810,18-24,Female,5820,265,50,14,1087.62,48234.61,,,,,
C005,Back to College,15-03-2026,YouTube,CUST01145,18-24,Female,7815,183,20,1,1677.35,2376.76,,,,,
C005,Back to College,27-02-2026,YouTube,CUST01152,25-34,Male,15806,282,30,3,3090.08,5406.65,,,,,
C004,Monsoon Offers,08-01-2026,Facebook,CUST02053,35-44,Female,12734,307,42,5,2058.96,8565.53,,,,,
C003,New Product Launch,22-04-2026,YouTube,CUST00914,18-24,Female,11452,315,37,1,2428.42,1683.29,,,,,
C007,Diwali Mega Sale,18-02-2026,Google Ads,CUST01251,25-34,Male,7050,211,45,11,1723.72,21795.08,,,,,
C005,Back to College,06-02-2026,instagram,CUST01644,45-54,Male,13837,548,107,21,3601.62,51781.28,,,,,
C003,New Product Launch,01-01-2026,Email,CUST01805,35-44,Male,7970,429,130,30,800,78204.31,,,,,
C003,New Product Launch,26-03-2026,Instagram,CUST00042,25-34,Female,4228,180,31,5,800,9985.79,,,,,
C002,Festive Bonanza,03-06-2026,Facebook,CUST02282,35-44,Female,13275,303,44,3,1875.69,4572.29,,,,,
C004,Monsoon Offers,14-07-2026,Google Ads,CUST02058,25-34,Male,3406,171,38,9,871.36,18852.36,,,,,
C001,Summer Sale,17-05-2026,Instagram,CUST01547,18-24,Male,10092,342,53,5,1632.93,7147.34,,,,,
C003,New Product Launch,22-08-2026,YouTube,CUST00851,45-54,Female,20150,475,49,1,2997.36,1360.42,,,,,
C007,Diwali Mega Sale,07-02-2026,Email,CUST01044,35-44,Male,9968,510,159,41,800,135572.57,,,,,
C007,Diwali Mega Sale,19-02-2026,Facebook,CUST02108,25-34,Female,11731,394,63,10,1330.18,22902.95,,,,,
C007,Diwali Mega Sale,17-05-2026,Instagram,CUST01379,25-34,Male,8028,324,57,11,1249.37,19480.98,,,,,
C006,Weekend Flash Sale,02-04-2026,YouTube,CUST02136,25-34,Female,8731,158,27,3,1497.74,6082.59,,,,,
C002,Festive Bonanza,14-05-2026,Facebook,CUST01367,35-44,Female,7037,202,25,2,879.47,4336.85,,,,,
C005,Back to College,02-02-2026,Google Ads,CUST01323,18-24,Female,4859,259,66,11,1260.63,15320.97,,,,,
C002,Festive Bonanza,04-04-2026,Facebook,CUST02384,18-24,Female,9886,292,33,4,1619.24,9126.85,,,,,
C003,New Product Launch,14-03-2026,Instagram,CUST00215,35-44,Male,10343,402,66,10,1217.56,6541.37,,,,,
C002,Festive Bonanza,30-04-2026,Instagram,CUST00069,18-24,Male,6993,235,45,10,1241.65,14373.24,,,,,
C007,Diwali Mega Sale,26-01-2026,Google Ads,CUST01195,35-44,Female,17772,1009,227,51,3590.05,138467.86,,,,,
C006,Weekend Flash Sale,17-04-2026,Google Ads,CUST00940,45-54,Male,3860,191,33,7,1053.99,14091.27,,,,,
C002,Festive Bonanza,18-06-2026,Google Ads,CUST02278,25-34,Male,3571,180,38,10,978.66,21500.31,,,,,
C006,Weekend Flash Sale,12-06-2026,Instagram,CUST01224,18-24,Female,8160,254,31,7,1100.28,22322.86,,,,,
C002,Festive Bonanza,02-06-2026,Email,CUST02391,45-54,Male,5370,373,115,19,800,65862.23,,,,,
C004,Monsoon Offers,21-04-2026,Google Ads,CUST01321,25-34,Male,12038,719,181,31,2132.27,58540.21,,,,,
C007,Diwali Mega Sale,22-05-2026,Google Ads,CUST01760,35-44,Male,8957,358,75,13,2035.18,27260.04,,,,,
C002,Festive Bonanza,08-06-2026,Email,CUST01609,35-44,Female,11188,830,266,67,800,233971.67,,,,,
C003,New Product Launch,25-05-2026,Email,CUST01200,45-54,Female,15310,1425,418,99,838.79,306551.26,,,,,
C002,Festive Bonanza,27-08-2026,Instagram,CUST00996,35-44,Male,17164,630,88,13,2605.29,23614.72,,,,,
C007,Diwali Mega Sale,09-06-2026,Instagram,CUST01791,35-44,Male,11247,373,49,8,1516.78,23532.04,,,,,
C003,New Product Launch,07-06-2026,Email,CUST02051,25-34,Female,7659,497,135,21,800,74326.79,,,,,
C001,Summer Sale,24-08-2026,YouTube,CUST00634,25-34,Female,5546,155,20,2,800,3136.42,,,,,
C003,New Product Launch,20-07-2026,Google Ads,CUST01625,25-34,Male,9406,392,79,9,2699.74,19452.82,,,,,
C004,Monsoon Offers,25-07-2026,Instagram,CUST00754,18-24,Female,4584,97,15,1,854.5,1591.45,,,,,
C001,Summer Sale,31-05-2026,YouTube,CUST01503,25-34,Female,7920,199,22,0,1676.74,0,,,,,
C008,Year End Clearance,06-06-2026,Instagram,CUST01893,35-44,Female,11954,223,32,1,1714.11,1616.89,,,,,
C001,Summer Sale,06-02-2026,Google Ads,CUST01621,45-54,Male,6038,236,48,3,1366.8,9358.62,,,,,
C007,Diwali Mega Sale,25-05-2026,Google Ads,CUST02022,18-24,Female,4748,207,58,15,1333.33,40833.54,,,,,
C006,Weekend Flash Sale,08-03-2026,YouTube,CUST01549,25-34,Male,10842,207,28,4,2037.48,9157.9,,,,,
C008,Year End Clearance,18-06-2026,Email,CUST01453,25-34,Male,6503,367,115,25,800,61062.57,,,,,
C007,Diwali Mega Sale,18-05-2026,Email,CUST00044,25-34,Male,7259,414,124,28,800,105871.65,,,,,
C008,Year End Clearance,12-07-2026,Instagram,CUST00878,35-44,Male,5104,215,36,2,800,4009.15,,,,,
C005,Back to College,17-01-2026,Facebook,CUST00224,25-34,Male,8102,226,30,2,876.34,3692.4,,,,,
C001,Summer Sale,11-08-2026,Google Ads,CUST00064,25-34,Female,9368,489,108,14,1994.34,36491.62,,,,,
C005,Back to College,02-03-2026,Email,CUST00190,45-54,Female,3509,165,46,10,800,36071.16,,,,,
C006,Weekend Flash Sale,22-05-2026,Facebook,CUST00245,35-44,Male,18086,535,65,8,2284.26,17324.58,,,,,
C008,Year End Clearance,04-03-2026,Google Ads,CUST00527,55+,Male,25541,1055,250,47,6977.8,111914.56,,,,,
C001,Summer Sale,24-04-2026,Google Ads,CUST00464,18-24,Male,7304,364,87,15,1920.86,42751.54,,,,,
C005,Back to College,08-07-2026,Instagram,CUST02404,25-34,Female,7420,237,34,4,984.4,6467.01,,,,,
C006,Weekend Flash Sale,14-02-2026,Facebook,CUST00779,25-34,Male,8799,231,21,6,1096.12,14004.71,,,,,
C004,Monsoon Offers,22-08-2026,YouTube,CUST00963,55+,Male,3749,89,14,2,800,4686.69,,,,,
C005,Back to College,18-05-2026,Facebook,CUST00132,18-24,Female,29659,518,76,9,4078.46,22450.69,,,,,
C008,Year End Clearance,11-04-2026,Facebook,CUST02381,35-44,Male,7466,173,24,7,856.38,10673.38,,,,,
C007,Diwali Mega Sale,20-07-2026,YouTube,CUST01994,25-34,Male,17762,496,67,8,3905.26,18429.23,,,,,
C001,Summer Sale,18-03-2026,Instagram,CUST02236,35-44,Male,15457,551,88,16,2677.09,31381.97,,,,,
C008,Year End Clearance,04-08-2026,YouTube,CUST00481,25-34,Male,8487,143,18,2,1486.96,1789.49,,,,,
C008,Year End Clearance,18-02-2026,Facebook,CUST01188,18-24,Male,10440,327,47,7,1418.38,15235.28,,,,,
C003,New Product Launch,28-08-2026,Google Ads,CUST01871,25-34,Female,18741,873,187,31,5090.25,98500.53,,,,,
C007,Diwali Mega Sale,17-06-2026,Google Ads,CUST02326,25-34,Female,9174,330,66,12,1703.13,33527.83,,,,,
C008,Year End Clearance,20-01-2026,YouTube,CUST01556,55+,Male,10876,189,28,3,1542.01,4307.78,,,,,
C001,Summer Sale,07-06-2026,Email,CUST01424,25-34,Female,26215,1981,607,112,1291.82,281965.85,,,,,
C006,Weekend Flash Sale,20-04-2026,Google Ads,CUST01364,55+,Female,7903,382,81,15,1975.66,40152.73,,,,,
C007,Diwali Mega Sale,21-01-2026,YouTube,CUST01006,25-34,Female,24480,557,64,10,5315.57,17384.45,,,,,
C005,Back to College,05-06-2026,Instagram,CUST01523,25-34,Male,31989,1071,163,23,4611.17,37779.48,,,,,
C006,Weekend Flash Sale,19-03-2026,YouTube,CUST00434,25-34,Male,14066,394,51,15,2523.01,23024.1,,,,,
C008,Year End Clearance,28-01-2026,Instagram,CUST01378,35-44,Male,5245,158,26,3,804.87,5263.72,,,,,
C008,Year End Clearance,13-08-2026,Facebook,CUST02408,25-34,Female,10714,330,54,4,1708.56,6775.36,,,,,
C004,Monsoon Offers,20-06-2026,Google Ads,CUST01102,25-34,Female,10455,463,103,17,2801.7,39844.39,,,,,
C008,Year End Clearance,12-07-2026,Email,CUST00610,35-44,Female,10283,646,193,52,800,146525.45,,,,,
C008,Year End Clearance,21-08-2026,Google Ads,CUST01811,25-34,Female,11290,406,92,20,2954.86,52679.19,,,,,
C003,New Product Launch,02-01-2026,Email,CUST00442,18-24,Female,8048,480,133,23,800,63258.47,,,,,
C007,Diwali Mega Sale,13-02-2026,Google Ads,CUST01518,55+,Male,8380,343,84,15,1542.06,41768.56,,,,,
C008,Year End Clearance,31-05-2026,YouTube,CUST01059,18-24,Male,10441,158,23,4,1502.26,8412.79,,,,,
C005,Back to College,26-01-2026,Google Ads,CUST01559,45-54,Male,8314,350,72,14,2289.3,34428.77,,,,,
C006,Weekend Flash Sale,27-02-2026,Google Ads,CUST01518,25-34,Female,6396,298,52,8,1582.17,21273.53,,,,,
C007,Diwali Mega Sale,14-01-2026,Instagram,CUST00364,18-24,Male,10218,305,45,4,1606.76,8257.95,,,,,
C001,Summer Sale,09-05-2026,Facebook,CUST01761,25-34,Male,20160,419,56,8,2555.12,19353.46,,,,,
C001,Summer Sale,01-05-2026,Facebook,CUST02212,25-34,Male,7920,224,33,2,914.32,3365.31,,,,,
C005,Back to College,07-06-2026,Google Ads,CUST01814,45-54,Male,15009,688,154,18,3292.49,44833.89,,,,,
C004,Monsoon Offers,14-03-2026,Instagram,CUST00853,18-24,Male,12949,371,61,4,1713.41,6963.56,,,,,
C001,Summer Sale,24-01-2026,Email,CUST00140,18-24,Female,15929,1261,378,86,857.62,179954.21,,,,,
C001,Summer Sale,16-01-2026,Facebook,CUST02117,45-54,Female,6409,213,38,3,800,5708.52,,,,,
C005,Back to College,08-04-2026,Facebook,CUST00354,45-54,Female,3390,89,13,1,800,2455.52,,,,,
C004,Monsoon Offers,12-04-2026,Facebook,CUST00426,25-34,Male,8425,239,34,4,1066.44,6257.74,,,,,
C006,Weekend Flash Sale,03-03-2026,Facebook,CUST02135,55+,Female,2550,54,4,2,800,5914.4,,,,,
C008,Year End Clearance,05-08-2026,YouTube,CUST01001,18-24,Male,5650,86,11,0,1036.02,0,,,,,
C001,Summer Sale,01-06-2026,Google Ads,CUST01817,25-34,Male,5124,166,41,5,1260.36,8447.78,,,,,
C007,Diwali Mega Sale,09-07-2026,Facebook,CUST00194,45-54,Female,7905,139,18,2,802.18,5248.71,,,,,
C008,Year End Clearance,27-05-2026,Email,CUST02114,25-34,Female,11923,653,210,44,800,135449.83,,,,,
C008,Year End Clearance,29-07-2026,Google Ads,CUST01328,25-34,Male,4676,264,55,11,1302.65,32498.68,,,,,
C001,Summer Sale,17-03-2026,Google Ads,CUST00360,25-34,Male,22091,619,141,21,5806.21,46549.92,,,,,
C003,New Product Launch,02-02-2026,YouTube,CUST00258,45-54,Female,8746,189,20,1,1769.41,1935.02,,,,,
C008,Year End Clearance,03-01-2026,Google Ads,CUST02103,18-24,Female,9717,431,86,10,2418.17,21990.54,,,,,
C006,Weekend Flash Sale,08-03-2026,YouTube,CUST00230,35-44,Male,6126,139,19,0,1302.43,0,,,,,
C008,Year End Clearance,08-04-2026,Google Ads,CUST01979,25-34,Female,4556,220,42,7,1239.86,8390.66,,,,,
C002,Festive Bonanza,20-01-2026,Email,CUST01820,35-44,Female,18431,897,281,61,934.26,227671.02,,,,,
C008,Year End Clearance,29-04-2026,Google Ads,CUST00569,18-24,Female,5083,204,46,9,1145.59,14891.48,,,,,
C005,Back to College,22-02-2026,Google Ads,CUST01773,45-54,Male,5100,253,65,10,1160.51,22879.91,,,,,
C001,Summer Sale,12-01-2026,Facebook,CUST02161,18-24,Female,5495,119,26,2,870.94,2060.5,,,,,
C004,Monsoon Offers,24-04-2026,Google Ads,CUST02447,25-34,Male,10278,439,90,11,2545.9,29574.85,,,,,
C005,Back to College,31-07-2026,YouTube,CUST00540,35-44,Female,14340,310,37,5,3147.51,9360.51,,,,,
C004,Monsoon Offers,09-08-2026,Facebook,CUST01041,45-54,Male,9255,284,41,3,1258.78,3879.2,,,,,
C008,Year End Clearance,20-08-2026,Google Ads,CUST01027,18-24,Female,6958,259,50,7,1366.6,22525.32,,,,,
C001,Summer Sale,13-02-2026,Google Ads,CUST01787,18-24,Female,5094,217,55,5,904.63,12430.82,,,,,
C005,Back to College,16-06-2026,Facebook,CUST02487,35-44,Female,10675,343,54,9,1661.26,17604.1,,,,,
C005,Back to College,13-01-2026,YouTube,CUST00715,25-34,Male,2524,45,8,0,800,0,,,,,
C004,Monsoon Offers,18-06-2026,Instagram,CUST02066,25-34,Male,4732,177,27,0,805.18,0,,,,,
C003,New Product Launch,03-05-2026,Facebook,CUST01481,25-34,Other,6240,140,19,2,924.49,3176,,,,,
C002,Festive Bonanza,22-08-2026,Instagram,CUST01843,25-34,Female,18511,610,102,19,2087.17,52893.73,,,,,
C003,New Product Launch,14-05-2026,Google Ads,CUST01350,35-44,Male,10531,439,110,16,2446.8,40523.03,,,,,
C001,Summer Sale,25-04-2026,YouTube,CUST01442,18-24,Male,13697,311,35,6,2135.96,8211.85,,,,,
C004,Monsoon Offers,30-04-2026,Email,CUST01752,45-54,Female,6120,462,126,16,800,37200.23,,,,,
C007,Diwali Mega Sale,13-06-2026,Google Ads,CUST02330,18-24,Female,6256,266,50,16,1330.02,22652.87,,,,,
C006,Weekend Flash Sale,14-04-2026,Email,CUST01551,25-34,Male,6656,450,134,34,800,93826.55,,,,,
C003,New Product Launch,02-07-2026,Email,CUST02065,25-34,Male,15205,1090,327,68,1002.57,158509.48,,,,,
C001,Summer Sale,10-04-2026,Google Ads,CUST00150,55+,Male,10463,375,89,12,2862.74,19660.02,,,,,
C001,Summer Sale,03-01-2026,Google Ads,CUST00904,25-34,Male,11150,353,87,10,2976.2,24008.97,,,,,
C003,New Product Launch,18-01-2026,YouTube,CUST02349,35-44,Male,20194,356,35,5,3770.58,7766.16,,,,,
C004,Monsoon Offers,17-07-2026,Facebook,CUST01668,25-34,Female,7165,209,29,6,1156.8,9169.58,,,,,
C005,Back to College,13-02-2026,Instagram,CUST02456,25-34,Female,10247,232,29,3,1259.43,6719.85,,,,,
C006,Weekend Flash Sale,21-07-2026,YouTube,CUST01388,35-44,Female,6196,134,14,0,1199.71,0,,,,,
C002,Festive Bonanza,15-03-2026,Instagram,CUST01460,18-24,Female,2999,89,11,2,800,4227.01,,,,,
C006,Weekend Flash Sale,27-08-2026,YouTube,CUST01589,25-34,Male,9056,194,20,1,1329.02,1998.25,,,,,
C002,Festive Bonanza,08-08-2026,Instagram,CUST01313,55+,Female,8715,289,42,3,1385.14,5673.61,,,,,
C008,Year End Clearance,04-03-2026,Instagram,CUST00029,45-54,Female,9501,297,45,2,1358.4,3859.69,,,,,
C001,Summer Sale,04-07-2026,Instagram,CUST00617,35-44,Male,4905,189,33,1,896.04,1625.73,,,,,
C004,Monsoon Offers,29-07-2026,Google Ads,CUST00410,35-44,Male,7930,312,61,10,1697.58,19677.54,,,,,
C004,Monsoon Offers,28-08-2026,Instagram,CUST00827,25-34,Male,7180,217,37,1,1138.95,1392.6,,,,,
C005,Back to College,18-03-2026,Facebook,CUST00416,25-34,Other,15271,522,71,9,2512.85,12041.95,,,,,
C003,New Product Launch,17-08-2026,YouTube,CUST01863,45-54,Female,8248,122,13,0,1362.25,0,,,,,
C001,Summer Sale,18-03-2026,YouTube,CUST01535,45-54,Female,4070,100,13,2,800,1932.92,,,,,
C008,Year End Clearance,27-08-2026,Instagram,CUST01776,45-54,Female,10616,428,62,5,1907.25,14468.14,,,,,
C003,New Product Launch,02-07-2026,Instagram,CUST00910,45-54,Female,4224,156,34,4,800,7396.55,,,,,
C002,Festive Bonanza,31-05-2026,Google Ads,CUST01740,18-24,Female,11724,533,106,14,2772.96,35542.87,,,,,
C008,Year End Clearance,17-08-2026,Instagram,CUST01309,25-34,Male,5753,215,38,4,800,8271.43,,,,,
C007,Diwali Mega Sale,26-07-2026,Facebook,CUST01448,35-44,Female,5753,237,29,7,800,18869.78,,,,,
C007,Diwali Mega Sale,29-06-2026,Google Ads,CUST00744,45-54,Female,8730,414,90,19,2149.35,73692.74,,,,,
C006,Weekend Flash Sale,11-06-2026,Email,CUST02449,25-34,Female,9599,459,133,23,800,70633.4,,,,,
C007,Diwali Mega Sale,23-05-2026,YouTube,CUST01578,45-54,Male,20219,416,47,7,4020.03,12911.58,,,,,
C004,Monsoon Offers,14-03-2026,YouTube,CUST00012,45-54,Male,3437,65,6,2,800,2892.04,,,,,
C005,Back to College,12-08-2026,Email,CUST02180,45-54,Male,26776,1365,425,88,1234.47,248108.83,,,,,
C002,Festive Bonanza,26-08-2026,Instagram,CUST00124,18-24,Male,3279,84,15,5,800,9674.58,,,,,
C008,Year End Clearance,24-07-2026,Instagram,CUST00730,45-54,Female,15067,425,66,9,1817.99,22000.6,,,,,
C002,Festive Bonanza,25-04-2026,Email,CUST00586,45-54,Female,16589,1290,367,88,862.17,310949.21,,,,,
C004,Monsoon Offers,30-03-2026,Email,CUST01893,18-24,Female,6294,399,122,25,800,74943.67,,,,,
C006,Weekend Flash Sale,02-05-2026,Facebook,CUST00888,25-34,Male,29021,975,157,22,3203.9,54137.92,,,,,
C004,Monsoon Offers,28-07-2026,Instagram,CUST02081,45-54,Male,13736,382,62,7,1847.69,13631.86,,,,,
C007,Diwali Mega Sale,26-02-2026,Instagram,CUST01239,45-54,Male,9249,169,19,3,1049.4,7777.43,,,,,
C005,Back to College,24-02-2026,Google Ads,CUST00996,45-54,Male,5499,267,55,12,1182.37,25206.81,,,,,
C003,New Product Launch,05-03-2026,Facebook,CUST00447,25-34,Male,5091,133,10,3,800,4095.74,,,,,
C007,Diwali Mega Sale,30-01-2026,Email,CUST00689,25-34,Female,15530,1295,372,103,820.08,223389.81,,,,,
C006,Weekend Flash Sale,11-01-2026,Google Ads,CUST00949,45-54,Female,5145,239,47,8,1265.34,17651.38,,,,,
C006,Weekend Flash Sale,21-01-2026,Google Ads,CUST00694,55+,Female,10322,443,92,15,2811,42875.42,,,,,
C005,Back to College,03-07-2026,Google Ads,CUST01681,45-54,Female,18455,948,214,39,3730.62,106251.49,,,,,
C001,Summer Sale,07-04-2026,Instagram,CUST00683,45-54,Female,5240,187,30,6,874.62,13918.06,,,,,
C007,Diwali Mega Sale,26-04-2026,Instagram,CUST00679,25-34,Female,6487,188,33,7,800,15711.31,,,,,
C004,Monsoon Offers,14-04-2026,Facebook,CUST00028,35-44,Female,14004,370,53,5,1687.28,6467.99,,,,,
C002,Festive Bonanza,24-02-2026,Google Ads,CUST02499,35-44,Male,13870,609,143,26,3569.35,59688.09,,,,,
C007,Diwali Mega Sale,16-06-2026,Google Ads,CUST01658,25-34,Female,4643,214,45,8,1182.13,19894.02,,,,,
C006,Weekend Flash Sale,04-01-2026,Google Ads,CUST01684,55+,Male,9420,389,91,18,1906.19,31016.92,,,,,
C005,Back to College,26-03-2026,Google Ads,CUST00621,45-54,Male,11597,713,141,28,2842.25,71085.34,,,,,
C006,Weekend Flash Sale,31-08-2026,Email,CUST02026,18-24,Other,2417,144,45,17,800,58209.56,,,,,
C002,Festive Bonanza,28-08-2026,Google Ads,CUST00679,25-34,Female,9418,512,102,22,2433.49,41470.11,,,,,
C006,Weekend Flash Sale,30-08-2026,Google Ads,CUST00856,45-54,Female,6912,277,64,12,1406.31,27538.17,,,,,
C006,Weekend Flash Sale,20-07-2026,Google Ads,CUST00695,18-24,Female,4255,206,46,6,1040.77,14039.56,,,,,
C002,Festive Bonanza,29-04-2026,Google Ads,CUST01504,25-34,Female,12249,433,95,18,2695.91,30664.61,,,,,
C008,Year End Clearance,21-08-2026,Google Ads,CUST00154,35-44,Female,11806,456,89,17,3208.31,41777.95,,,,,
C004,Monsoon Offers,28-07-2026,Google Ads,CUST01566,25-34,Female,10854,279,60,10,2234.24,19050.63,,,,,
C001,Summer Sale,29-06-2026,Email,CUST01296,45-54,Male,17481,1162,334,72,800,290383.55,,,,,
C002,Festive Bonanza,26-08-2026,Email,CUST02082,35-44,Male,5440,457,121,30,800,98453.17,,,,,
C003,New Product Launch,12-03-2026,Email,CUST00274,18-24,Female,7320,598,178,43,800,92409.59,,,,,
C007,Diwali Mega Sale,06-03-2026,Facebook,CUST00893,45-54,Female,10248,220,38,6,1370.51,11948.08,,,,,
C004,Monsoon Offers,20-07-2026,Instagram,CUST01746,25-34,Female,17131,720,111,17,2162.74,26660.88,,,,,
C006,Weekend Flash Sale,08-04-2026,Google Ads,CUST01292,25-34,Male,15138,722,167,38,4193.88,107005.31,,,,,
C004,Monsoon Offers,28-02-2026,Email,CUST02037,45-54,Female,3915,336,93,13,800,24162.12,,,,,
C006,Weekend Flash Sale,26-08-2026,Email,CUST00709,25-34,Male,9689,444,135,42,800,76622.55,,,,,
C003,New Product Launch,26-08-2026,Instagram,CUST00302,35-44,Female,2956,117,13,1,800,2070.73,,,,,
C007,Diwali Mega Sale,08-02-2026,Google Ads,CUST01052,25-34,Male,6119,298,72,16,1720.53,62327.23,,,,,
C004,Monsoon Offers,18-02-2026,YouTube,CUST00339,25-34,Female,9300,248,25,1,1683.2,1293.7,,,,,
C008,Year End Clearance,10-01-2026,Google Ads,CUST00644,45-54,Female,10031,494,95,13,2087.84,28389.09,,,,,
C006,Weekend Flash Sale,28-07-2026,Facebook,CUST01985,18-24,Male,7987,203,26,3,976.94,5627.13,,,,,
C002,Festive Bonanza,04-03-2026,Instagram,CUST01592,45-54,Female,12776,298,45,5,1680.9,15206.15,,,,,
C003,New Product Launch,22-04-2026,Facebook,CUST01340,55+,Male,9044,227,25,4,1319.73,5344.78,,,,,
C001,Summer Sale,22-02-2026,YouTube,CUST01564,18-24,Female,3666,90,7,1,800,1399.65,,,,,
C006,Weekend Flash Sale,13-04-2026,Instagram,CUST01157,55+,Male,6548,167,22,2,800,5122.66,,,,,
C002,Festive Bonanza,20-07-2026,Google Ads,CUST00292,35-44,Female,4013,133,31,4,1141.19,9931.89,,,,,
C001,Summer Sale,22-04-2026,Google Ads,CUST02255,55+,Female,8568,389,100,16,1638.34,29710.4,,,,,
C006,Weekend Flash Sale,13-05-2026,Google Ads,CUST00030,35-44,Male,3943,163,35,7,1120.2,23258.81,,,,,
C001,Summer Sale,14-01-2026,Instagram,CUST01675,35-44,Male,13486,475,72,7,2417.33,14747.61,,,,,
C007,Diwali Mega Sale,29-06-2026,Email,CUST01265,25-34,Female,27715,2023,617,144,1850.72,438485.73,,,,,
C008,Year End Clearance,20-03-2026,YouTube,CUST01424,25-34,Male,18001,383,47,3,3405.77,7074,,,,,
C005,Back to College,21-07-2026,Facebook,CUST00634,45-54,Female,11622,349,37,4,1321.56,7120.64,,,,,
C005,Back to College,01-07-2026,YouTube,CUST02296,18-24,Male,12838,272,41,2,1992.19,3520.08,,,,,
C001,Summer Sale,21-07-2026,Google Ads,CUST00697,35-44,Male,7168,385,85,11,1354.67,33970.83,,,,,
C008,Year End Clearance,11-02-2026,Google Ads,CUST01085,35-44,Male,5991,309,77,19,1325.68,49742.74,,,,,
C002,Festive Bonanza,28-03-2026,Email,CUST01353,25-34,Female,11052,872,268,73,800,127259.73,,,,,
C005,Back to College,29-06-2026,Google Ads,CUST00436,25-34,Male,10787,438,101,19,2162.77,43627.98,,,,,
C001,Summer Sale,30-05-2026,Facebook,CUST01897,25-34,Female,8246,194,18,0,1365.24,0,,,,,
C008,Year End Clearance,13-03-2026,Facebook,CUST00365,45-54,Male,12803,294,50,5,1502.32,9328.19,,,,,
C006,Weekend Flash Sale,25-06-2026,Instagram,CUST01357,45-54,Male,5356,231,40,0,977.64,0,,,,,
C003,New Product Launch,04-08-2026,Google Ads,CUST02048,35-44,Female,6377,241,47,10,1515.55,23491.71,,,,,
C001,Summer Sale,23-07-2026,YouTube,CUST01955,55+,Female,14859,362,50,1,3011.02,1463.13,,,,,
C007,Diwali Mega Sale,22-03-2026,Google Ads,CUST02031,45-54,Female,15977,562,101,25,4324.5,78723.96,,,,,
C001,Summer Sale,31-08-2026,Facebook,CUST01783,18-24,Male,17272,723,101,13,2045.52,25614.1,,,,,
C007,Diwali Mega Sale,02-08-2026,Google Ads,CUST01446,25-34,Female,25731,1384,295,68,7097.93,183526.22,,,,,
C007,Diwali Mega Sale,22-01-2026,Google Ads,CUST00116,55+,Female,16769,818,175,34,4271.54,77505.74,,,,,
C006,Weekend Flash Sale,06-05-2026,Facebook,CUST00596,25-34,Male,21332,696,106,18,2967.72,31080.15,,,,,
C004,Monsoon Offers,11-02-2026,Google Ads,CUST02257,18-24,Female,2091,86,22,2,800,5724.63,,,,,
C004,Monsoon Offers,01-03-2026,YouTube,CUST01025,35-44,Male,5958,157,9,1,820.29,1566.35,,,,,
C008,Year End Clearance,09-05-2026,Email,CUST00056,25-34,Female,4184,264,81,20,800,63861.23,,,,,
C007,Diwali Mega Sale,12-01-2026,Instagram,CUST00837,35-44,Female,20091,720,115,17,2682.04,48611.66,,,,,
C008,Year End Clearance,05-01-2026,Facebook,CUST02054,35-44,Male,5687,149,17,0,857.05,0,,,,,
C004,Monsoon Offers,20-04-2026,Facebook,CUST02338,25-34,Female,4297,114,10,1,800,1511.83,,,,,
C003,New Product Launch,10-05-2026,YouTube,CUST02003,25-34,Male,8926,170,16,1,1293.88,2228.79,,,,,
C002,Festive Bonanza,09-06-2026,Google Ads,CUST01624,25-34,Female,4209,262,60,8,913.5,14829.16,,,,,
C008,Year End Clearance,15-02-2026,YouTube,CUST02450,18-24,Female,8653,195,15,5,1385.33,7028.48,,,,,
C004,Monsoon Offers,06-04-2026,Facebook,CUST01150,55+,Male,9409,317,44,5,1239.18,8441.88,,,,,
C008,Year End Clearance,08-07-2026,Email,CUST02132,25-34,Female,10562,391,112,20,800,45109.97,,,,,
C008,Year End Clearance,01-08-2026,Instagram,CUST01766,25-34,Other,9853,291,41,3,1338.48,6041.88,,,,,
C005,Back to College,16-02-2026,Google Ads,CUST02447,35-44,Female,7178,371,81,14,1737.37,33897.59,,,,,
C002,Festive Bonanza,12-08-2026,Email,CUST00878,18-24,Male,8783,687,189,45,800,187390.96,,,,,
C003,New Product Launch,19-02-2026,Email,CUST01582,35-44,Female,7259,509,157,26,800,64237.38,,,,,
C005,Back to College,22-01-2026,Google Ads,CUST02208,25-34,Male,11664,536,129,21,2996.51,72269.06,,,,,
C004,Monsoon Offers,29-05-2026,Facebook,CUST01704,35-44,Male,18109,682,83,8,2796.27,12969.34,,,,,
C003,New Product Launch,24-05-2026,Email,CUST02261,35-44,Male,7837,522,169,33,800,94101.88,,,,,
C002,Festive Bonanza,25-01-2026,Instagram,CUST01617,18-24,Male,14054,366,59,8,1600.12,19558.55,,,,,
C003,New Product Launch,17-02-2026,Email,CUST01810,18-24,Male,11013,354,109,22,800,33341.7,,,,,
C002,Festive Bonanza,15-02-2026,Google Ads,CUST01830,35-44,Female,5832,204,39,6,1490.8,14458.86,,,,,
C001,Summer Sale,15-06-2026,Google Ads,CUST00876,18-24,Female,6542,296,45,9,1640.6,20524.34,,,,,
C001,Summer Sale,06-03-2026,Facebook,CUST01460,35-44,Male,6526,166,23,4,971.6,8574.43,,,,,
C008,Year End Clearance,29-08-2026,Facebook,CUST00253,18-24,Female,5280,152,29,4,800,6940.17,,,,,
C002,Festive Bonanza,10-01-2026,Google Ads,CUST01926,35-44,Female,12692,636,145,26,2543.92,71506.88,,,,,
C002,Festive Bonanza,14-06-2026,Instagram,CUST00831,25-34,Male,10143,351,65,11,1446.48,27286.34,,,,,
C004,Monsoon Offers,16-05-2026,Facebook,CUST02230,25-34,Female,7422,219,30,4,898.73,3569.18,,,,,
C001,Summer Sale,11-08-2026,Instagram,CUST02454,35-44,Unknown,21797,796,125,12,3948.99,23569.15,,,,,
C005,Back to College,04-02-2026,Email,CUST01898,18-24,Other,13893,966,278,55,800,106632.26,,,,,
C007,Diwali Mega Sale,10-06-2026,Google Ads,CUST00605,25-34,Male,5280,222,64,14,1017.53,40813.59,,,,,
C007,Diwali Mega Sale,16-04-2026,Google Ads,CUST00590,35-44,Female,12334,526,113,19,2796.53,58817.3,,,,,
C001,Summer Sale,18-04-2026,YouTube,CUST00624,25-34,Female,11002,224,30,3,1513.6,6268.01,,,,,
C003,New Product Launch,26-02-2026,Google Ads,CUST01686,18-24,Female,2648,139,26,5,800,8355.85,,,,,
C007,Diwali Mega Sale,13-06-2026,Instagram,CUST02072,55+,Male,12522,340,55,6,2152.73,16534.12,,,,,
C008,Year End Clearance,26-03-2026,YouTube,CUST01571,25-34,Male,6644,85,6,0,1169.97,0,,,,,
C007,Diwali Mega Sale,17-04-2026,Facebook,CUST02298,25-34,Female,13524,465,62,10,1465.07,27625.9,,,,,
C004,Monsoon Offers,20-02-2026,Email,CUST01453,45-54,Female,13631,885,276,53,800,114126.39,,,,,
C004,Monsoon Offers,29-03-2026,Email,CUST02104,18-24,Male,4546,262,74,13,800,36484.24,,,,,
C005,Back to College,19-01-2026,YouTube,CUST01864,18-24,Male,13675,334,44,2,2778,4319.75,,,,,
C005,Back to College,02-01-2026,Instagram,CUST02413,25-34,Female,12407,438,95,19,1624.42,30061.3,,,,,
C004,Monsoon Offers,11-07-2026,Google Ads,CUST02052,45-54,Male,4194,126,29,1,1077.4,1427.87,,,,,
C001,Summer Sale,20-08-2026,Facebook,CUST00280,25-34,Female,9895,226,36,3,1583.57,4848.43,,,,,
C002,Festive Bonanza,16-07-2026,Facebook,CUST01495,55+,Female,11347,260,31,7,1405.14,12637.02,,,,,
C007,Diwali Mega Sale,09-07-2026,Google Ads,CUST01099,55+,Male,10472,424,108,17,2379.63,50452.33,,,,,
C003,New Product Launch,17-08-2026,Instagram,CUST01372,25-34,Male,11707,432,72,11,1898.51,25010.52,,,,,
C008,Year End Clearance,14-04-2026,Email,CUST00886,25-34,Male,9595,512,151,32,800,108618.72,,,,,
C004,Monsoon Offers,12-06-2026,Email,CUST00908,35-44,Female,17250,1409,432,86,1033.03,184142.61,,,,,
C006,Weekend Flash Sale,05-04-2026,Google Ads,CUST01347,45-54,Female,2956,116,36,12,800,36746.86,,,,,
C008,Year End Clearance,18-06-2026,Instagram,CUST01467,18-24,Male,15037,487,83,14,1846.79,33511.9,,,,,
C003,New Product Launch,15-04-2026,Facebook,CUST02024,45-54,Other,8128,262,32,3,1099.82,6654.79,,,,,
C007,Diwali Mega Sale,08-05-2026,Google Ads,CUST01388,55+,Other,7694,281,52,11,1955.65,22052.31,,,,,
C008,Year End Clearance,23-01-2026,Email,CUST00702,18-24,Female,7148,593,172,35,800,87287.4,,,,,
C001,Summer Sale,14-05-2026,Instagram,CUST02296,35-44,Female,11877,393,60,13,1869.95,18461.78,,,,,
C004,Monsoon Offers,11-08-2026,Email,CUST00316,35-44,Female,9233,648,190,36,800,56703.3,,,,,
C005,Back to College,19-02-2026,Google Ads,CUST00868,18-24,Male,4870,293,58,9,1216.06,19495.97,,,,,
C003,New Product Launch,06-06-2026,Facebook,CUST01959,18-24,Female,10253,292,42,7,1282.84,13408.03,,,,,
C005,Back to College,12-03-2026,Instagram,CUST00397,18-24,Female,6060,223,38,2,986.87,4317.04,,,,,
C005,Back to College,09-06-2026,YouTube,CUST01259,25-34,Female,8291,139,20,3,1503.02,4476.8,,,,,
C008,Year End Clearance,20-03-2026,Google Ads,CUST01021,25-34,Male,25160,1194,282,52,5509.05,113680.1,,,,,
C006,Weekend Flash Sale,01-08-2026,Email,CUST01849,25-34,Female,17845,1196,342,74,819.89,275299.86,,,,,
C005,Back to College,07-03-2026,Google Ads,CUST00202,35-44,Female,5479,200,40,9,980.2,20489.13,,,,,
C004,Monsoon Offers,29-01-2026,Google Ads,CUST01521,35-44,Male,6379,272,63,11,1400.03,24314.8,,,,,
C003,New Product Launch,08-02-2026,Facebook,CUST00130,25-34,Male,6254,246,33,5,1024.35,8308.37,,,,,
C007,Diwali Mega Sale,24-07-2026,Google Ads,CUST00897,18-24,Male,6479,260,73,14,1743.39,40086.74,,,,,
C004,Monsoon Offers,16-02-2026,Facebook,CUST00425,25-34,Male,13282,340,41,5,1851.81,6806.79,,,,,
C006,Weekend Flash Sale,29-05-2026,Google Ads,CUST00016,18-24,Female,14738,578,127,19,2649.91,41572.39,,,,,
C008,Year End Clearance,09-04-2026,Google Ads,CUST00171,25-34,Male,11921,489,100,19,3376.27,38194.58,,,,,
C008,Year End Clearance,08-05-2026,Instagram,CUST02195,35-44,Female,9674,223,29,5,1095.39,8934.7,,,,,
C005,Back to College,29-07-2026,Instagram,CUST02363,25-34,Male,12111,347,53,3,1387.94,8291.48,,,,,
C005,Back to College,23-01-2026,Google Ads,CUST02248,35-44,Female,11384,404,87,13,2641.19,34172.43,,,,,
C006,Weekend Flash Sale,04-01-2026,Facebook,CUST00930,18-24,Other,18958,401,47,5,2081.63,12674.51,,,,,
C002,Festive Bonanza,23-01-2026,YouTube,CUST01266,25-34,Male,6016,120,17,3,928.42,6293.09,,,,,
C004,Monsoon Offers,03-04-2026,YouTube,CUST00889,25-34,Male,14909,317,45,3,2107.94,4768.77,,,,,
C001,Summer Sale,19-01-2026,Facebook,CUST01199,45-54,Male,2968,85,15,5,800,7973.75,,,,,
C007,Diwali Mega Sale,08-04-2026,Email,CUST01388,35-44,Female,9886,693,209,60,800,182327.73,,,,,
C001,Summer Sale,29-03-2026,Facebook,CUST02419,18-24,Female,14322,478,67,5,2150.9,8883.36,,,,,
C005,Back to College,03-01-2026,YouTube,CUST02125,18-24,Female,17049,282,40,5,3327.39,6893.69,,,,,
C004,Monsoon Offers,25-08-2026,Instagram,CUST00199,25-34,Female,12429,386,61,7,2054.01,11039.62,,,,,
C008,Year End Clearance,18-02-2026,Facebook,CUST00967,25-34,Male,21123,671,94,13,2272.48,23224.6,,,,,
C004,Monsoon Offers,04-04-2026,YouTube,CUST00441,55+,Male,12757,303,49,6,2541.96,7873.25,,,,,
C005,Back to College,05-02-2026,Facebook,CUST01114,25-34,Male,6862,185,29,6,800,9827.08,,,,,
C007,Diwali Mega Sale,18-03-2026,Instagram,CUST00477,35-44,Female,6424,268,41,9,975.53,14837.17,,,,,
C001,Summer Sale,17-02-2026,Google Ads,CUST02417,35-44,Other,16976,732,183,32,4485.89,78451.63,,,,,
C007,Diwali Mega Sale,15-08-2026,Email,CUST01531,55+,Female,5726,470,136,27,800,59975.3,,,,,
C007,Diwali Mega Sale,10-05-2026,Instagram,CUST01345,25-34,Male,9559,360,53,5,1674.36,15824.75,,,,,
C004,Monsoon Offers,26-03-2026,YouTube,CUST01614,25-34,Male,8357,186,22,4,1469.71,3930.71,,,,,
C007,Diwali Mega Sale,11-06-2026,Facebook,CUST01890,35-44,Male,5603,187,25,4,800,8333.99,,,,,
C001,Summer Sale,23-03-2026,Google Ads,CUST02007,25-34,Male,11884,477,103,20,2862.92,33334.67,,,,,
C005,Back to College,17-04-2026,Email,CUST01021,35-44,Female,12753,911,278,60,853.94,163198.51,,,,,
C003,New Product Launch,28-05-2026,Google Ads,CUST01749,18-24,Female,10132,397,87,12,2763.88,23992.61,,,,,
C003,New Product Launch,02-08-2026,Instagram,CUST00933,18-24,Male,14758,509,90,9,2684.85,6369.04,,,,,
C007,Diwali Mega Sale,09-01-2026,YouTube,CUST01609,45-54,Male,10790,288,31,8,2313.3,19424.27,,,,,
C001,Summer Sale,02-03-2026,Google Ads,CUST00243,35-44,Male,14618,783,176,31,2945.4,55449.95,,,,,
C006,Weekend Flash Sale,02-08-2026,Google Ads,CUST02409,35-44,Female,12806,636,134,27,2341.73,66010.54,,,,,
C007,Diwali Mega Sale,11-06-2026,Google Ads,CUST01040,35-44,Male,11583,421,86,15,2336.07,39459.93,,,,,
C002,Festive Bonanza,21-08-2026,Instagram,CUST00234,25-34,Female,6852,288,39,5,1244.6,13865.6,,,,,
C001,Summer Sale,26-02-2026,Google Ads,CUST00191,45-54,Male,7898,246,45,9,1811.94,16125.69,,,,,
C003,New Product Launch,07-02-2026,Facebook,CUST00013,25-34,Male,9810,266,48,7,1138.19,14115.37,,,,,
C006,Weekend Flash Sale,27-05-2026,Facebook,CUST02292,45-54,Male,8413,180,32,2,1215.14,2959.11,,,,,
C006,Weekend Flash Sale,25-08-2026,Google Ads,CUST00447,25-34,Male,11351,479,101,21,2958.18,37823.82,,,,,
C007,Diwali Mega Sale,14-02-2026,Google Ads,CUST00555,45-54,Female,10185,413,85,18,2541.05,50654.72,,,,,
C002,Festive Bonanza,04-05-2026,Instagram,CUST01623,25-34,Female,3325,82,17,0,800,0,,,,,
C004,Monsoon Offers,19-03-2026,Email,CUST01272,25-34,Male,4873,225,64,13,800,23341.67,,,,,
C003,New Product Launch,27-04-2026,Google Ads,CUST01742,55+,Female,33883,1288,256,47,7405.99,126184.9,,,,,
C002,Festive Bonanza,13-08-2026,Instagram,CUST01066,35-44,Male,13152,379,72,16,1487.16,31792.13,,,,,
C006,Weekend Flash Sale,21-02-2026,YouTube,CUST01021,18-24,Female,14936,363,47,3,2568.21,5617.16,,,,,
C007,Diwali Mega Sale,16-05-2026,Facebook,CUST00399,18-24,Male,2316,78,13,2,800,4549.8,,,,,
C005,Back to College,02-03-2026,Facebook,CUST01198,45-54,Male,10249,286,37,7,1149.17,12732.8,,,,,
C004,Monsoon Offers,02-08-2026,YouTube,CUST02036,55+,Female,6288,123,15,1,1269.58,1253.41,,,,,
C004,Monsoon Offers,14-01-2026,Google Ads,CUST02318,25-34,Other,22622,1167,249,39,4695.75,95241.68,,,,,
C003,New Product Launch,27-02-2026,YouTube,CUST02096,55+,Male,12465,366,42,3,2718.1,6059.89,,,,,
C001,Summer Sale,19-02-2026,Facebook,CUST01852,18-24,Male,9953,274,43,3,1559.51,5754.33,,,,,
C001,Summer Sale,23-06-2026,Facebook,CUST00804,45-54,Female,4308,119,11,2,800,3616.1,,,,,
C002,Festive Bonanza,19-07-2026,YouTube,CUST01558,35-44,Female,13712,281,26,6,2421.07,16645.07,,,,,
C004,Monsoon Offers,15-07-2026,Instagram,CUST00126,18-24,Female,8755,281,46,3,1557.25,5463.68,,,,,
C003,New Product Launch,06-06-2026,Google Ads,CUST01290,45-54,Male,3985,150,33,2,1076.13,3818.71,,,,,
C004,Monsoon Offers,17-03-2026,Email,CUST00821,55+,Male,7183,576,171,32,800,86878.37,,,,,
C003,New Product Launch,02-08-2026,Email,CUST00147,25-34,Female,17640,1364,415,104,1036,277658.93,,,,,
C001,Summer Sale,21-06-2026,Instagram,CUST01231,45-54,Male,4977,148,18,3,880.21,6241.34,,,,,
C001,Summer Sale,12-03-2026,Email,CUST01415,35-44,Male,4927,277,84,16,800,28715.93,,,,,
C004,Monsoon Offers,08-05-2026,Google Ads,CUST00262,55+,Female,5797,275,71,14,1458.88,28199.55,,,,,
C001,Summer Sale,10-08-2026,Instagram,CUST02413,25-34,Male,11709,356,62,8,2121.57,18337.29,,,,,
C001,Summer Sale,07-04-2026,Instagram,CUST00892,25-34,Male,8190,246,38,3,930.55,5549.86,,,,,
C003,New Product Launch,05-02-2026,Facebook,CUST02304,25-34,Male,12070,252,41,8,1794.63,12476.12,,,,,
C001,Summer Sale,17-02-2026,Instagram,CUST01991,45-54,Female,18810,626,99,12,2921.06,24029.7,,,,,
C001,Summer Sale,03-05-2026,Email,CUST02058,45-54,Female,13361,901,255,40,857.79,98134.44,,,,,
C004,Monsoon Offers,29-03-2026,Facebook,CUST01193,18-24,Female,3433,65,4,1,800,2086.05,,,,,
C008,Year End Clearance,05-02-2026,Instagram,CUST01199,55+,Male,11494,325,58,8,1501.55,11489.51,,,,,
C005,Back to College,20-02-2026,Email,CUST00839,35-44,Female,15439,1269,383,94,826.17,340183.23,,,,,
C001,Summer Sale,03-05-2026,Instagram,CUST00025,18-24,Male,10016,303,51,4,1795.94,6366.68,,,,,
C005,Back to College,15-05-2026,YouTube,CUST00356,35-44,Female,11887,271,34,3,1732.49,4418.59,,,,,
C002,Festive Bonanza,24-05-2026,Facebook,CUST02454,45-54,Female,3318,84,11,1,800,1802.35,,,,,
C005,Back to College,16-03-2026,YouTube,CUST00561,35-44,Male,6703,153,17,0,1174.16,0,,,,,
C007,Diwali Mega Sale,17-03-2026,Instagram,CUST00523,35-44,Female,5545,144,25,1,933.7,2804.7,,,,,
C007,Diwali Mega Sale,08-02-2026,YouTube,CUST00624,18-24,Female,7686,186,23,3,1714.1,7193.76,,,,,
C006,Weekend Flash Sale,09-06-2026,Instagram,CUST00714,35-44,Male,17217,532,89,9,2028.45,23511.58,,,,,
C005,Back to College,21-08-2026,Email,CUST01134,18-24,Female,20508,1324,397,98,904.24,328998.86,,,,,
C006,Weekend Flash Sale,25-05-2026,Facebook,CUST01797,35-44,Female,3641,117,14,3,800,6224.81,,,,,
C008,Year End Clearance,31-03-2026,Google Ads,CUST02037,35-44,Female,2164,87,15,2,800,5022.31,,,,,
C007,Diwali Mega Sale,30-01-2026,Instagram,CUST02097,45-54,Female,7682,215,39,7,1078.64,24401.43,,,,,
C005,Back to College,28-03-2026,Google Ads,CUST02074,25-34,Male,7128,452,88,15,1800.02,37958.24,,,,,
C004,Monsoon Offers,01-01-2026,Google Ads,CUST00167,35-44,Male,9098,483,123,16,2597.76,23110.44,,,,,
C008,Year End Clearance,07-06-2026,Instagram,CUST02062,35-44,Female,11674,525,76,10,1653.25,22857.87,,,,,
C004,Monsoon Offers,07-01-2026,Google Ads,CUST02071,35-44,Female,8843,309,64,7,1771.19,16275,,,,,
C007,Diwali Mega Sale,17-01-2026,YouTube,CUST00969,25-34,Female,57612,1276,158,20,10559.6,57035.65,,,,,
C007,Diwali Mega Sale,28-08-2026,Google Ads,CUST00281,18-24,Other,8396,269,62,12,1859.77,25443.33,,,,,
C001,Summer Sale,22-07-2026,Email,CUST02250,25-34,Female,5630,339,87,19,800,46085.42,,,,,
C002,Festive Bonanza,20-07-2026,YouTube,CUST01056,35-44,Female,2375,56,8,0,800,0,,,,,
C002,Festive Bonanza,11-05-2026,YouTube,CUST00325,18-24,Male,11410,233,29,2,2332.48,4063.71,,,,,
C004,Monsoon Offers,01-06-2026,Email,CUST00221,45-54,Female,9102,376,121,28,800,64790.12,,,,,
C004,Monsoon Offers,10-05-2026,Facebook,CUST00053,18-24,Male,12181,269,36,3,1747.34,4190.12,,,,,
C005,Back to College,24-05-2026,Email,CUST01359,18-24,Female,16732,932,294,71,1077.87,153391.1,,,,,
C002,Festive Bonanza,16-03-2026,Google Ads,CUST00138,25-34,Male,9683,414,81,15,2172.93,36210.51,,,,,
C007,Diwali Mega Sale,07-03-2026,Google Ads,CUST02468,25-34,Male,15898,795,172,31,2922.14,89699.43,,,,,
C001,Summer Sale,14-04-2026,Google Ads,CUST02493,25-34,Female,10668,664,152,20,2062.12,34581.6,,,,,
C008,Year End Clearance,10-05-2026,Email,CUST01956,18-24,Male,7177,439,131,29,800,78036.64,,,,,
C007,Diwali Mega Sale,08-07-2026,Email,CUST00219,18-24,Male,7352,460,144,36,800,105997.3,,,,,
C005,Back to College,16-06-2026,Google Ads,CUST02453,25-34,Male,8009,396,101,18,1862.41,41233.27,,,,,
C007,Diwali Mega Sale,28-05-2026,Google Ads,CUST00778,18-24,Male,13743,419,105,20,2512.92,67129.59,,,,,
C007,Diwali Mega Sale,14-08-2026,Instagram,CUST00128,35-44,Male,8276,254,26,6,966.96,13741.77,,,,,
C001,Summer Sale,07-08-2026,Google Ads,CUST00366,25-34,Female,5755,282,65,10,1014.49,18530.11,,,,,
C001,Summer Sale,19-05-2026,Email,CUST00034,18-24,Male,5714,402,115,15,800,33174.51,,,,,
C008,Year End Clearance,01-06-2026,Facebook,CUST01410,35-44,Female,14030,450,52,5,2367.07,10714.51,,,,,
C001,Summer Sale,08-02-2026,Instagram,CUST00873,25-34,Male,5334,120,25,4,800,10105.55,,,,,
C002,Festive Bonanza,05-06-2026,Instagram,CUST00078,25-34,Female,4907,222,34,6,846.19,9818.03,,,,,
C005,Back to College,25-01-2026,Facebook,CUST01942,35-44,Male,8831,234,30,3,1230.55,8113.32,,,,,
C002,Festive Bonanza,02-04-2026,Facebook,CUST01059,25-34,Male,4863,100,18,4,800,10767.94,,,,,
C003,New Product Launch,30-01-2026,Facebook,CUST00606,18-24,Female,8610,233,28,3,1196.88,6288.67,,,,,
C001,Summer Sale,01-03-2026,Instagram,CUST00531,18-24,Male,7169,218,32,3,1239.18,5893.72,,,,,
C004,Monsoon Offers,23-03-2026,Google Ads,CUST02282,25-34,Male,4365,225,52,8,1227.7,12316.09,,,,,
C007,Diwali Mega Sale,01-08-2026,Instagram,CUST01596,25-34,Female,4040,121,13,2,800,4971.48,,,,,
C005,Back to College,08-08-2026,Email,CUST00333,25-34,Female,14663,906,257,56,820.02,111513.68,,,,,
C001,Summer Sale,25-07-2026,Email,CUST01171,25-34,Male,14911,864,261,51,800,123040.65,,,,,
C007,Diwali Mega Sale,20-01-2026,YouTube,CUST01397,25-34,Male,16119,449,58,8,3612.74,21168.06,,,,,
C007,Diwali Mega Sale,15-03-2026,Email,CUST00703,25-34,Female,11303,772,242,62,800,184867.02,,,,,
C007,Diwali Mega Sale,16-05-2026,Facebook,CUST00540,25-34,Male,5763,123,24,4,800,6786.41,,,,,
C002,Festive Bonanza,19-05-2026,YouTube,CUST00095,35-44,Male,3427,72,7,1,800,1665.52,,,,,
C007,Diwali Mega Sale,30-07-2026,Instagram,CUST00469,45-54,Female,4565,136,18,5,819.56,10996.97,,,,,
C006,Weekend Flash Sale,28-05-2026,Email,CUST00085,45-54,Male,7756,538,162,32,800,86285.75,,,,,
C005,Back to College,04-03-2026,YouTube,CUST02042,25-34,Male,9516,192,18,1,2046.01,2434.79,,,,,
C007,Diwali Mega Sale,16-03-2026,Google Ads,CUST02135,25-34,Male,7545,444,103,20,1682.42,64708.69,,,,,
C008,Year End Clearance,01-01-2026,Facebook,CUST01237,35-44,Female,12077,416,68,11,1686.29,20211.3,,,,,
C001,Summer Sale,19-01-2026,Google Ads,CUST00894,25-34,Female,12973,418,100,24,2691.21,63307.86,,,,,
C006,Weekend Flash Sale,18-08-2026,Instagram,CUST02310,35-44,Female,6680,270,36,8,931.81,10284.65,,,,,
C002,Festive Bonanza,15-03-2026,YouTube,CUST01191,35-44,Male,8327,164,24,0,1451.01,0,,,,,
C005,Back to College,05-01-2026,YouTube,CUST00810,18-24,Male,5260,85,9,1,866.38,2151.42,,,,,
C006,Weekend Flash Sale,15-07-2026,YouTube,CUST01560,45-54,Female,6558,94,11,4,999.34,7833.53,,,,,
C001,Summer Sale,21-03-2026,Google Ads,CUST01845,35-44,Female,20716,1155,250,36,4061.8,53172.25,,,,,
C002,Festive Bonanza,09-05-2026,Google Ads,CUST00064,25-34,Male,10489,471,104,25,2899.13,65820.95,,,,,
C002,Festive Bonanza,26-06-2026,YouTube,CUST01174,18-24,Female,14337,334,40,2,3042.51,3500.57,,,,,
C004,Monsoon Offers,05-06-2026,Google Ads,CUST02416,18-24,Male,10249,454,106,17,2301.29,39976.69,,,,,
C001,Summer Sale,24-03-2026,Google Ads,CUST02368,18-24,Female,12541,666,154,22,3423.67,54189.36,,,,,
C001,Summer Sale,01-03-2026,Instagram,CUST02304,55+,Male,15295,399,73,15,2851.19,25181.42,,,,,
C005,Back to College,05-02-2026,Instagram,CUST00508,25-34,Male,13420,384,60,13,1532.52,24540.42,,,,,
C002,Festive Bonanza,28-02-2026,Facebook,CUST02355,18-24,Male,5589,207,25,4,800,7061.33,,,,,
C003,New Product Launch,28-03-2026,YouTube,CUST00253,35-44,Female,7269,116,7,1,1597.83,1457.11,,,,,
C004,Monsoon Offers,30-05-2026,Instagram,CUST00553,25-34,Other,11290,312,56,8,1329.68,15647.87,,,,,
C003,New Product Launch,22-08-2026,YouTube,CUST02393,18-24,Female,8397,205,29,2,1862.14,1920.71,,,,,
C003,New Product Launch,04-08-2026,Google Ads,CUST01392,25-34,Female,11252,446,97,15,2273.46,35084.06,,,,,
C002,Festive Bonanza,10-04-2026,YouTube,CUST02285,18-24,Male,11178,309,37,4,2382.08,7426.61,,,,,
C003,New Product Launch,09-08-2026,Google Ads,CUST00797,18-24,Female,8202,365,80,16,2156.26,29262.62,,,,,
C002,Festive Bonanza,19-01-2026,Instagram,CUST00105,25-34,Female,8800,411,68,8,1549.65,13433.82,,,,,
C002,Festive Bonanza,27-01-2026,Instagram,CUST01066,25-34,Female,5140,214,25,2,800,6116.05,,,,,
C004,Monsoon Offers,15-04-2026,Facebook,CUST02478,25-34,Male,14610,433,60,7,2447.1,12499.06,,,,,
C007,Diwali Mega Sale,18-08-2026,Google Ads,CUST00675,25-34,Female,13146,279,59,15,2974.55,45941.72,,,,,
C007,Diwali Mega Sale,22-01-2026,Google Ads,CUST02204,25-34,Male,15230,507,103,13,3898.62,36932.26,,,,,
C004,Monsoon Offers,08-02-2026,Google Ads,CUST01330,18-24,Male,19543,894,228,33,4429.26,60026.76,,,,,
C001,Summer Sale,18-01-2026,Google Ads,CUST01590,25-34,Female,14974,573,133,16,4288.42,30532.3,,,,,
C008,Year End Clearance,05-07-2026,Facebook,CUST02416,18-24,Female,7807,208,26,5,1004.5,10942.76,,,,,
C001,Summer Sale,21-06-2026,YouTube,CUST02147,18-24,Male,4071,82,11,1,800,2246.59,,,,,
C003,New Product Launch,12-04-2026,Facebook,CUST02445,18-24,Male,2702,80,9,0,800,0,,,,,
C004,Monsoon Offers,22-02-2026,Instagram,CUST01891,18-24,Male,7160,309,49,11,1278.65,19353.02,,,,,
C003,New Product Launch,14-08-2026,Instagram,CUST01007,35-44,Male,4706,123,16,4,800,10224.87,,,,,
C001,Summer Sale,24-05-2026,Google Ads,CUST00512,25-34,Female,10228,461,104,16,2801.99,37121.3,,,,,
C002,Festive Bonanza,13-02-2026,Facebook,CUST01748,35-44,Male,8655,221,33,4,949.42,8351.17,,,,,
C003,New Product Launch,22-04-2026,Email,CUST01705,25-34,Female,10976,715,223,47,800,96386.51,,,,,
C001,Summer Sale,13-02-2026,Instagram,CUST00620,18-24,Female,18173,567,85,7,3011.82,13477.21,,,,,
C008,Year End Clearance,03-03-2026,Instagram,CUST00459,55+,Female,7312,203,36,4,988.04,6949.01,,,,,
C008,Year End Clearance,13-05-2026,YouTube,CUST02482,25-34,Male,10824,260,38,3,2038.78,5598.43,,,,,
C003,New Product Launch,10-02-2026,Email,CUST02092,18-24,Male,8989,659,195,35,800,77344.91,,,,,
C006,Weekend Flash Sale,11-02-2026,Instagram,CUST01079,35-44,Female,5665,225,28,3,800,8191.83,,,,,
C005,Back to College,14-01-2026,YouTube,CUST00801,25-34,Male,5463,106,13,3,922.07,5561.21,,,,,
C008,Year End Clearance,27-02-2026,Facebook,CUST02368,45-54,Female,16012,344,47,5,1950.44,10055.19,,,,,
C001,Summer Sale,23-05-2026,Facebook,CUST00405,45-54,Female,5780,152,18,3,810.92,4570.09,,,,,
C008,Year End Clearance,07-02-2026,Instagram,CUST01322,18-24,Male,10531,283,50,11,1742.64,21832.81,,,,,
C003,New Product Launch,26-03-2026,YouTube,CUST01306,25-34,Female,8538,180,23,0,1488.23,0,,,,,
C005,Back to College,24-01-2026,Email,CUST01642,45-54,Female,6015,426,127,31,800,67047.69,,,,,
C002,Festive Bonanza,04-03-2026,Facebook,CUST01998,25-34,Male,11590,330,47,1,1291.35,2860.18,,,,,
C003,New Product Launch,27-03-2026,YouTube,CUST02375,25-34,Female,19750,426,48,9,2690.68,23209.72,,,,,
C005,Back to College,26-05-2026,Email,CUST02028,45-54,Female,5766,375,105,21,800,34261.68,,,,,
C004,Monsoon Offers,26-06-2026,Facebook,CUST00427,25-34,Male,9789,247,37,2,1563.42,3628.29,,,,,
C005,Back to College,06-06-2026,Instagram,CUST00958,55+,Female,9565,317,50,9,1629.89,20354.25,,,,,
C005,Back to College,22-01-2026,YouTube,CUST01301,45-54,Female,10921,247,20,2,2322.7,2310.04,,,,,
C007,Diwali Mega Sale,01-05-2026,Instagram,CUST02460,45-54,Female,11190,237,42,5,2064.57,12707.7,,,,,
C002,Festive Bonanza,14-04-2026,Instagram,CUST00888,35-44,Female,8640,309,43,8,1442.07,16386.99,,,,,
C006,Weekend Flash Sale,08-04-2026,Google Ads,CUST02158,25-34,Female,5181,235,47,3,969.5,4331.13,,,,,
C008,Year End Clearance,20-07-2026,Google Ads,CUST01827,18-24,Male,6986,294,53,11,1672.49,28962.45,,,,,
C008,Year End Clearance,24-07-2026,Facebook,CUST00277,35-44,Female,6148,243,34,4,973.47,8544.16,,,,,
C008,Year End Clearance,30-04-2026,Facebook,CUST01456,18-24,Female,8569,257,44,4,1107.27,4773.29,,,,,
C006,Weekend Flash Sale,18-02-2026,Google Ads,CUST01824,18-24,Male,3988,243,57,12,846.11,26206.8,,,,,
C006,Weekend Flash Sale,28-08-2026,Email,CUST02277,25-34,Male,7167,537,162,34,800,83860.21,,,,,
C006,Weekend Flash Sale,30-01-2026,YouTube,CUST00316,25-34,Male,6087,130,21,1,961.99,2055.46,,,,,
C008,Year End Clearance,02-05-2026,Google Ads,CUST00602,18-24,Other,9129,417,75,23,1751.81,53272.19,,,,,
C003,New Product Launch,13-05-2026,YouTube,CUST00353,35-44,Male,3739,68,7,2,800,3636.47,,,,,
C006,Weekend Flash Sale,17-08-2026,Google Ads,CUST01930,18-24,Male,14437,624,139,31,4117.47,81534.22,,,,,
C002,Festive Bonanza,12-08-2026,Facebook,CUST00877,25-34,Male,9532,306,50,14,1043.74,24971.85,,,,,
C007,Diwali Mega Sale,06-06-2026,Google Ads,CUST02417,18-24,Female,10806,431,77,19,2381.09,65616,,,,,
C001,Summer Sale,14-01-2026,YouTube,CUST01611,45-54,Female,4624,77,6,1,908.13,1632.62,,,,,
C003,New Product Launch,14-07-2026,Google Ads,CUST02393,35-44,Male,17181,903,221,39,3807.7,93722.59,,,,,
C006,Weekend Flash Sale,05-06-2026,Email,CUST01498,18-24,Female,9434,435,116,30,800,84168.54,,,,,
C006,Weekend Flash Sale,30-08-2026,Facebook,CUST02092,35-44,Female,15077,393,59,10,2235.37,19915.91,,,,,
C004,Monsoon Offers,12-06-2026,Facebook,CUST02171,25-34,Female,5138,135,19,1,800,1464.28,,,,,
C005,Back to College,09-06-2026,Google Ads,CUST02230,18-24,Female,5826,270,51,8,1111.84,16554.04,,,,,
C001,Summer Sale,19-02-2026,YouTube,CUST02083,35-44,Male,9219,236,28,4,1463.98,6834.6,,,,,
C008,Year End Clearance,24-04-2026,YouTube,CUST02288,25-34,Female,7331,152,21,1,1269.71,2053.38,,,,,
C007,Diwali Mega Sale,10-08-2026,Instagram,CUST02125,35-44,Female,21334,773,107,24,3763.54,58040.66,,,,,
C003,New Product Launch,05-01-2026,Facebook,CUST01263,35-44,Female,6454,196,29,6,1023.92,10094.02,,,,,
C002,Festive Bonanza,18-08-2026,YouTube,CUST01564,35-44,Female,12801,314,42,3,1742.12,4146.63,,,,,
C002,Festive Bonanza,14-07-2026,Google Ads,CUST00103,18-24,Female,10195,586,129,29,2616.06,61447.2,,,,,
C004,Monsoon Offers,02-06-2026,Email,CUST02339,35-44,Female,10557,805,274,57,800,101338.14,,,,,
C003,New Product Launch,07-03-2026,Google Ads,CUST02260,35-44,Female,7704,383,100,13,1631.65,26618.27,,,,,
C001,Summer Sale,18-04-2026,Email,CUST00734,18-24,Female,6427,619,179,34,800,61969.4,,,,,
C008,Year End Clearance,07-06-2026,Instagram,CUST01246,18-24,Female,4651,152,22,5,800,7521.95,,,,,
C002,Festive Bonanza,01-06-2026,Facebook,CUST02179,35-44,Female,4004,98,8,2,800,3112.51,,,,,
C004,Monsoon Offers,26-03-2026,Instagram,CUST02450,25-34,Male,6205,173,28,3,852.35,5295.28,,,,,
C005,Back to College,16-05-2026,Instagram,CUST02028,25-34,Female,6306,232,29,3,1136.09,4904.01,,,,,
C001,Summer Sale,13-06-2026,Email,CUST02178,25-34,Female,21387,1476,414,89,1096.81,211206.2,,,,,
C005,Back to College,17-03-2026,Facebook,CUST01202,55+,Male,11797,305,46,1,1608.91,1167.98,,,,,
C002,Festive Bonanza,10-06-2026,Facebook,CUST01382,55+,Male,28206,981,138,14,3361.72,30868.58,,,,,
C008,Year End Clearance,27-05-2026,YouTube,CUST02469,25-34,Female,9161,179,18,1,1262.76,1711.08,,,,,
C003,New Product Launch,07-03-2026,YouTube,CUST01104,55+,Male,6633,145,18,2,1342.62,2766.88,,,,,
C002,Festive Bonanza,06-05-2026,Instagram,CUST01031,55+,Male,4808,114,22,3,800,5321.74,,,,,
C005,Back to College,16-06-2026,Google Ads,CUST00140,18-24,Male,3834,187,37,7,930.09,18990.02,,,,,
C006,Weekend Flash Sale,11-04-2026,Instagram,CUST02316,25-34,Male,9100,317,50,8,1553.56,15565.96,,,,,
C003,New Product Launch,07-08-2026,YouTube,CUST01201,25-34,Male,13584,297,28,5,2641.06,6915.88,,,,,
C007,Diwali Mega Sale,03-04-2026,Google Ads,CUST01605,25-34,Female,9737,492,106,29,2322.24,74561.83,,,,,
C003,New Product Launch,09-06-2026,Google Ads,CUST02315,25-34,Female,9844,468,108,15,2802.03,28528.07,,,,,
C005,Back to College,26-07-2026,Facebook,CUST02053,18-24,Male,6888,208,12,3,953.31,6791.23,,,,,
C001,Summer Sale,02-02-2026,Instagram,CUST00205,25-34,Male,3761,137,22,3,800,6121.39,,,,,
C006,Weekend Flash Sale,20-01-2026,Instagram,CUST00433,45-54,Male,7047,279,46,10,864.26,13868.67,,,,,
C007,Diwali Mega Sale,14-01-2026,YouTube,CUST01004,25-34,Male,8697,245,38,8,1776.2,16615.52,,,,,
C004,Monsoon Offers,19-06-2026,Facebook,CUST01653,35-44,Female,5744,216,30,2,800.81,3427,,,,,
C002,Festive Bonanza,17-04-2026,YouTube,CUST01649,55+,Female,11336,312,43,7,2015.82,14029.86,,,,,
C001,Summer Sale,10-07-2026,Facebook,CUST01981,18-24,Female,17319,633,89,7,1943.62,12045.47,,,,,
C002,Festive Bonanza,05-07-2026,YouTube,CUST01820,35-44,Female,4977,102,9,2,880.23,2914.48,,,,,
C002,Festive Bonanza,28-03-2026,Instagram,CUST00445,18-24,Male,7492,229,41,5,891.05,13671.71,,,,,
C002,Festive Bonanza,26-04-2026,Instagram,CUST00055,35-44,Male,4775,116,24,3,800,8158.2,,,,,
C001,Summer Sale,16-08-2026,Instagram,CUST01721,45-54,Male,7209,217,30,3,1274.72,7192.55,,,,,
C008,Year End Clearance,24-07-2026,Facebook,CUST02410,25-34,Male,19000,536,90,14,1943.21,23413.38,,,,,
C004,Monsoon Offers,11-05-2026,Instagram,CUST01528,25-34,Female,9382,244,42,6,1558.23,7815.82,,,,,
C003,New Product Launch,19-01-2026,Email,CUST02393,25-34,Female,19024,1348,379,80,1084.2,264987.77,,,,,
C007,Diwali Mega Sale,27-04-2026,Google Ads,CUST01868,25-34,Female,8341,357,75,16,2115.37,30325.98,,,,,
C008,Year End Clearance,12-07-2026,Google Ads,CUST01505,18-24,Male,2806,124,26,7,800,12538.13,,,,,
C007,Diwali Mega Sale,18-06-2026,Instagram,CUST00249,18-24,Female,6514,147,27,2,939.29,2965.1,,,,,
C005,Back to College,04-04-2026,YouTube,CUST01727,25-34,Female,11234,201,27,6,1772.3,8763.64,,,,,
C006,Weekend Flash Sale,20-01-2026,Email,CUST00690,18-24,Female,17999,969,293,61,879.35,176425.3,,,,,
C006,Weekend Flash Sale,10-08-2026,Instagram,CUST02100,25-34,Male,3812,157,41,6,800,10353.36,,,,,
C001,Summer Sale,04-03-2026,Facebook,CUST01580,35-44,Female,9091,320,54,6,1103.09,14021.16,,,,,
C004,Monsoon Offers,26-08-2026,Email,CUST00585,25-34,Male,18462,1193,372,78,826.23,174683.99,,,,,
C005,Back to College,25-07-2026,Email,CUST01702,25-34,Male,15479,733,247,57,800,117301.4,,,,,
C007,Diwali Mega Sale,28-05-2026,Google Ads,CUST01978,25-34,Male,4983,170,38,7,1285.77,19573.12,,,,,
C005,Back to College,05-07-2026,Email,CUST01940,25-34,Male,3303,186,52,13,800,36074.8,,,,,
C003,New Product Launch,22-04-2026,Instagram,CUST00085,18-24,Male,6834,246,49,7,1007.66,13098.8,,,,,
C006,Weekend Flash Sale,11-02-2026,Email,CUST01200,25-34,Female,10056,620,192,36,800,94539.24,,,,,
C007,Diwali Mega Sale,03-07-2026,Google Ads,CUST02218,18-24,Male,6461,307,69,10,1223.46,24683.36,,,,,
C001,Summer Sale,03-01-2026,YouTube,CUST00389,25-34,Female,7052,165,23,0,1516.72,0,,,,,
C002,Festive Bonanza,07-05-2026,Instagram,CUST01693,45-54,Female,8198,214,26,4,1215,6654.28,,,,,
C004,Monsoon Offers,17-06-2026,Google Ads,CUST02392,35-44,Other,4146,223,47,10,827.38,15733.07,,,,,
C005,Back to College,11-06-2026,YouTube,CUST00099,25-34,Female,15864,319,36,5,3527.25,12592.05,,,,,
C004,Monsoon Offers,13-05-2026,Google Ads,CUST01192,55+,Male,10624,487,126,26,2869.79,48707.19,,,,,
C002,Festive Bonanza,24-03-2026,Instagram,CUST00351,18-24,Male,18148,504,64,8,3225.5,17393.74,,,,,
C004,Monsoon Offers,17-04-2026,Facebook,CUST02220,25-34,Female,21028,635,90,8,2646.94,13939.35,,,,,
C003,New Product Launch,23-08-2026,YouTube,CUST02184,25-34,Male,13212,271,35,5,1870.4,11439.39,,,,,
C004,Monsoon Offers,07-08-2026,YouTube,CUST02010,25-34,Male,14991,325,39,4,2401.81,6946.94,,,,,
C004,Monsoon Offers,19-01-2026,Instagram,CUST02263,25-34,Male,18960,575,85,9,3296.73,19175.42,,,,,
C005,Back to College,29-05-2026,Email,CUST01606,18-24,Female,9582,500,138,34,800,83050.39,,,,,
C008,Year End Clearance,16-01-2026,Facebook,CUST01837,35-44,Female,3538,93,9,0,800,0,,,,,
C003,New Product Launch,30-04-2026,YouTube,CUST01089,45-54,Male,20189,495,57,6,4498.7,15038.99,,,,,
C001,Summer Sale,29-03-2026,Google Ads,CUST00025,25-34,Male,3726,186,43,6,1045.76,10109.94,,,,,
C003,New Product Launch,05-01-2026,YouTube,CUST01061,25-34,Female,7968,179,27,8,1086.97,23115.06,,,,,
C004,Monsoon Offers,07-01-2026,Instagram,CUST00491,18-24,Female,5911,242,43,3,803.26,5739.82,,,,,
C007,Diwali Mega Sale,12-06-2026,Facebook,CUST00738,35-44,Male,5135,106,6,1,800,2566.29,,,,,
C005,Back to College,27-05-2026,Instagram,CUST00133,25-34,Male,11305,360,58,11,1657.17,20254.49,,,,,
C005,Back to College,20-06-2026,Email,CUST01087,35-44,Male,7162,499,161,37,800,96224.41,,,,,
C006,Weekend Flash Sale,02-08-2026,YouTube,CUST02447,18-24,Male,9282,131,24,1,1500.16,1838.09,,,,,
C006,Weekend Flash Sale,02-07-2026,Instagram,CUST00790,25-34,Male,3530,120,24,4,800,8254.84,,,,,
C004,Monsoon Offers,15-06-2026,Instagram,CUST00261,18-24,Female,30515,977,156,11,5383.36,25685.43,,,,,
C008,Year End Clearance,01-02-2026,Google Ads,CUST02223,25-34,Female,6021,133,34,9,1384.49,16142.92,,,,,
C004,Monsoon Offers,14-03-2026,Instagram,CUST00149,45-54,Female,3432,90,14,1,800,1584.32,,,,,
C004,Monsoon Offers,12-03-2026,Instagram,CUST00255,45-54,Female,6486,219,39,6,948.11,11108.02,,,,,
C007,Diwali Mega Sale,14-06-2026,Email,CUST02475,35-44,Female,9081,497,148,50,800,206658.7,,,,,
C006,Weekend Flash Sale,24-05-2026,Instagram,CUST01549,18-24,Male,5540,178,24,3,800,4469.23,,,,,
C003,New Product Launch,15-01-2026,Email,CUST02472,25-34,Female,3306,249,73,12,800,39524.26,,,,,
C003,New Product Launch,17-07-2026,Instagram,CUST02101,25-34,Female,13607,427,78,9,2152.71,15193.17,,,,,
C004,Monsoon Offers,14-08-2026,Google Ads,CUST01706,18-24,Male,16350,876,213,37,4049.56,76507.82,,,,,
C008,Year End Clearance,26-07-2026,Google Ads,CUST00822,25-34,Male,5788,264,51,10,1569.57,21737.91,,,,,
C004,Monsoon Offers,23-08-2026,Facebook,CUST01918,35-44,Male,22236,552,80,5,2996.17,8326.61,,,,,
C006,Weekend Flash Sale,21-01-2026,Email,CUST01699,25-34,Male,28671,2203,635,139,1495.98,282583,,,,,
C008,Year End Clearance,01-01-2026,Facebook,CUST01013,25-34,Female,7805,251,30,5,945.5,9786.24,,,,,
C005,Back to College,17-03-2026,YouTube,CUST02310,25-34,Male,6534,137,14,2,1376.06,2512.04,,,,,
C005,Back to College,26-07-2026,Google Ads,CUST00608,25-34,Female,17425,705,153,25,3173.34,50022.82,,,,,
C002,Festive Bonanza,17-03-2026,Instagram,CUST02275,35-44,Female,13888,464,71,7,1824.93,16471.47,,,,,
C007,Diwali Mega Sale,17-04-2026,Facebook,CUST00134,35-44,Female,5439,130,20,4,800,8073.33,,,,,
C003,New Product Launch,18-06-2026,Facebook,CUST02281,25-34,Female,6799,134,20,1,800,1587.2,,,,,
C005,Back to College,20-02-2026,YouTube,CUST02113,45-54,Female,6486,114,17,4,1394.89,9288.88,,,,,
C001,Summer Sale,14-02-2026,Instagram,CUST00466,25-34,Male,6203,156,30,4,1129.9,7748.38,,,,,
C001,Summer Sale,14-06-2026,YouTube,CUST01600,25-34,Male,7861,148,18,2,1074.68,3524.88,,,,,
C004,Monsoon Offers,01-06-2026,instagram,CUST01234,25-34,Female,8560,429,99,18,1571.15,26658.83,,,,,
C007,Diwali Mega Sale,28-08-2026,Instagram,CUST01321,18-24,Male,9303,263,48,6,1054.95,12160.44,,,,,
C007,Diwali Mega Sale,24-02-2026,Instagram,CUST00524,18-24,Male,7773,274,60,11,913.45,28259.83,,,,,
C004,Monsoon Offers,13-01-2026,Email,CUST01961,18-24,Female,4064,228,75,12,800,28208.59,,,,,
C006,Weekend Flash Sale,25-04-2026,Facebook,CUST01922,45-54,Male,8828,271,45,7,1357.72,16592.4,,,,,
C007,Diwali Mega Sale,07-01-2026,Facebook,CUST00064,35-44,Female,10155,172,24,5,1485.27,5703.74,,,,,
C001,Summer Sale,19-07-2026,Google Ads,CUST00674,25-34,Female,2912,106,23,6,800,10642.99,,,,,
C007,Diwali Mega Sale,17-01-2026,Google Ads,CUST01144,25-34,Male,7023,297,53,12,1604.91,19231.56,,,,,
C003,New Product Launch,27-07-2026,Google Ads,CUST00033,18-24,Male,5455,311,64,16,1485.58,32900.79,,,,,
C001,Summer Sale,17-03-2026,Facebook,CUST01386,25-34,Male,9304,295,39,2,1508.93,3411.88,,,,,
C003,New Product Launch,30-06-2026,Email,CUST00301,18-24,Female,8479,450,150,32,800,94200.35,,,,,
C007,Diwali Mega Sale,26-02-2026,Facebook,CUST02375,25-34,Male,6352,169,25,5,900.81,10469.46,,,,,
C003,New Product Launch,23-05-2026,Email,CUST01779,35-44,Female,7666,415,117,26,800,63249.78,,,,,
C001,Summer Sale,03-01-2026,Email,CUST01763,18-24,Male,16467,1355,423,78,800,217043.04,,,,,
C003,New Product Launch,09-01-2026,Google Ads,CUST00961,45-54,Female,6864,284,66,11,1632.8,33639.08,,,,,
C001,Summer Sale,23-01-2026,Facebook,CUST01441,25-34,Female,13589,260,29,1,2193.93,1677.36,,,,,
C003,New Product Launch,11-06-2026,Instagram,CUST01846,18-24,Male,18562,591,78,4,2635.67,6934.1,,,,,
C008,Year End Clearance,01-03-2026,YouTube,CUST00758,45-54,Male,8916,197,21,3,1875.53,4510.65,,,,,
C003,New Product Launch,06-08-2026,Facebook,CUST00616,45-54,Female,14574,207,32,4,2382.21,4968.39,,,,,
C002,Festive Bonanza,07-04-2026,Google Ads,CUST01616,18-24,Female,6724,337,84,20,1809.36,46928.55,,,,,
C006,Weekend Flash Sale,03-03-2026,Email,CUST00318,35-44,Female,4892,413,115,35,800,95319.76,,,,,
C008,Year End Clearance,08-02-2026,Instagram,CUST00626,45-54,Male,5774,192,32,3,800.97,6587.11,,,,,
C005,Back to College,22-08-2026,Facebook,CUST01148,55+,Female,10563,266,38,7,1394.8,12343.16,,,,,
C004,Monsoon Offers,06-03-2026,YouTube,CUST01901,45-54,Female,8452,164,20,2,1847.34,2376.03,,,,,
C004,Monsoon Offers,22-03-2026,Google Ads,CUST00119,35-44,Male,5256,217,56,10,1468.89,23790.6,,,,,
C004,Monsoon Offers,18-02-2026,Facebook,CUST02128,25-34,Male,5903,155,25,2,800,4171.94,,,,,
C007,Diwali Mega Sale,13-05-2026,Google Ads,CUST00228,25-34,Male,4407,120,35,6,1225,12635.08,,,,,
C004,Monsoon Offers,13-02-2026,Facebook,CUST00111,25-34,Male,12554,345,48,2,1777.92,3461.2,,,,,
C001,Summer Sale,04-07-2026,Google Ads,CUST00919,18-24,Female,12982,695,166,25,2713.76,49593.68,,,,,
C008,Year End Clearance,30-06-2026,YouTube,CUST00012,25-34,Male,8041,187,23,1,1804.66,1737.44,,,,,
C005,Back to College,06-01-2026,YouTube,CUST02145,55+,Male,21228,281,32,4,3431.66,9101.1,,,,,
C002,Festive Bonanza,27-02-2026,Instagram,CUST01622,45-54,Female,12659,412,77,12,2024.1,30068.84,,,,,
C001,Summer Sale,12-06-2026,Google Ads,CUST00081,18-24,Male,5209,279,55,13,1472.16,28144.2,,,,,
C006,Weekend Flash Sale,24-03-2026,Instagram,CUST01828,25-34,Female,7350,241,37,4,1319.75,8496.13,,,,,
C003,New Product Launch,15-04-2026,Instagram,CUST00981,45-54,Female,4336,140,29,5,800,10570.63,,,,,
C005,Back to College,01-04-2026,Google Ads,CUST00922,35-44,Male,13146,760,176,25,3769.36,35939.45,,,,,
C005,Back to College,14-06-2026,Facebook,CUST01824,18-24,Male,15310,330,49,8,2312.26,15940.38,,,,,
C006,Weekend Flash Sale,27-02-2026,Google Ads,CUST00237,55+,Female,9782,444,103,17,1797.22,30157.94,,,,,
C003,New Product Launch,07-05-2026,Google Ads,CUST00628,18-24,Female,11735,540,102,17,2531.86,29903.86,,,,,
C001,Summer Sale,15-07-2026,Facebook,CUST00433,45-54,Male,5289,124,14,0,852.69,0,,,,,
C003,New Product Launch,23-01-2026,Instagram,CUST02379,18-24,Male,13183,641,90,10,2219.61,23127.44,,,,,
C006,Weekend Flash Sale,04-07-2026,Instagram,CUST02336,25-34,Female,15756,353,54,6,2311.25,15620.1,,,,,
C002,Festive Bonanza,19-01-2026,Facebook,CUST01876,45-54,Male,12285,377,52,5,1543.58,11874.58,,,,,
C004,Monsoon Offers,05-01-2026,Instagram,CUST00195,35-44,Male,5411,124,18,3,844.03,4118.94,,,,,
C008,Year End Clearance,11-08-2026,YouTube,CUST01514,25-34,Male,5691,154,12,2,965.7,3589.96,,,,,
C007,Diwali Mega Sale,30-07-2026,Facebook,CUST01059,45-54,Male,16928,594,78,7,2050.18,12025.13,,,,,
C003,New Product Launch,07-08-2026,Instagram,CUST00766,55+,Unknown,13714,384,67,8,1734.94,15397.27,,,,,
C002,Festive Bonanza,06-06-2026,Email,CUST01679,55+,Female,14334,1118,344,92,800,349502.83,,,,,
C007,Diwali Mega Sale,13-02-2026,Instagram,CUST01480,18-24,Female,7310,271,49,7,964.43,14188.45,,,,,
C008,Year End Clearance,30-03-2026,Google Ads,CUST02435,25-34,Male,7095,384,79,16,1983.31,36441.92,,,,,
C004,Monsoon Offers,05-04-2026,Google Ads,CUST00188,18-24,Male,17314,1175,265,37,4088.28,71985.38,,,,,
C003,New Product Launch,07-02-2026,YouTube,CUST00497,25-34,Male,2408,44,5,1,800,2301.32,,,,,
C007,Diwali Mega Sale,30-05-2026,Instagram,CUST00336,55+,Female,12799,424,70,11,2025.71,31580.91,,,,,
C006,Weekend Flash Sale,23-02-2026,Facebook,CUST00229,35-44,Female,18370,499,67,9,2545.09,10225.5,,,,,
C005,Back to College,19-05-2026,Google Ads,CUST00776,35-44,Male,6055,240,58,8,1329.3,13096.52,,,,,
C006,Weekend Flash Sale,13-05-2026,Google Ads,CUST01635,45-54,Male,13336,696,154,34,2811.35,48509.68,,,,,
C008,Year End Clearance,12-05-2026,Facebook,CUST00546,35-44,Male,17980,434,60,6,2881.33,10663.39,,,,,
C008,Year End Clearance,12-08-2026,Instagram,CUST00217,18-24,Male,5164,154,28,1,800,1450.39,,,,,
C002,Festive Bonanza,27-03-2026,Instagram,CUST01411,25-34,Female,13656,351,61,7,2057.29,11934.53,,,,,
C005,Back to College,23-04-2026,Google Ads,CUST00373,45-54,Female,14596,557,137,21,3343.16,41495.19,,,,,
C005,Back to College,31-03-2026,Email,CUST01530,25-34,Female,24318,1387,398,98,1026.69,259343.88,,,,,
C001,Summer Sale,20-08-2026,Email,CUST02125,25-34,Female,10198,743,215,45,800,64426.31,,,,,
C003,New Product Launch,15-08-2026,Facebook,CUST02314,25-34,Female,11517,279,35,9,1437.98,16999.07,,,,,
C007,Diwali Mega Sale,11-05-2026,Google Ads,CUST02071,25-34,Male,19308,958,233,54,4218.79,98092.57,,,,,
C005,Back to College,09-05-2026,Google Ads,CUST01947,25-34,Male,11742,602,132,17,3074.39,22281.65,,,,,
C008,Year End Clearance,01-05-2026,YouTube,CUST02009,45-54,Male,5717,101,12,3,1199.26,5171.52,,,,,
C007,Diwali Mega Sale,17-01-2026,Email,CUST00863,18-24,Male,6813,517,148,36,800,109550.77,,,,,
C008,Year End Clearance,16-04-2026,YouTube,CUST00656,18-24,Male,9368,178,24,1,2013.73,2158.23,,,,,
C002,Festive Bonanza,04-05-2026,Google Ads,CUST02437,18-24,Male,18504,688,168,35,3322.79,61325.31,,,,,
C004,Monsoon Offers,27-06-2026,Google Ads,CUST01477,18-24,Female,17949,1255,241,37,3816.01,44737.01,,,,,
C002,Festive Bonanza,13-02-2026,Facebook,CUST00035,55+,Female,6314,119,22,3,1060.26,7407.39,,,,,
C007,Diwali Mega Sale,03-05-2026,Instagram,CUST00414,18-24,Male,7954,197,32,4,936.32,11268.86,,,,,
C008,Year End Clearance,08-02-2026,YouTube,CUST00770,18-24,Male,19402,386,41,3,3637.77,3683.97,,,,,
C005,Back to College,23-01-2026,Email,CUST01062,45-54,Female,3963,252,79,19,800,32286.65,,,,,
C004,Monsoon Offers,28-03-2026,Email,CUST00906,55+,Male,6719,575,175,25,800,47098.58,,,,,
C002,Festive Bonanza,05-01-2026,Instagram,CUST00285,35-44,Male,21422,808,135,22,3117.2,51201.98,,,,,
C005,Back to College,15-02-2026,YouTube,CUST01995,45-54,Female,26589,496,70,10,4095.65,22311.57,,,,,
C003,New Product Launch,17-07-2026,YouTube,CUST01339,18-24,Male,11212,233,33,3,2349.8,5275.32,,,,,
C002,Festive Bonanza,17-05-2026,Google Ads,CUST00579,25-34,Male,10026,513,105,18,1736.04,45343.71,,,,,
C008,Year End Clearance,03-05-2026,YouTube,CUST02095,45-54,Female,13285,274,39,6,2431.9,9455.87,,,,,
C003,New Product Launch,04-08-2026,Google Ads,CUST02159,55+,Male,14483,785,160,30,2853.42,78950.24,,,,,
C004,Monsoon Offers,30-04-2026,Email,CUST02435,45-54,Other,12867,842,251,65,800,131319.42,,,,,
C003,New Product Launch,28-05-2026,Facebook,CUST00828,18-24,Female,15145,408,49,7,2176.29,12307.78,,,,,
C006,Weekend Flash Sale,26-07-2026,Instagram,CUST00518,45-54,Male,6151,176,31,4,1088.49,6322.08,,,,,
C008,Year End Clearance,01-05-2026,instagram,CUST00015,45-54,Female,8574,151,15,4,1618.49,4433.58,,,,,
C008,Year End Clearance,12-08-2026,Google Ads,CUST01564,35-44,Female,9384,404,73,16,2650.94,40344.66,,,,,
C008,Year End Clearance,22-01-2026,Email,CUST00060,25-34,Other,10480,681,199,38,800,96182.05,,,,,
C006,Weekend Flash Sale,28-07-2026,Facebook,CUST01083,18-24,Female,8749,282,41,4,1143.48,7021.31,,,,,
C001,Summer Sale,17-05-2026,Facebook,CUST00140,35-44,Male,11377,410,59,5,1269.18,4658.27,,,,,
C008,Year End Clearance,28-06-2026,YouTube,CUST00776,45-54,Female,15548,347,40,9,2411.35,15203.37,,,,,
C004,Monsoon Offers,04-04-2026,Facebook,CUST00032,45-54,Male,7818,193,25,2,1087.25,2879.69,,,,,
C007,Diwali Mega Sale,27-03-2026,YouTube,CUST00167,25-34,Male,9618,206,25,4,1726.49,9296.01,,,,,
C003,New Product Launch,06-02-2026,Instagram,CUST00703,25-34,Female,5063,238,37,1,800,2652.02,,,,,
C007,Diwali Mega Sale,18-02-2026,YouTube,CUST01401,45-54,Female,10011,270,38,2,1874.82,3211.48,,,,,
C005,Back to College,29-07-2026,Instagram,CUST00624,25-34,Male,15757,487,82,8,2501.1,17580.46,,,,,
C002,Festive Bonanza,09-02-2026,Facebook,CUST01483,18-24,Female,10723,300,34,4,1590.5,8266.03,,,,,
C008,Year End Clearance,26-03-2026,Google Ads,CUST01771,45-54,Male,7404,386,83,13,2092.05,32854.96,,,,,
C002,Festive Bonanza,29-07-2026,Email,CUST00149,45-54,Female,3732,256,72,19,800,69140.32,,,,,
C008,Year End Clearance,14-04-2026,Email,CUST00244,25-34,Male,6944,509,146,33,800,103771.37,,,,,
C001,Summer Sale,06-02-2026,Email,CUST02456,25-34,Female,3902,324,97,22,800,57520.31,,,,,
C002,Festive Bonanza,15-06-2026,Google Ads,CUST01605,25-34,Male,6750,288,58,13,1423.18,30225.05,,,,,
C007,Diwali Mega Sale,27-02-2026,Facebook,CUST00403,45-54,Female,11345,215,24,7,1376.4,21098.57,,,,,
C006,Weekend Flash Sale,28-02-2026,Google Ads,CUST02481,18-24,Female,5180,278,63,11,1159.31,34672.72,,,,,
C003,New Product Launch,12-02-2026,Google Ads,CUST00752,25-34,Male,3347,82,13,1,822.11,2693.16,,,,,
C005,Back to College,11-01-2026,Facebook,CUST01646,25-34,Female,14469,268,27,2,1929.34,4626.55,,,,,
C008,Year End Clearance,15-05-2026,Instagram,CUST00763,55+,Female,3663,79,11,1,800,1757.58,,,,,
C002,Festive Bonanza,07-05-2026,Email,CUST00673,25-34,Male,6265,477,135,42,800,105593.21,,,,,
C008,Year End Clearance,16-04-2026,Google Ads,CUST00975,35-44,Female,7452,333,70,8,2016.99,21861.65,,,,,
C003,New Product Launch,12-01-2026,Instagram,CUST01062,25-34,Male,12699,367,60,3,2244.6,4859.47,,,,,
C001,Summer Sale,31-03-2026,Google Ads,CUST00473,35-44,Male,5358,282,65,11,997.62,18745.37,,,,,
C002,Festive Bonanza,16-06-2026,YouTube,CUST01113,25-34,Male,10073,247,22,3,1807.77,4670.19,,,,,
C008,Year End Clearance,01-07-2026,Facebook,CUST02343,18-24,Female,12846,351,47,6,1388.59,13140.31,,,,,
C006,Weekend Flash Sale,20-08-2026,Email,CUST00030,45-54,Female,11577,814,267,80,800,169078.03,,,,,
C006,Weekend Flash Sale,16-02-2026,Facebook,CUST00122,35-44,Male,21510,562,91,8,2364.06,16035.59,,,,,
C006,Weekend Flash Sale,28-03-2026,Google Ads,CUST01905,35-44,Male,16514,1091,252,55,3596.17,142184.95,,,,,
C002,Festive Bonanza,19-01-2026,YouTube,CUST01182,18-24,Female,17264,349,37,8,3111.75,11435.5,,,,,
C001,Summer Sale,27-06-2026,Instagram,CUST00753,18-24,Male,4635,126,22,5,800,10983.84,,,,,
C004,Monsoon Offers,16-08-2026,Email,CUST00213,25-34,Male,15096,1273,381,68,800,135090.72,,,,,
C004,Monsoon Offers,04-07-2026,Google Ads,CUST01549,25-34,Male,6468,301,68,8,1534.02,8850.56,,,,,
C005,Back to College,30-05-2026,Google Ads,CUST02126,25-34,Female,12230,476,109,20,3462,54867.59,,,,,
C001,Summer Sale,12-06-2026,Email,CUST01603,18-24,Male,21101,1410,419,75,1337.85,222704.99,,,,,
C004,Monsoon Offers,18-02-2026,Facebook,CUST01821,18-24,Male,7057,274,33,0,860.73,0,,,,,
C005,Back to College,03-04-2026,YouTube,CUST00637,25-34,Male,9338,171,22,0,1765.42,0,,,,,
C003,New Product Launch,18-01-2026,Instagram,CUST02236,25-34,Male,10459,281,43,4,1921.81,12007.62,,,,,
C007,Diwali Mega Sale,05-06-2026,Instagram,CUST02397,18-24,Male,33381,1093,156,32,6074.6,79148.81,,,,,
C006,Weekend Flash Sale,28-03-2026,Google Ads,CUST02450,18-24,Female,23040,780,170,36,5488.17,81930.45,,,,,
C008,Year End Clearance,16-01-2026,Email,CUST00140,18-24,Male,6478,427,126,25,800,84067.48,,,,,
C003,New Product Launch,08-08-2026,Facebook,CUST00750,18-24,Female,6321,171,27,2,848.93,4503.94,,,,,
C008,Year End Clearance,24-04-2026,Instagram,CUST00102,35-44,Female,6465,161,30,5,1028.51,7648.22,,,,,
C007,Diwali Mega Sale,13-01-2026,Google Ads,CUST01886,35-44,Other,7515,263,61,11,1493,35319.52,,,,,
C003,New Product Launch,04-07-2026,Instagram,CUST01326,18-24,Male,4853,101,18,0,800,0,,,,,
C005,Back to College,09-08-2026,Email,CUST02331,25-34,Female,7062,601,186,44,800,127699.99,,,,,
C004,Monsoon Offers,08-05-2026,Google Ads,CUST00396,35-44,Male,13503,526,124,23,2670.44,40592.05,,,,,
C007,Diwali Mega Sale,25-02-2026,Instagram,CUST01381,35-44,Male,11259,343,58,8,1354.05,15358.41,,,,,
C001,Summer Sale,29-05-2026,Instagram,CUST00056,35-44,Female,9074,252,52,6,1552.02,11748.9,,,,,
C005,Back to College,10-07-2026,Facebook,CUST00675,45-54,Female,6802,208,25,2,828.86,4664.4,,,,,
C001,Summer Sale,10-07-2026,Google Ads,CUST00987,18-24,Male,10725,382,84,12,2133.73,32192.68,,,,,
C004,Monsoon Offers,08-04-2026,Instagram,CUST00230,18-24,Male,17072,450,73,7,3048.91,10633.41,,,,,
C003,New Product Launch,15-08-2026,YouTube,CUST01492,45-54,Female,4731,113,12,2,817.18,2614.29,,,,,
C002,Festive Bonanza,08-05-2026,Facebook,CUST01670,18-24,Male,5356,173,23,4,800,10009.3,,,,,
C003,New Product Launch,10-06-2026,YouTube,CUST01618,35-44,Male,7433,215,25,2,1509.76,2292.04,,,,,
C003,New Product Launch,15-05-2026,Email,CUST01184,45-54,Female,5727,351,123,26,800,64664.34,,,,,
C007,Diwali Mega Sale,07-08-2026,Instagram,CUST01023,25-34,Male,9352,301,44,7,1502.92,20915.59,,,,,
C001,Summer Sale,07-03-2026,Google Ads,CUST01973,18-24,Male,12949,533,100,15,3239.67,28704.17,,,,,
C006,Weekend Flash Sale,31-07-2026,YouTube,CUST00193,25-34,Male,7433,150,12,1,1436.51,1714.4,,,,,
C003,New Product Launch,10-01-2026,Google Ads,CUST00593,18-24,Female,5774,238,57,11,1031,21628.87,,,,,
C006,Weekend Flash Sale,20-08-2026,Google Ads,CUST01729,55+,Male,9426,542,118,26,1692.59,52232.09,,,,,
C001,Summer Sale,17-04-2026,Email,CUST01723,25-34,Male,12563,869,278,50,800,73581.95,,,,,
C003,New Product Launch,27-02-2026,Google Ads,CUST00602,18-24,Male,5832,192,36,7,1291.18,14520.93,,,,,
C003,New Product Launch,27-05-2026,YouTube,CUST02306,18-24,Female,4763,92,10,1,958.2,2055.82,,,,,
C008,Year End Clearance,13-07-2026,Google Ads,CUST02384,25-34,Female,16521,789,170,23,3623.87,51763.27,,,,,
C005,Back to College,04-08-2026,Facebook,CUST00283,45-54,Female,10160,284,37,5,1207.13,13020.61,,,,,
C003,New Product Launch,21-08-2026,Google Ads,CUST01020,55+,Male,13495,626,141,18,3070.98,48817.61,,,,,
C005,Back to College,18-07-2026,Google Ads,CUST01168,25-34,Male,5394,279,65,18,1434.72,40894.36,,,,,
C003,New Product Launch,27-01-2026,Facebook,CUST01660,25-34,Male,3621,130,15,1,800,1680.32,,,,,
C007,Diwali Mega Sale,23-02-2026,Google Ads,CUST00541,35-44,Female,13127,540,126,31,3522.44,91247.8,,,,,
C007,Diwali Mega Sale,05-06-2026,Facebook,CUST01915,18-24,Male,6563,188,24,3,852.28,8076.4,,,,,
C005,Back to College,27-06-2026,Facebook,CUST01785,25-34,Other,4874,167,23,6,800,14289.98,,,,,
C003,New Product Launch,01-06-2026,Instagram,CUST00618,35-44,Female,19584,442,72,8,3517.03,11535.76,,,,,
C008,Year End Clearance,25-07-2026,Facebook,CUST00999,25-34,Male,6630,187,28,3,876.44,5130.64,,,,,
C008,Year End Clearance,26-05-2026,Facebook,CUST00103,35-44,Male,20902,703,101,4,2431.76,7471.53,,,,,
C008,Year End Clearance,07-02-2026,Email,CUST02159,25-34,Female,4903,249,70,19,800,52164.89,,,,,
C008,Year End Clearance,14-08-2026,Email,CUST01076,35-44,Male,16448,1392,429,101,855.89,237868.85,,,,,
C004,Monsoon Offers,28-07-2026,Instagram,CUST00311,45-54,Male,14247,422,64,6,1970.23,6802.48,,,,,
C008,Year End Clearance,10-08-2026,Instagram,CUST00852,18-24,Male,13005,464,70,8,2155.27,15818.14,,,,,
C004,Monsoon Offers,08-08-2026,Email,CUST00244,25-34,Male,3938,257,78,16,800,27574.91,,,,,
C006,Weekend Flash Sale,06-08-2026,Email,CUST01267,25-34,Male,5057,354,92,19,800,52806.63,,,,,
C001,Summer Sale,05-07-2026,Instagram,CUST01305,45-54,Female,1735,36,7,3,800,6551.87,,,,,
C005,Back to College,15-07-2026,Facebook,CUST01814,25-34,Male,7358,199,47,8,1111.99,14138.09,,,,,
C004,Monsoon Offers,18-08-2026,Instagram,CUST01131,25-34,Female,7945,211,27,2,1411.7,2938.67,,,,,
C008,Year End Clearance,16-08-2026,Instagram,CUST00271,45-54,Female,4358,127,19,3,800,8638.68,,,,,
C007,Diwali Mega Sale,01-07-2026,YouTube,CUST01113,55+,Male,14173,311,38,4,2453.66,8423.91,,,,,
C008,Year End Clearance,26-03-2026,Instagram,CUST00681,35-44,Male,9060,345,60,14,1596.34,22475.32,,,,,
C008,Year End Clearance,19-01-2026,Google Ads,CUST00355,18-24,Female,18863,1177,261,48,3783.14,94211.65,,,,,
C005,Back to College,28-05-2026,Instagram,CUST00738,25-34,Male,6548,183,30,3,800,5115.03,,,,,
C006,Weekend Flash Sale,21-02-2026,YouTube,CUST00919,18-24,Female,6975,181,26,3,1229.48,4049.42,,,,,
C003,New Product Launch,05-02-2026,Google Ads,CUST01433,35-44,Male,13413,604,137,25,2313.91,34212.65,,,,,
C002,Festive Bonanza,10-01-2026,Instagram,CUST00321,25-34,Female,10562,359,55,6,1458.8,17612.57,,,,,
C001,Summer Sale,30-01-2026,YouTube,CUST01283,25-34,Female,5870,164,18,1,954.25,1405.55,,,,,
C006,Weekend Flash Sale,18-02-2026,Google Ads,CUST01554,35-44,Female,15933,657,176,33,4168.52,77743.97,,,,,
C007,Diwali Mega Sale,09-06-2026,Google Ads,CUST00964,25-34,Male,6159,175,30,5,1668.55,13020.73,,,,,
C003,New Product Launch,01-08-2026,Google Ads,CUST00930,25-34,Female,6448,317,68,12,1322.88,22064.42,,,,,
C008,Year End Clearance,17-07-2026,Google Ads,CUST00491,45-54,Male,7370,376,81,16,1971.92,25669.73,,,,,
C003,New Product Launch,19-05-2026,Email,CUST01015,18-24,Male,16469,1209,361,72,800,146699.76,,,,,
C007,Diwali Mega Sale,03-04-2026,YouTube,CUST02331,18-24,Female,8113,221,20,2,1171.2,3582.25,,,,,
C004,Monsoon Offers,29-07-2026,Instagram,CUST00284,18-24,Male,4083,145,26,2,800,2752.81,,,,,
C007,Diwali Mega Sale,23-03-2026,Instagram,CUST02181,25-34,Female,6113,212,39,7,1028.32,15033.72,,,,,
C006,Weekend Flash Sale,21-04-2026,YouTube,CUST01725,35-44,Female,3874,103,13,2,835.15,3752.81,,,,,
C006,Weekend Flash Sale,04-06-2026,Instagram,CUST02444,35-44,Female,11516,399,57,5,2102.47,13088.82,,,,,
C003,New Product Launch,07-01-2026,Instagram,CUST01404,45-54,Female,4199,109,20,2,800,2712.52,,,,,
C008,Year End Clearance,24-06-2026,Instagram,CUST00081,35-44,Male,15973,615,114,16,2416.73,31067.78,,,,,
C006,Weekend Flash Sale,08-03-2026,Instagram,CUST00544,18-24,Male,7962,201,28,8,1287.01,17525.74,,,,,
C007,Diwali Mega Sale,09-02-2026,Facebook,CUST01047,25-34,Male,4581,163,27,5,800,8527.03,,,,,
C003,New Product Launch,31-05-2026,Google Ads,CUST00212,25-34,Female,2338,98,28,4,800,7028.92,,,,,
C008,Year End Clearance,05-04-2026,Facebook,CUST02356,35-44,Female,6480,227,34,4,1032.26,7520.4,,,,,
C004,Monsoon Offers,16-03-2026,Instagram,CUST01723,25-34,Other,14513,345,51,6,2552.31,9016.43,,,,,
C005,Back to College,20-02-2026,Facebook,CUST01117,45-54,Female,4462,137,18,1,800,2306.85,,,,,
C006,Weekend Flash Sale,25-05-2026,YouTube,CUST01898,25-34,Male,8561,198,20,4,1873.17,8016.19,,,,,
C007,Diwali Mega Sale,01-03-2026,Facebook,CUST00675,18-24,Male,6503,187,29,4,827.64,12922.53,,,,,
C008,Year End Clearance,26-02-2026,Google Ads,CUST02480,45-54,Female,6537,195,45,10,1863.78,22582.56,,,,,
C004,Monsoon Offers,20-02-2026,Google Ads,CUST00383,35-44,Female,21569,996,218,24,3815.99,34525.97,,,,,
C003,New Product Launch,16-01-2026,Email,CUST02493,35-44,Male,7175,491,135,27,800,51129.16,,,,,
C008,Year End Clearance,08-02-2026,Google Ads,CUST00171,25-34,Female,5550,252,72,15,997.02,45785.64,,,,,
C008,Year End Clearance,14-02-2026,Facebook,CUST01580,18-24,Female,7869,195,21,3,1128.85,4737.32,,,,,
C005,Back to College,04-01-2026,Facebook,CUST01749,55+,Female,6263,133,16,1,1002.5,1752.52,,,,,
C007,Diwali Mega Sale,05-07-2026,Instagram,CUST00514,25-34,Male,8921,298,47,6,1644.28,12933.15,,,,,
C006,Weekend Flash Sale,25-05-2026,Email,CUST02158,45-54,Male,2548,156,44,9,800,31644.29,,,,,
C001,Summer Sale,29-06-2026,Google Ads,CUST00335,35-44,Female,3734,170,43,8,903,22520.86,,,,,
C005,Back to College,31-05-2026,Email,CUST01992,25-34,Female,9820,627,191,39,800,124477.75,,,,,
C008,Year End Clearance,15-01-2026,Google Ads,CUST00600,25-34,Other,8240,284,63,14,1729.9,28648.75,,,,,
C001,Summer Sale,30-01-2026,Facebook,CUST01543,45-54,Male,14754,492,70,4,2355.44,5588.92,,,,,
C004,Monsoon Offers,21-02-2026,Facebook,CUST02164,35-44,Female,26044,637,95,9,2941.74,11292.74,,,,,
C007,Diwali Mega Sale,05-03-2026,Email,CUST02362,35-44,Female,5583,393,124,31,800,60901.68,,,,,
C005,Back to College,01-02-2026,YouTube,CUST00212,45-54,Female,4989,129,18,1,800,1417.5,,,,,
C003,New Product Launch,18-07-2026,Facebook,CUST01610,55+,Male,6723,180,31,1,801.41,3555.07,,,,,
C005,Back to College,17-06-2026,YouTube,CUST00319,35-44,Female,12081,289,33,4,2260.76,5433.63,,,,,
C008,Year End Clearance,05-02-2026,YouTube,CUST00305,18-24,Female,15749,270,48,5,2720.4,12369.89,,,,,
C007,Diwali Mega Sale,20-01-2026,YouTube,CUST00233,35-44,Male,6085,87,5,1,849.68,2015.05,,,,,
C006,Weekend Flash Sale,18-06-2026,Google Ads,CUST02121,45-54,Male,6254,338,72,14,1239.58,33154.97,,,,,
C001,Summer Sale,06-06-2026,Email,CUST02378,25-34,Male,1895,172,43,11,800,28691.9,,,,,
C006,Weekend Flash Sale,18-01-2026,Google Ads,CUST01211,55+,Female,9287,567,121,24,1775.88,61905.6,,,,,
C002,Festive Bonanza,09-03-2026,Instagram,CUST00985,25-34,Male,13222,479,76,15,1828.35,41573.5,,,,,
C001,Summer Sale,11-04-2026,Email,CUST01473,35-44,Male,2999,149,53,14,800,34741.76,,,,,
C005,Back to College,14-03-2026,Google Ads,CUST00196,18-24,Female,15197,648,129,20,3478.65,49931.77,,,,,
C007,Diwali Mega Sale,29-07-2026,Email,CUST01964,18-24,Male,4251,364,106,26,800,90770.85,,,,,
C002,Festive Bonanza,14-07-2026,Google Ads,CUST01212,35-44,Female,14377,612,134,20,4123.64,60776.21,,,,,
C003,New Product Launch,28-04-2026,Instagram,CUST01960,45-54,Female,12395,362,61,9,1589.5,18341.47,,,,,
C007,Diwali Mega Sale,18-08-2026,Instagram,CUST01541,35-44,Male,4031,123,23,5,800,14796.29,,,,,
C008,Year End Clearance,25-05-2026,Facebook,CUST01241,18-24,Male,10726,317,49,5,1111.72,8956.81,,,,,
C002,Festive Bonanza,28-05-2026,Facebook,CUST02193,35-44,Male,7760,123,18,0,826.45,0,,,,,
C003,New Product Launch,09-03-2026,Instagram,CUST01516,25-34,Male,6214,136,18,2,1114.67,4415.45,,,,,
C003,New Product Launch,25-04-2026,YouTube,CUST01361,18-24,Male,13007,314,39,2,2207.08,3346.71,,,,,
C008,Year End Clearance,13-07-2026,Instagram,CUST01635,25-34,Other,5835,223,41,6,946.26,8953.24,,,,,
C002,Festive Bonanza,02-06-2026,Google Ads,CUST02037,18-24,Female,12228,730,167,29,2904.75,66103.98,,,,,
C002,Festive Bonanza,25-04-2026,YouTube,CUST02324,25-34,Male,5133,116,21,3,1033.59,5600.49,,,,,
C005,Back to College,28-03-2026,Instagram,CUST01694,18-24,Female,9676,263,43,7,1714.13,15588.16,,,,,
C002,Festive Bonanza,16-03-2026,Google Ads,CUST02014,25-34,Male,9233,400,100,24,2388.86,67107.1,,,,,
C008,Year End Clearance,17-08-2026,Email,CUST01540,35-44,Male,18277,1338,395,101,958.91,318770.21,,,,,
C003,New Product Launch,29-01-2026,Email,CUST01513,25-34,Male,8809,588,166,39,800,85216.3,,,,,
C007,Diwali Mega Sale,08-08-2026,Email,CUST01189,25-34,Male,10039,732,204,54,800,96055.12,,,,,
C005,Back to College,24-04-2026,YouTube,CUST01879,25-34,Male,5342,158,18,2,1043.28,3247.73,,,,,
C001,Summer Sale,16-03-2026,YouTube,CUST00141,55+,Male,9254,134,19,0,1463.91,0,,,,,
C005,Back to College,15-06-2026,Email,CUST02082,35-44,Male,10853,611,208,43,800,131449.57,,,,,
C008,Year End Clearance,19-01-2026,Email,CUST01729,35-44,Male,15961,978,286,65,1064.98,200851.81,,,,,
C006,Weekend Flash Sale,13-07-2026,Instagram,CUST01213,25-34,Female,17473,716,130,19,2057.23,39185.84,,,,,
C001,Summer Sale,18-02-2026,Facebook,CUST02233,18-24,Female,16613,507,72,9,2571.98,14062.74,,,,,
C008,Year End Clearance,24-07-2026,YouTube,CUST00615,45-54,Male,9326,227,32,9,1744.51,13949.3,,,,,
C007,Diwali Mega Sale,08-04-2026,Google Ads,CUST01788,45-54,Female,7577,363,77,16,1981.61,47583.73,,,,,
C005,Back to College,19-06-2026,Instagram,CUST00078,25-34,Female,5018,150,20,2,800,5045.56,,,,,
C005,Back to College,06-05-2026,Email,CUST02416,25-34,Male,32763,2139,628,125,2250.04,268797.45,,,,,
C002,Festive Bonanza,05-02-2026,Email,CUST02030,35-44,Male,6152,482,135,28,800,89369.78,,,,,
C002,Festive Bonanza,24-02-2026,YouTube,CUST01838,18-24,Male,3583,91,13,1,800,2648.17,,,,,
C003,New Product Launch,07-06-2026,Instagram,CUST02436,25-34,Male,5023,161,36,4,890.82,6700.44,,,,,
C006,Weekend Flash Sale,15-02-2026,Google Ads,CUST00650,45-54,Female,18082,906,193,32,5102.67,100277.91,,,,,
C007,Diwali Mega Sale,24-06-2026,Facebook,CUST02157,25-34,Female,8752,198,27,2,1269.83,4907.28,,,,,
C002,Festive Bonanza,07-03-2026,Facebook,CUST01915,45-54,Female,4959,164,18,6,800,17037.27,,,,,
C004,Monsoon Offers,29-01-2026,Facebook,CUST02439,45-54,Other,9302,236,37,3,1208.26,3467.27,,,,,
C004,Monsoon Offers,30-04-2026,Google Ads,CUST01200,35-44,Male,10786,592,119,16,2668.18,25699.64,,,,,
C006,Weekend Flash Sale,21-06-2026,YouTube,CUST01286,35-44,Male,17114,311,38,8,3351.43,21299.55,,,,,
C001,Summer Sale,20-05-2026,Google Ads,CUST00981,55+,Female,5629,272,45,10,1389.09,20940.4,,,,,
C008,Year End Clearance,30-04-2026,Instagram,CUST01147,18-24,Male,4236,155,25,3,800,5383.68,,,,,
C002,Festive Bonanza,01-05-2026,YouTube,CUST02280,25-34,Female,4685,137,10,2,904.11,2951.74,,,,,
C002,Festive Bonanza,26-02-2026,Email,CUST01753,35-44,Male,16586,1183,370,69,800,239616.76,,,,,
C005,Back to College,19-07-2026,Email,CUST02303,35-44,Female,6032,445,134,33,800,84603.3,,,,,
C002,Festive Bonanza,19-05-2026,Facebook,CUST01125,45-54,Other,11303,311,51,8,1762.92,10767.1,,,,,
C005,Back to College,14-04-2026,Google Ads,CUST02384,18-24,Female,4235,229,48,10,951.03,,,,,,
C004,Monsoon Offers,02-05-2026,Instagram,CUST00406,55+,Female,5587,159,25,1,853.84,2111.93,,,,,
C005,Back to College,24-01-2026,YouTube,CUST01943,45-54,Female,11083,193,24,2,2133.9,4560.32,,,,,
C008,Year End Clearance,18-01-2026,Email,CUST00534,25-34,Female,3675,280,88,21,800,40625.86,,,,,
C001,Summer Sale,10-07-2026,YouTube,CUST00865,55+,Male,3396,103,5,0,800,0,,,,,
C004,Monsoon Offers,07-02-2026,Instagram,CUST02257,18-24,Female,6925,273,44,5,800,7998.15,,,,,
C005,Back to College,10-07-2026,YouTube,CUST00496,25-34,Male,6044,121,12,1,1092.79,2122.53,,,,,
C007,Diwali Mega Sale,14-05-2026,Google Ads,CUST02027,35-44,Male,31193,1227,264,53,7875.8,141665.48,,,,,
C008,Year End Clearance,27-04-2026,Facebook,CUST01215,25-34,Male,12255,376,56,6,1775.62,12415.47,,,,,
C001,Summer Sale,08-03-2026,Instagram,CUST00624,35-44,Female,7604,191,35,3,1330.02,5754.21,,,,,
C002,Festive Bonanza,10-04-2026,Google Ads,CUST01617,25-34,Female,6205,197,40,9,1111.82,19813.54,,,,,
C004,Monsoon Offers,08-03-2026,Email,CUST02137,25-34,Female,6571,609,177,33,800,53060.02,,,,,
C006,Weekend Flash Sale,15-03-2026,Facebook,CUST01464,18-24,Female,3319,81,8,1,800,1969.73,,,,,
C001,Summer Sale,11-06-2026,Google Ads,CUST00667,18-24,Female,8401,352,82,11,1633.43,29116.27,,,,,
C002,Festive Bonanza,02-06-2026,Email,CUST02413,25-34,Female,7577,507,162,42,800,145006.77,,,,,
C002,Festive Bonanza,26-06-2026,Facebook,CUST00719,25-34,Female,10889,277,45,5,1504.23,8726.97,,,,,
C002,Festive Bonanza,09-07-2026,YouTube,CUST02124,45-54,Male,10206,230,21,1,2125.09,2753.77,,,,,
C004,Monsoon Offers,06-01-2026,Email,CUST01026,35-44,Female,8319,571,180,25,800,49273.93,,,,,
C003,New Product Launch,17-03-2026,YouTube,CUST00495,25-34,Female,7031,124,14,0,1250.27,0,,,,,
C002,Festive Bonanza,02-05-2026,Facebook,CUST02047,35-44,Female,7470,183,23,2,841.68,4310.95,,,,,
C005,Back to College,19-08-2026,Google Ads,CUST00133,25-34,Male,10427,433,107,15,1986.97,36875.28,,,,,
C003,New Product Launch,06-03-2026,Facebook,CUST02214,25-34,Female,3538,77,12,0,800,0,,,,,
C006,Weekend Flash Sale,02-03-2026,Instagram,CUST00043,25-34,Female,14631,346,52,6,2180.07,14216.35,,,,,
C006,Weekend Flash Sale,05-02-2026,instagram,CUST01354,35-44,Female,7391,477,152,32,800,39637.19,,,,,
C004,Monsoon Offers,05-01-2026,Facebook,CUST01024,25-34,Female,8132,203,31,4,856.04,4122.45,,,,,
C006,Weekend Flash Sale,15-02-2026,Facebook,CUST00244,45-54,Female,5283,151,17,1,800,2230.31,,,,,
C005,Back to College,20-08-2026,Email,CUST00724,35-44,Male,12172,906,262,54,800,135562.79,,,,,
C008,Year End Clearance,20-06-2026,Email,CUST00270,25-34,Male,8679,417,132,24,800,74523.41,,,,,
C004,Monsoon Offers,20-05-2026,YouTube,CUST02474,25-34,Female,10260,241,20,1,1867.61,1191.8,,,,,
C008,Year End Clearance,30-03-2026,Email,CUST01947,25-34,Female,9390,493,160,32,800,108668.49,,,,,
C007,Diwali Mega Sale,18-02-2026,Facebook,CUST02384,25-34,Male,5443,144,24,3,850.38,7219.45,,,,,
C008,Year End Clearance,05-01-2026,Facebook,CUST00130,35-44,Male,3396,97,12,0,800,0,,,,,
C001,Summer Sale,08-07-2026,Instagram,CUST00599,18-24,Male,23302,565,98,19,3537.76,33942.71,,,,,
C005,Back to College,07-08-2026,Instagram,CUST00534,45-54,Other,6299,181,27,4,995.25,10448.93,,,,,
C002,Festive Bonanza,11-08-2026,Email,CUST00160,18-24,Male,10014,657,186,38,800,121356.34,,,,,
C006,Weekend Flash Sale,30-07-2026,Instagram,CUST00597,25-34,Male,5947,262,32,4,1008.25,9559.19,,,,,
C006,Weekend Flash Sale,18-05-2026,Email,CUST01802,35-44,Male,15548,1465,468,104,800,338304.17,,,,,
C003,New Product Launch,30-03-2026,Google Ads,CUST01475,25-34,Female,6689,290,71,6,1805.92,13251.66,,,,,
C003,New Product Launch,17-03-2026,Email,CUST01097,18-24,Male,23993,1700,508,114,1323.47,267804.9,,,,,
C005,Back to College,09-04-2026,YouTube,CUST02096,25-34,Female,5227,129,10,0,908.48,0,,,,,
C006,Weekend Flash Sale,20-06-2026,Google Ads,CUST00296,55+,Other,5609,275,71,18,1303.57,28914.21,,,,,
C007,Diwali Mega Sale,21-01-2026,Instagram,CUST00156,18-24,Male,19980,582,97,8,2865.08,20995.7,,,,,
C002,Festive Bonanza,15-06-2026,Email,CUST01595,25-34,Male,10561,1029,301,68,800,291418.59,,,,,
C004,Monsoon Offers,21-07-2026,Email,CUST02369,25-34,Male,18014,1178,351,50,1229.6,147064.78,,,,,
C002,Festive Bonanza,14-07-2026,Google Ads,CUST00929,18-24,Female,6293,300,65,13,1541.98,26939.63,,,,,
C004,Monsoon Offers,16-06-2026,Email,CUST00383,18-24,Male,5808,557,169,26,800,42865.15,,,,,
C006,Weekend Flash Sale,18-02-2026,Google Ads,CUST01404,25-34,Male,4952,210,43,8,1152.1,21807.71,,,,,
C002,Festive Bonanza,26-03-2026,Instagram,CUST01373,55+,Female,3005,128,19,3,800,7574.62,,,,,
C007,Diwali Mega Sale,21-08-2026,Google Ads,CUST00498,18-24,Male,42503,1782,407,71,10401.98,216361.31,,,,,
C005,Back to College,15-04-2026,Instagram,CUST02429,25-34,Male,12791,354,49,8,1456.28,19945.05,,,,,
C003,New Product Launch,27-08-2026,Email,CUST00106,18-24,Male,19782,1456,432,86,1298.28,302583.16,,,,,
C008,Year End Clearance,08-04-2026,Google Ads,CUST01196,35-44,Male,5579,217,58,9,1131.49,28591.47,,,,,
C005,Back to College,04-07-2026,Instagram,CUST01252,45-54,Female,3589,87,21,3,800,6069.34,,,,,
C004,Monsoon Offers,10-08-2026,YouTube,CUST01175,25-34,Female,13307,204,22,1,2166.24,1629.5,,,,,
C001,Summer Sale,20-02-2026,Google Ads,CUST02276,25-34,Male,15068,772,166,20,4310.55,43204.25,,,,,
C003,New Product Launch,11-07-2026,Google Ads,CUST00339,18-24,Female,38715,2167,507,88,10552.43,242578.52,,,,,
C008,Year End Clearance,21-07-2026,Instagram,CUST00125,18-24,Female,17576,600,99,15,2408.09,21443.6,,,,,
C005,Back to College,19-02-2026,Facebook,CUST00695,45-54,Male,19203,313,32,4,3174.44,5789.15,,,,,
C004,Monsoon Offers,18-06-2026,Instagram,CUST01030,35-44,Male,3372,124,22,1,800,1441.78,,,,,
C008,Year End Clearance,21-03-2026,Instagram,CUST01218,18-24,Male,9775,325,49,8,1611.7,12787.13,,,,,
C008,Year End Clearance,06-05-2026,Instagram,CUST00384,25-34,Male,10040,313,47,4,1378.49,9246.61,,,,,
C008,Year End Clearance,12-05-2026,Email,CUST02420,35-44,Female,6391,512,156,28,800,55030.66,,,,,
C006,Weekend Flash Sale,05-07-2026,Email,CUST01062,35-44,Female,11714,539,135,32,800,81930.96,,,,,
C004,Monsoon Offers,08-03-2026,Instagram,CUST02102,Unknown,Male,12417,403,70,12,1692.68,14610.97,,,,,
C007,Diwali Mega Sale,12-03-2026,Facebook,CUST00180,35-44,Male,10004,349,45,7,1349.51,12755.26,,,,,
C005,Back to College,27-01-2026,Instagram,CUST01476,25-34,Other,9402,310,50,7,1399.35,15378.34,,,,,
C003,New Product Launch,15-08-2026,Instagram,CUST00892,35-44,Female,4882,199,34,6,806.23,13726.66,,,,,
C004,Monsoon Offers,01-05-2026,Facebook,CUST01211,18-24,Male,6810,160,18,2,884.47,3513.83,,,,,
C006,Weekend Flash Sale,05-03-2026,YouTube,CUST01148,18-24,Female,7643,202,23,4,1101.05,11087.41,,,,,
C008,Year End Clearance,20-02-2026,Facebook,CUST01777,35-44,Male,15061,466,70,5,2120.66,9716.37,,,,,
C008,Year End Clearance,25-08-2026,YouTube,CUST01124,18-24,Male,29491,767,99,14,4305.31,25193.96,,,,,
C007,Diwali Mega Sale,16-01-2026,Instagram,CUST02236,25-34,Female,10471,273,40,6,1583.64,12842.69,,,,,
C008,Year End Clearance,28-01-2026,Google Ads,CUST00142,18-24,Female,17303,700,166,31,3714.22,114883.66,,,,,
C003,New Product Launch,24-01-2026,YouTube,CUST01314,35-44,Other,5981,125,18,3,1246.75,3445.15,,,,,
C001,Summer Sale,08-08-2026,Facebook,CUST01689,25-34,Female,15080,588,81,11,2224.77,19130.45,,,,,
C008,Year End Clearance,09-06-2026,Instagram,CUST00111,45-54,Female,14100,429,66,8,2121.11,15211.85,,,,,
C008,Year End Clearance,18-01-2026,Instagram,CUST00079,25-34,Male,8229,240,45,3,1140.02,4973.72,,,,,
C002,Festive Bonanza,08-08-2026,Facebook,CUST00504,18-24,Female,28871,852,117,11,3423.39,16515.42,,,,,
C003,New Product Launch,14-04-2026,Facebook,CUST00301,25-34,Female,11625,331,45,3,1674.02,4215.15,,,,,
C002,Festive Bonanza,29-03-2026,Facebook,CUST02045,18-24,Other,6098,177,28,5,990.03,8983.65,,,,,
C003,New Product Launch,01-02-2026,Instagram,CUST00918,55+,Female,2538,70,10,2,800,3964.45,,,,,
C007,Diwali Mega Sale,18-07-2026,Facebook,CUST01154,55+,Female,10066,330,44,9,1372.67,15304.55,,,,,
C001,Summer Sale,25-04-2026,Instagram,CUST02287,18-24,Male,9677,289,39,5,1509.44,9063.05,,,,,
C001,Summer Sale,22-08-2026,Facebook,CUST00812,25-34,Female,10304,274,45,8,1618.72,15272.24,,,,,
C007,Diwali Mega Sale,19-08-2026,Instagram,CUST00096,25-34,Female,10368,333,55,11,1423.53,21466.59,,,,,
C007,Diwali Mega Sale,04-05-2026,Email,CUST00754,25-34,Male,4906,233,69,16,800,57290.13,,,,,
C004,Monsoon Offers,15-04-2026,Email,CUST02221,25-34,Male,8130,727,211,42,800,90833.33,,,,,
C002,Festive Bonanza,11-08-2026,Instagram,CUST01960,18-24,Male,8432,167,26,5,1064.99,16446.14,,,,,
C007,Diwali Mega Sale,27-03-2026,Google Ads,CUST02258,25-34,Male,12950,310,66,15,2948.9,52645.36,,,,,
C007,Diwali Mega Sale,31-08-2026,Facebook,CUST02257,35-44,Female,26875,847,124,23,2766.27,37985.77,,,,,
C008,Year End Clearance,07-01-2026,Facebook,CUST00926,25-34,Male,10054,268,34,5,1572.35,10122.77,,,,,
C002,Festive Bonanza,02-06-2026,YouTube,CUST02486,25-34,Female,6101,166,19,1,1036.32,1592.59,,,,,
C003,New Product Launch,22-07-2026,Google Ads,CUST02494,35-44,Male,13433,506,116,18,2607.37,54891.72,,,,,
C004,Monsoon Offers,27-07-2026,Google Ads,CUST01073,35-44,Male,10456,423,92,10,2868.78,28034.61,,,,,
C002,Festive Bonanza,21-03-2026,Facebook,CUST01772,45-54,Male,5510,106,15,2,800,3951.46,,,,,
C005,Back to College,19-03-2026,Email,CUST00122,25-34,Male,4362,347,108,23,800,39736.86,,,,,
C004,Monsoon Offers,22-02-2026,Instagram,CUST00528,18-24,Female,17516,648,95,14,2391.36,32689.72,,,,,
C007,Diwali Mega Sale,01-01-2026,Facebook,CUST01483,25-34,Male,15391,394,58,11,2532.52,29766.93,,,,,
C006,Weekend Flash Sale,17-05-2026,Email,CUST02267,25-34,Female,3363,241,68,9,800,25971.98,,,,,
C008,Year End Clearance,18-05-2026,Google Ads,CUST00319,25-34,Female,5222,264,74,18,1065.47,40560.35,,,,,
C002,Festive Bonanza,19-04-2026,YouTube,CUST01570,18-24,Male,5066,121,12,2,1100.21,5033.89,,,,,
C007,Diwali Mega Sale,25-06-2026,YouTube,CUST01441,25-34,Female,6021,107,11,1,1019.11,1803.74,,,,,
C001,Summer Sale,02-06-2026,Google Ads,CUST01596,18-24,Female,2594,114,25,6,800,8057.21,,,,,
C008,Year End Clearance,20-03-2026,Google Ads,CUST01351,25-34,Male,7428,318,65,14,1859.04,25969.24,,,,,
C001,Summer Sale,03-08-2026,Instagram,CUST00173,45-54,Female,6147,168,25,1,940.97,1811.07,,,,,
C002,Festive Bonanza,23-04-2026,Instagram,CUST01476,45-54,Other,4826,135,17,2,800,4314.39,,,,,
C002,Festive Bonanza,27-01-2026,Facebook,CUST00119,35-44,Male,9010,128,16,2,1194.58,4545.81,,,,,
C004,Monsoon Offers,13-01-2026,Instagram,CUST00802,25-34,Male,13715,528,82,11,1712.69,17502.62,,,,,
C001,Summer Sale,18-08-2026,Email,CUST00922,18-24,Male,5356,390,117,16,800,41952.64,,,,,
C007,Diwali Mega Sale,29-06-2026,Email,CUST01572,25-34,Female,3142,272,69,18,800,77399.8,,,,,
C001,Summer Sale,24-05-2026,Facebook,CUST01076,18-24,Male,9211,269,43,4,1238.94,7295.11,,,,,
C003,New Product Launch,29-05-2026,Email,CUST01313,55+,Female,2895,212,60,11,800,24414.57,,,,,
C002,Festive Bonanza,25-04-2026,Facebook,CUST02264,55+,Male,7189,272,34,4,942.73,11006.45,,,,,
C004,Monsoon Offers,18-03-2026,Email,CUST00090,18-24,Female,8215,645,190,30,800,78748.32,,,,,
C003,New Product Launch,10-02-2026,Instagram,CUST02048,18-24,Female,5518,166,19,2,800,3785.84,,,,,
C006,Weekend Flash Sale,21-05-2026,Email,CUST02232,55+,Male,4552,274,84,17,800,63055.1,,,,,
C008,Year End Clearance,25-02-2026,Facebook,CUST01845,35-44,Male,14576,431,58,14,1890.87,24408.56,,,,,
C003,New Product Launch,01-04-2026,Instagram,CUST02028,35-44,Male,5723,137,20,3,1033.54,5840.92,,,,,
C007,Diwali Mega Sale,06-04-2026,YouTube,CUST01079,35-44,Female,3683,62,2,0,800,0,,,,,
C007,Diwali Mega Sale,15-02-2026,Instagram,CUST00399,25-34,Male,12716,356,61,8,1677.95,25826.6,,,,,
C005,Back to College,25-07-2026,Google Ads,CUST01963,35-44,Female,21144,820,183,38,5664.43,96616.6,,,,,
C002,Festive Bonanza,14-02-2026,Google Ads,CUST01443,25-34,Male,3564,167,39,8,893.03,19595.66,,,,,
C001,Summer Sale,19-03-2026,Google Ads,CUST00769,25-34,Male,6868,253,61,6,1567.39,14981.77,,,,,
C005,Back to College,20-02-2026,Google Ads,CUST00572,35-44,Male,13175,555,107,26,3144.14,38604.23,,,,,
C003,New Product Launch,05-01-2026,Instagram,CUST00747,35-44,Male,14775,475,75,10,2701.88,20279.02,,,,,
C007,Diwali Mega Sale,02-05-2026,Instagram,CUST01350,55+,Male,15830,557,84,12,2745.5,33507.03,,,,,
C007,Diwali Mega Sale,07-08-2026,Google Ads,CUST00111,18-24,Male,11754,366,81,20,2992.27,49481.09,,,,,
C002,Festive Bonanza,23-03-2026,Email,CUST00595,18-24,Female,14548,914,269,73,800,227046.77,,,,,
C006,Weekend Flash Sale,29-01-2026,YouTube,CUST00018,18-24,Male,4980,83,6,1,825.39,1393.87,,,,,
C002,Festive Bonanza,12-08-2026,YouTube,CUST00826,25-34,Male,7361,151,22,2,1608.06,5298.59,,,,,
C001,Summer Sale,10-08-2026,Facebook,CUST01764,25-34,Female,10917,213,29,5,1159.24,11301.91,,,,,
C005,Back to College,12-05-2026,Email,CUST02390,45-54,Male,23162,1857,554,109,1534.31,314213.25,,,,,
C003,New Product Launch,30-06-2026,Instagram,CUST01680,18-24,Female,12976,411,75,9,1523.95,17729.35,,,,,
C007,Diwali Mega Sale,22-04-2026,Facebook,CUST01228,18-24,Male,11689,336,60,5,1502.02,14111.02,,,,,
C003,New Product Launch,06-07-2026,Instagram,CUST01177,25-34,Male,5007,158,26,3,800,6213.31,,,,,
C002,Festive Bonanza,22-03-2026,Facebook,CUST00826,35-44,Male,10016,318,35,4,1580.7,5910.45,,,,,
C007,Diwali Mega Sale,28-06-2026,YouTube,CUST01807,45-54,Female,8739,108,14,3,1698.58,5157.12,,,,,
C001,Summer Sale,12-06-2026,Google Ads,CUST02217,35-44,Female,12469,569,116,29,2641.76,61339.43,,,,,
C002,Festive Bonanza,21-03-2026,Facebook,CUST01044,25-34,Female,12244,461,59,12,1605.22,22566.16,,,,,
C008,Year End Clearance,20-02-2026,Email,CUST01948,55+,Male,7868,478,147,37,800,102521.37,,,,,
C008,Year End Clearance,10-05-2026,Google Ads,CUST00644,55+,Female,9949,562,138,22,2426.26,54533.52,,,,,
C008,Year End Clearance,09-02-2026,Facebook,CUST01966,55+,Female,13389,458,67,11,2172.18,25369.16,,,,,
C007,Diwali Mega Sale,01-08-2026,Google Ads,CUST00278,18-24,Female,11514,461,98,20,2485.5,66724.14,,,,,
C001,Summer Sale,03-08-2026,Instagram,CUST02397,18-24,Male,7443,271,48,7,1355.4,13052.22,,,,,
C007,Diwali Mega Sale,21-08-2026,Google Ads,CUST01077,45-54,Male,6958,441,94,20,1246.12,52360.17,,,,,
C008,Year End Clearance,12-08-2026,Facebook,CUST00978,25-34,Female,7218,173,22,1,841.18,1646.52,,,,,
C006,Weekend Flash Sale,16-08-2026,Instagram,CUST00166,35-44,Male,7853,256,41,5,1075.52,11785.84,,,,,
C001,Summer Sale,08-06-2026,Email,CUST01818,18-24,Female,15348,883,249,53,886.12,176462.7,,,,,
C002,Festive Bonanza,26-07-2026,Facebook,CUST01832,25-34,Male,9977,239,25,4,1339.92,11192.22,,,,,
C008,Year End Clearance,22-07-2026,YouTube,CUST01710,45-54,Male,7657,136,16,4,1304.15,9232.05,,,,,
C005,Back to College,10-08-2026,Facebook,CUST01384,25-34,Male,4698,167,22,1,800,2789.45,,,,,
C008,Year End Clearance,27-05-2026,Google Ads,CUST00030,18-24,Female,5626,142,23,5,1168.06,12447.27,,,,,
C005,Back to College,19-03-2026,Email,CUST00742,18-24,Female,6866,519,146,33,800,82731.45,,,,,
C005,Back to College,07-08-2026,YouTube,CUST00004,25-34,Female,12795,362,40,6,1749.73,10236.58,,,,,
C007,Diwali Mega Sale,01-04-2026,Email,CUST00166,35-44,Male,9870,512,140,41,800,136737.33,,,,,
C006,Weekend Flash Sale,14-03-2026,Facebook,CUST02393,55+,Female,3999,139,17,1,800,1487.68,,,,,
C006,Weekend Flash Sale,09-07-2026,Google Ads,CUST01566,45-54,Female,7519,283,68,15,1653.84,42970.8,,,,,
C003,New Product Launch,10-07-2026,Instagram,CUST01401,35-44,Other,12959,546,86,14,1499.71,25199.15,,,,,
C006,Weekend Flash Sale,22-04-2026,Facebook,CUST01911,18-24,Female,16077,430,54,6,1988.74,11313.09,,,,,
C004,Monsoon Offers,12-07-2026,Google Ads,CUST00328,25-34,Male,20934,968,215,41,3994.26,83249.62,,,,,
C002,Festive Bonanza,10-03-2026,Google Ads,CUST02312,35-44,Male,22391,1208,265,45,6038.61,96389.5,,,,,
C006,Weekend Flash Sale,17-02-2026,Facebook,CUST01772,35-44,Male,14513,367,57,3,2283.02,7515.26,,,,,
C004,Monsoon Offers,01-05-2026,Google Ads,CUST00340,25-34,Male,11987,479,108,15,2079.9,28105.02,,,,,
C008,Year End Clearance,26-01-2026,Facebook,CUST00099,45-54,Male,9169,249,39,4,1059.83,7424.39,,,,,
C001,Summer Sale,13-02-2026,Email,CUST00708,18-24,Female,5041,287,90,21,800,50723.89,,,,,
C006,Weekend Flash Sale,08-07-2026,Email,CUST00078,25-34,Male,15723,857,247,65,826.69,227474.66,,,,,
C001,Summer Sale,25-01-2026,Google Ads,CUST00824,25-34,Female,11628,645,152,29,2952.3,73076.95,,,,,
C007,Diwali Mega Sale,13-04-2026,Instagram,CUST00149,25-34,Female,23594,591,100,23,4393.25,92700.13,,,,,
C005,Back to College,27-01-2026,Instagram,CUST01563,35-44,Male,21320,570,87,7,3990.31,17413.83,,,,,
C007,Diwali Mega Sale,16-01-2026,YouTube,CUST02010,25-34,Female,5681,117,14,1,935.54,2295.62,,,,,
C002,Festive Bonanza,03-08-2026,Instagram,CUST01535,45-54,Female,14294,414,71,7,2590.44,18536.24,,,,,
C001,Summer Sale,17-07-2026,Instagram,CUST02232,18-24,Female,7294,208,36,2,1202.03,3142.62,,,,,
C006,Weekend Flash Sale,21-08-2026,Instagram,CUST01206,55+,Male,9912,337,57,7,1302.43,19190.37,,,,,
C008,Year End Clearance,08-04-2026,YouTube,CUST00278,25-34,Female,5757,105,11,1,1047.73,2148.24,,,,,
C002,Festive Bonanza,04-08-2026,Facebook,CUST01345,35-44,Male,10295,303,51,8,1166.74,12649.15,,,,,
C001,Summer Sale,22-06-2026,Facebook,CUST02196,25-34,Male,7751,128,18,1,878.83,2040.45,,,,,
C008,Year End Clearance,28-01-2026,Google Ads,CUST00126,45-54,Other,4232,148,29,6,1166.63,19414.89,,,,,
C003,New Product Launch,01-04-2026,Facebook,CUST01099,35-44,Male,11948,343,51,6,1674.78,11274.85,,,,,
C005,Back to College,01-06-2026,Facebook,CUST02039,45-54,Male,12400,376,60,4,1345.68,5658.45,,,,,
C001,Summer Sale,12-08-2026,Email,CUST02428,45-54,Female,12406,889,274,64,800,117341.83,,,,,
C003,New Product Launch,26-01-2026,Facebook,CUST02021,25-34,Female,10441,151,22,1,1162.41,2685.41,,,,,
C006,Weekend Flash Sale,20-01-2026,Instagram,CUST02305,25-34,Male,9039,227,34,2,1693.61,6049.29,,,,,
C006,Weekend Flash Sale,03-08-2026,Email,CUST00855,35-44,Female,20443,1279,417,96,1311.08,345087.22,,,,,
C006,Weekend Flash Sale,05-07-2026,Facebook,CUST02001,Unknown,Male,11538,403,65,4,1570.85,5492.04,,,,,
C003,New Product Launch,09-01-2026,Facebook,CUST00060,18-24,Female,24527,661,97,10,3495.96,20729.32,,,,,
C003,New Product Launch,09-08-2026,YouTube,CUST00376,18-24,Female,6415,178,23,4,1056.16,6679.57,,,,,
C006,Weekend Flash Sale,29-06-2026,Email,CUST00322,25-34,Male,11799,706,207,39,800,92695.87,,,,,
C002,Festive Bonanza,07-05-2026,Instagram,CUST02500,18-24,Male,17143,610,103,7,2975.89,19235.81,,,,,
C002,Festive Bonanza,02-05-2026,Facebook,CUST01489,25-34,Male,11924,345,46,9,1554.63,13318.47,,,,,
C006,Weekend Flash Sale,06-01-2026,Google Ads,CUST01121,45-54,Male,8824,354,73,21,2192.04,51651.64,,,,,
C007,Diwali Mega Sale,03-05-2026,YouTube,CUST01502,35-44,Female,8328,196,25,3,1779.01,9489.47,,,,,
C004,Monsoon Offers,19-07-2026,Instagram,CUST01805,45-54,Male,6792,283,36,1,809.11,2095.09,,,,,
C002,Festive Bonanza,11-02-2026,Instagram,CUST02187,18-24,Female,12763,310,41,8,2087.43,14452.16,,,,,
C004,Monsoon Offers,21-06-2026,Facebook,CUST00499,45-54,Female,6035,179,30,1,893.02,1528.68,,,,,
C002,Festive Bonanza,12-02-2026,Facebook,CUST00201,35-44,Female,4907,131,16,4,800,9836.62,,,,,
C008,Year End Clearance,18-05-2026,Email,CUST00860,55+,Other,6551,484,144,30,800,59845.41,,,,,
C002,Festive Bonanza,01-02-2026,Instagram,CUST00945,55+,Male,4056,137,26,2,800,2697.77,,,,,
C008,Year End Clearance,26-07-2026,Email,CUST01319,35-44,Male,10360,571,178,37,800,67945.45,,,,,
C006,Weekend Flash Sale,21-05-2026,Instagram,CUST01661,25-34,Male,9153,251,45,5,1303.33,10601.76,,,,,
C001,Summer Sale,01-04-2026,Google Ads,CUST01069,25-34,Male,9958,454,109,19,2511.91,42041.66,,,,,
C001,Summer Sale,12-02-2026,Facebook,CUST00685,45-54,Female,19710,430,60,4,2086.41,5418.73,,,,,
C006,Weekend Flash Sale,12-01-2026,YouTube,CUST02028,25-34,Male,8000,250,27,8,1192.52,18856.18,,,,,
C005,Back to College,12-08-2026,Instagram,CUST01317,18-24,Male,12055,324,49,6,1863.63,14618.46,,,,,
C004,Monsoon Offers,04-01-2026,Instagram,CUST01787,45-54,Male,11342,302,54,9,1511.04,10837.25,,,,,
C001,Summer Sale,01-04-2026,YouTube,CUST02312,18-24,Male,4183,53,6,1,800,1063.32,,,,,
C008,Year End Clearance,07-04-2026,Google Ads,CUST01264,35-44,Female,4285,176,34,9,1116.82,19181,,,,,
C001,Summer Sale,28-06-2026,Google Ads,CUST00479,45-54,Male,3777,222,57,6,1021.94,12220.03,,,,,
C003,New Product Launch,23-02-2026,Instagram,CUST01502,35-44,Female,16624,551,87,10,2537.38,18016.02,,,,,
C002,Festive Bonanza,21-04-2026,Email,CUST02309,35-44,Male,13536,1001,300,80,800,183152.33,,,,,
C005,Back to College,06-07-2026,Facebook,CUST00420,18-24,Female,2826,74,11,0,800,0,,,,,
C004,Monsoon Offers,31-07-2026,YouTube,CUST00164,25-34,Female,12103,194,18,3,1887.65,3277.95,,,,,
C004,Monsoon Offers,16-01-2026,YouTube,CUST01182,55+,Female,7228,138,19,1,1391.28,1510.94,,,,,
C001,Summer Sale,12-01-2026,Google Ads,CUST01416,45-54,Male,6181,374,80,9,1700.17,19440.28,,,,,
C008,Year End Clearance,30-01-2026,YouTube,CUST02155,18-24,Male,8277,177,16,0,1292.5,0,,,,,
C003,New Product Launch,22-04-2026,Instagram,CUST01213,18-24,Male,8336,249,31,1,1463.55,1889.84,,,,,
C002,Festive Bonanza,28-03-2026,Google Ads,CUST01756,25-34,Female,9782,251,67,10,2531.64,25400.66,,,,,
C001,Summer Sale,12-06-2026,Facebook,CUST01876,18-24,Female,8532,224,32,2,1180.69,3713.13,,,,,
C008,Year End Clearance,26-08-2026,Facebook,CUST01422,18-24,Male,8441,327,53,8,926.48,13469.85,,,,,
C006,Weekend Flash Sale,08-03-2026,Email,CUST01104,35-44,Female,4357,297,96,25,800,74471.2,,,,,
C003,New Product Launch,27-02-2026,Facebook,CUST01534,35-44,Female,3898,98,10,2,800,4804.61,,,,,
C007,Diwali Mega Sale,03-02-2026,Facebook,CUST00071,18-24,Female,12309,337,55,9,1401.62,22995.07,,,,,
C003,New Product Launch,09-06-2026,Email,CUST02084,55+,Female,16083,1001,302,59,800,216100.17,,,,,
C004,Monsoon Offers,03-08-2026,Google Ads,CUST00284,45-54,Male,7595,463,89,12,2122.52,,,,,,
C001,Summer Sale,23-01-2026,Facebook,CUST00709,35-44,Male,9969,251,29,4,1568.88,6603.97,,,,,
C007,Diwali Mega Sale,26-05-2026,Google Ads,CUST00829,18-24,Male,11490,632,129,36,2741.06,91104.18,,,,,
C004,Monsoon Offers,01-08-2026,Facebook,CUST00801,18-24,Male,13127,424,59,6,1415.92,9055.93,,,,,
C001,Summer Sale,02-07-2026,Instagram,CUST00158,55+,Female,14430,559,98,10,1986.61,18235.32,,,,,
C005,Back to College,11-02-2026,Instagram,CUST01554,45-54,Female,5844,194,35,4,947.52,10427.66,,,,,
C002,Festive Bonanza,19-06-2026,Facebook,CUST02298,35-44,Male,9004,294,38,4,1230.14,10895.36,,,,,
C002,Festive Bonanza,09-04-2026,YouTube,CUST01272,45-54,Male,7051,150,21,4,1366.79,6651.96,,,,,
C002,Festive Bonanza,05-08-2026,Email,CUST00219,18-24,Female,3811,179,57,12,800,37699.75,,,,,
C004,Monsoon Offers,15-04-2026,Google Ads,CUST01899,55+,Male,34488,1921,425,69,9338.33,155082.28,,,,,
C006,Weekend Flash Sale,05-07-2026,Google Ads,CUST02301,55+,Female,15342,649,134,32,3092.53,103439.86,,,,,
C001,Summer Sale,25-02-2026,Google Ads,CUST02394,25-34,Female,4188,170,37,4,1161.68,7092.03,,,,,
C006,Weekend Flash Sale,16-06-2026,Email,CUST00816,55+,Other,5888,400,132,32,800,111518.52,,,,,
C003,New Product Launch,11-01-2026,Instagram,CUST01400,25-34,Other,5152,179,31,7,849,15258.58,,,,,
C008,Year End Clearance,11-01-2026,Email,CUST00280,55+,Male,17904,1207,359,67,854.48,138235.8,,,,,
C001,Summer Sale,22-06-2026,Google Ads,CUST02031,25-34,Female,4271,227,51,3,1067.44,4759.53,,,,,
C004,Monsoon Offers,03-01-2026,YouTube,CUST00610,18-24,Male,7986,126,16,2,1563.65,2420.08,,,,,
C006,Weekend Flash Sale,04-08-2026,Google Ads,CUST01851,45-54,Male,7601,356,87,15,1951.77,41717.44,,,,,
C008,Year End Clearance,21-08-2026,Google Ads,CUST00057,45-54,Male,2982,130,24,3,800,7475.8,,,,,
C001,Summer Sale,06-07-2026,Google Ads,CUST01125,35-44,Male,3772,157,38,7,872.31,9638.41,,,,,
C005,Back to College,22-03-2026,Email,CUST00218,25-34,Male,9798,671,205,35,800,99349.84,,,,,
C001,Summer Sale,31-05-2026,Instagram,CUST01280,25-34,Female,37476,1008,175,18,5092.57,33567.29,,,,,
C004,Monsoon Offers,27-06-2026,Instagram,CUST02100,18-24,Male,19518,649,113,13,3650.39,23405.13,,,,,
C007,Diwali Mega Sale,13-05-2026,Email,CUST01978,55+,Female,2857,168,50,21,800,86020.85,,,,,
C004,Monsoon Offers,26-05-2026,Facebook,CUST01262,18-24,Female,11108,304,36,3,1839.19,7037.26,,,,,
C006,Weekend Flash Sale,22-05-2026,YouTube,CUST00993,25-34,Female,2338,32,6,1,800,1756.89,,,,,
C001,Summer Sale,11-01-2026,Email,CUST01988,35-44,Male,4964,341,90,20,800,34782.51,,,,,
C006,Weekend Flash Sale,25-05-2026,Google Ads,CUST01983,18-24,Male,11486,412,89,17,2427.94,45746.5,,,,,
C001,Summer Sale,16-08-2026,Instagram,CUST00874,18-24,Male,7370,231,36,1,936.34,2578.82,,,,,
C002,Festive Bonanza,09-07-2026,Email,CUST02384,55+,Male,6210,401,123,14,800,43766.93,,,,,
C004,Monsoon Offers,28-04-2026,Instagram,CUST00093,55+,Male,8912,310,51,4,1523.51,5179.56,,,,,
C004,Monsoon Offers,18-02-2026,Instagram,CUST01032,25-34,Female,6988,203,32,1,1059.2,2059.72,,,,,
C006,Weekend Flash Sale,23-01-2026,Google Ads,CUST00326,25-34,Female,12805,676,133,27,2396.09,64375.27,,,,,
C007,Diwali Mega Sale,19-04-2026,Email,CUST02141,35-44,Male,17717,1006,300,75,959.36,266341.29,,,,,
C008,Year End Clearance,26-06-2026,Email,CUST00867,18-24,Male,5549,264,75,15,800,35545.11,,,,,
C004,Monsoon Offers,14-05-2026,Facebook,CUST01371,35-44,Female,11078,355,42,3,1164.4,4426.01,,,,,
C003,New Product Launch,09-03-2026,Email,CUST01101,35-44,Male,5542,304,104,17,800,19355.93,,,,,
C006,Weekend Flash Sale,27-01-2026,Google Ads,CUST01707,45-54,Male,6445,239,43,9,1239.39,14659.01,,,,,
C008,Year End Clearance,08-01-2026,Email,CUST01303,35-44,Male,20523,1329,366,77,1216.45,253192.15,,,,,
C005,Back to College,17-05-2026,Google Ads,CUST01982,35-44,Female,8795,292,59,9,1587.72,17299.71,,,,,
C006,Weekend Flash Sale,07-03-2026,Email,CUST01951,18-24,Female,4639,259,89,24,800,67045.36,,,,,
C006,Weekend Flash Sale,21-08-2026,Google Ads,CUST00829,25-34,Male,11310,538,134,24,2550.78,43125.17,,,,,
C001,Summer Sale,12-06-2026,Instagram,CUST02054,18-24,Male,5657,138,25,1,919.02,2028.19,,,,,
C007,Diwali Mega Sale,22-05-2026,Google Ads,CUST02040,25-34,Female,13698,592,127,22,3871.17,52061.72,,,,,
C005,Back to College,14-01-2026,YouTube,CUST00081,35-44,Male,6947,176,23,0,1490.56,0,,,,,
C006,Weekend Flash Sale,01-06-2026,Email,CUST01532,55+,Female,9111,536,162,30,800,79634.7,,,,,
C005,Back to College,03-05-2026,Facebook,CUST02263,25-34,Male,11057,333,35,4,1684.91,11649.09,,,,,
C004,Monsoon Offers,05-03-2026,Instagram,CUST00421,55+,Female,8226,298,39,5,1400.37,8825.28,,,,,
C007,Diwali Mega Sale,18-06-2026,YouTube,CUST00554,35-44,Male,4003,111,17,3,800,8869.11,,,,,
C001,Summer Sale,14-03-2026,Facebook,CUST01976,18-24,Male,2929,65,10,2,800,3751.63,,,,,
C003,New Product Launch,13-06-2026,Facebook,CUST00572,35-44,Female,12942,288,44,6,1651.5,12047.63,,,,,
C003,New Product Launch,15-05-2026,Email,CUST01873,35-44,Male,16135,1044,295,55,817.16,129222.49,,,,,
C007,Diwali Mega Sale,21-06-2026,Facebook,CUST00787,25-34,Male,7340,184,23,3,941.32,10208.38,,,,,
C006,Weekend Flash Sale,29-01-2026,Facebook,CUST00538,55+,Male,10118,306,50,5,1181.34,13434.61,,,,,
C002,Festive Bonanza,03-01-2026,YouTube,CUST01700,35-44,Male,6640,146,14,5,1102.27,10071.86,,,,,
C002,Festive Bonanza,28-01-2026,Instagram,CUST02054,45-54,Female,8499,123,15,2,1228.98,3556.05,,,,,
C006,Weekend Flash Sale,16-03-2026,Facebook,CUST00514,18-24,Female,8234,217,31,5,1172.1,6424.59,,,,,
C001,Summer Sale,31-05-2026,Email,CUST02020,25-34,Male,13656,846,252,42,859.07,75954.51,,,,,
C003,New Product Launch,31-03-2026,YouTube,CUST00262,25-34,Female,5940,167,18,0,847.51,0,,,,,
C007,Diwali Mega Sale,10-04-2026,Instagram,CUST00142,18-24,Female,21233,602,95,15,3664.38,27410.48,,,,,
C006,Weekend Flash Sale,01-08-2026,Instagram,CUST00727,18-24,Male,6413,150,18,3,1193.42,6656.67,,,,,
C003,New Product Launch,09-08-2026,Instagram,CUST00685,45-54,Female,8374,273,46,4,1322.58,8085.14,,,,,
C003,New Product Launch,08-08-2026,Instagram,CUST01809,25-34,Female,6501,213,28,6,930.61,6662.48,,,,,
C006,Weekend Flash Sale,07-07-2026,Google Ads,CUST02040,45-54,Male,7304,270,50,11,1378.28,20371.57,,,,,
C007,Diwali Mega Sale,06-07-2026,Instagram,CUST00348,35-44,Male,6304,211,39,6,873.98,12539.27,,,,,
C007,Diwali Mega Sale,06-05-2026,Facebook,CUST02462,25-34,Female,31062,891,126,21,3656.15,67604.56,,,,,
C002,Festive Bonanza,02-08-2026,YouTube,CUST00350,35-44,Male,15927,403,49,6,3085.21,6517.83,,,,,
C004,Monsoon Offers,05-07-2026,Email,CUST00592,18-24,Female,3937,264,80,18,800,29420.46,,,,,
C008,Year End Clearance,26-04-2026,Google Ads,CUST01862,18-24,Female,3309,159,49,10,845.66,19207.54,,,,,
C002,Festive Bonanza,14-07-2026,Facebook,CUST01899,18-24,Male,6035,180,31,1,821.36,1965.04,,,,,
C002,Festive Bonanza,19-08-2026,YouTube,CUST01125,18-24,Female,5726,127,13,1,1073.57,2955,,,,,
C007,Diwali Mega Sale,13-07-2026,YouTube,CUST00793,25-34,Male,22611,382,42,5,4754.61,15796.06,,,,,
C002,Festive Bonanza,06-02-2026,Google Ads,CUST01469,55+,Female,11021,568,118,24,2971.31,37877.02,,,,,
C005,Back to College,07-04-2026,Facebook,CUST00211,55+,Male,4668,192,28,5,800,8913.12,,,,,
C006,Weekend Flash Sale,30-08-2026,Email,CUST01075,35-44,Male,11115,647,186,43,800,105482.06,,,,,
C002,Festive Bonanza,21-04-2026,Google Ads,CUST00142,18-24,Female,4786,184,48,11,1146.48,21348.26,,,,,
C002,Festive Bonanza,28-06-2026,Email,CUST00543,18-24,Female,9327,545,159,36,800,78585.28,,,,,
C008,Year End Clearance,21-02-2026,Instagram,CUST00234,25-34,Female,22026,955,168,19,3762.39,37693.39,,,,,
C004,Monsoon Offers,14-01-2026,Google Ads,CUST00051,18-24,Male,17717,786,181,24,4406.65,43026.28,,,,,
C004,Monsoon Offers,27-01-2026,YouTube,CUST02147,18-24,Female,5818,79,7,0,1244.93,0,,,,,
C004,Monsoon Offers,19-06-2026,Facebook,CUST02297,25-34,Female,8443,227,39,1,1028.83,1829.64,,,,,
C003,New Product Launch,30-07-2026,Facebook,CUST02095,18-24,Male,9924,337,52,8,1242.64,11313.07,,,,,
C004,Monsoon Offers,28-05-2026,Email,CUST00236,55+,Female,20468,1150,354,72,1209.39,133508.18,,,,,
C007,Diwali Mega Sale,11-07-2026,Google Ads,CUST00522,25-34,Male,7023,312,58,6,1598.69,17721.6,,,,,
C004,Monsoon Offers,22-02-2026,Google Ads,CUST02451,18-24,Female,6086,288,57,6,1654.64,14819.64,,,,,
C003,New Product Launch,09-02-2026,Google Ads,CUST00232,18-24,Male,10242,404,65,10,2348.95,21906.76,,,,,
C001,Summer Sale,28-01-2026,Email,CUST01989,18-24,Male,6869,405,121,20,800,57782.4,,,,,
C002,Festive Bonanza,12-06-2026,Facebook,CUST00783,18-24,Male,39359,1194,158,18,5197.41,52354.1,,,,,
C008,Year End Clearance,17-08-2026,Instagram,CUST01842,45-54,Male,16442,343,56,9,1934.9,16068.68,,,,,
C008,Year End Clearance,03-07-2026,Google Ads,CUST00198,18-24,Female,12474,517,116,24,2444.08,52112.8,,,,,
C002,Festive Bonanza,25-06-2026,Facebook,CUST01527,25-34,Female,7639,276,40,5,1161.25,8267.2,,,,,
C006,Weekend Flash Sale,19-06-2026,Email,CUST01501,25-34,Male,7526,449,146,34,800,84541.5,,,,,
C007,Diwali Mega Sale,28-05-2026,Google Ads,CUST00898,18-24,Female,4975,249,72,14,1266.73,37705.14,,,,,
C005,Back to College,26-05-2026,Google Ads,CUST00991,18-24,Male,3529,115,32,5,878.49,10142.67,,,,,
C002,Festive Bonanza,20-06-2026,Google Ads,CUST01169,18-24,Male,8207,268,64,15,2044.08,48745.26,,,,,
C001,Summer Sale,24-08-2026,Email,CUST00185,25-34,Female,8271,632,182,40,800,97160.6,,,,,
C006,Weekend Flash Sale,31-05-2026,Instagram,CUST01141,35-44,Male,3137,100,12,3,800,6419.68,,,,,
C007,Diwali Mega Sale,05-02-2026,Instagram,CUST01249,35-44,Female,12273,426,71,12,1768.74,38592.88,,,,,
C005,Back to College,24-05-2026,Facebook,CUST01469,18-24,Female,16582,404,55,2,2260.42,3455.17,,,,,
C008,Year End Clearance,10-08-2026,Google Ads,CUST00706,25-34,Male,11766,612,144,21,2351.69,57009.17,,,,,
C008,Year End Clearance,28-02-2026,YouTube,CUST01033,35-44,Female,21000,370,48,4,4607,7451.2,,,,,
C003,New Product Launch,20-07-2026,Email,CUST01704,55+,Male,8264,452,137,26,800,62745.27,,,,,
C001,Summer Sale,31-03-2026,Email,CUST01323,45-54,Male,9949,541,154,36,800,104360.97,,,,,
C008,Year End Clearance,13-02-2026,Email,CUST01143,25-34,Female,3542,214,58,10,800,25291.04,,,,,
C007,Diwali Mega Sale,22-06-2026,Facebook,CUST01117,25-34,Female,3426,109,14,1,800,2820.83,,,,,
C006,Weekend Flash Sale,11-08-2026,YouTube,CUST02362,55+,Male,10437,272,23,3,1447.89,7233.32,,,,,
C002,Festive Bonanza,14-06-2026,Facebook,CUST02244,55+,Male,4975,103,17,6,800,12797.7,,,,,
C005,Back to College,28-06-2026,YouTube,CUST02332,45-54,Male,11379,307,33,4,2075.36,10659.88,,,,,
C003,New Product Launch,13-07-2026,Instagram,CUST02206,45-54,Female,12605,358,47,6,1570.98,12763.3,,,,,
C005,Back to College,05-06-2026,Google Ads,CUST02221,18-24,Male,10538,506,134,25,2201.64,48476.37,,,,,
C002,Festive Bonanza,14-03-2026,Facebook,CUST01856,25-34,Male,17766,534,77,11,2044.46,21785.57,,,,,
C002,Festive Bonanza,30-05-2026,Instagram,CUST02087,18-24,Male,4279,138,20,2,800,4467.23,,,,,
C003,New Product Launch,04-05-2026,Google Ads,CUST02006,35-44,Female,12108,465,111,23,2901.16,45501.3,,,,,
C002,Festive Bonanza,31-08-2026,Instagram,CUST00526,25-34,Male,6764,233,29,2,1003.08,4176.98,,,,,
C001,Summer Sale,26-04-2026,Email,CUST01864,55+,Male,7100,548,164,37,800,75935.82,,,,,
C008,Year End Clearance,30-06-2026,Email,CUST00038,45-54,Female,8675,501,164,35,800,79354.27,,,,,
C006,Weekend Flash Sale,09-05-2026,Instagram,CUST02303,25-34,Male,7421,179,30,3,988.19,6080.02,,,,,
C005,Back to College,21-04-2026,YouTube,CUST01132,45-54,Female,8388,133,16,2,1132.99,2990.99,,,,,
C002,Festive Bonanza,13-01-2026,Instagram,CUST01270,35-44,Male,18022,780,136,19,3125.95,45918.9,,,,,
C001,Summer Sale,02-02-2026,Google Ads,CUST00097,55+,Male,10396,478,99,8,2745.38,20879.75,,,,,
C001,Summer Sale,10-07-2026,Facebook,CUST00575,25-34,Female,8992,273,30,4,1111.44,7195.28,,,,,
C004,Monsoon Offers,01-06-2026,Instagram,CUST00978,55+,Male,18771,645,95,14,3107.3,23011.37,,,,,
C005,Back to College,08-05-2026,Google Ads,CUST01574,55+,Female,6376,304,65,12,1385.77,36558.95,,,,,
C002,Festive Bonanza,11-03-2026,Facebook,CUST01998,25-34,Female,17372,420,66,7,1872.94,12739.78,,,,,
C005,Back to College,02-05-2026,Instagram,CUST01408,18-24,Female,6702,154,25,3,1035.76,5341.61,,,,,
C005,Back to College,07-05-2026,Google Ads,CUST00028,18-24,Male,8686,296,68,11,1553.86,20025.33,,,,,
C008,Year End Clearance,09-05-2026,Google Ads,CUST00514,18-24,Female,28826,1515,352,51,6276.88,152365.97,,,,,
C007,Diwali Mega Sale,18-01-2026,Email,CUST01315,55+,Female,12654,766,219,69,861.99,176132.98,,,,,
C006,Weekend Flash Sale,13-01-2026,Google Ads,CUST00581,18-24,Female,6381,274,64,8,1510.99,12536.27,,,,,
C002,Festive Bonanza,14-07-2026,Facebook,CUST01855,25-34,Female,14640,449,66,9,1654.92,16708.65,,,,,
C003,New Product Launch,01-05-2026,Instagram,CUST01931,18-24,Male,21563,465,73,12,3818.68,24790.77,,,,,
C008,Year End Clearance,09-02-2026,Facebook,CUST01339,18-24,Other,6291,219,26,2,800,3415.94,,,,,
C002,Festive Bonanza,12-06-2026,Google Ads,CUST01248,18-24,Female,10247,530,123,25,2618.22,66788.1,,,,,
C007,Diwali Mega Sale,10-02-2026,Google Ads,CUST00127,35-44,Female,15183,638,151,23,3020.84,49857.55,,,,,
C002,Festive Bonanza,22-01-2026,Facebook,CUST00809,18-24,Male,13720,378,56,10,2099.23,20896.14,,,,,
C005,Back to College,26-01-2026,Email,CUST00952,18-24,Male,10415,580,209,49,800,82257.84,,,,,
C008,Year End Clearance,31-03-2026,Google Ads,CUST01848,35-44,Female,9156,327,69,16,2168.51,36637.75,,,,,
C005,Back to College,02-04-2026,Instagram,CUST00760,18-24,Female,8039,263,32,2,915.16,3617.05,,,,,
C003,New Product Launch,10-07-2026,Google Ads,CUST01611,25-34,Female,15916,367,76,8,4045.27,19265.23,,,,,
C004,Monsoon Offers,09-04-2026,Google Ads,CUST02436,55+,Female,7531,308,56,7,1379.03,12959.35,,,,,
C008,Year End Clearance,14-08-2026,Google Ads,CUST02143,35-44,Other,11198,490,113,12,2600.86,26367.77,,,,,
C006,Weekend Flash Sale,28-04-2026,Instagram,CUST00136,25-34,Female,7239,227,40,5,1099.07,7777.09,,,,,
C007,Diwali Mega Sale,21-08-2026,Google Ads,CUST01768,35-44,Female,12700,485,107,21,3642.79,85730.19,,,,,
C007,Diwali Mega Sale,22-06-2026,YouTube,CUST01413,18-24,Male,4001,64,5,2,879.97,5770.06,,,,,
C001,Summer Sale,04-06-2026,Instagram,CUST02184,35-44,Female,3342,114,13,1,800,1912.72,,,,,
C006,Weekend Flash Sale,08-07-2026,Google Ads,CUST00841,18-24,Other,8650,449,105,17,1927.07,36496.53,,,,,
C007,Diwali Mega Sale,11-06-2026,Instagram,CUST01095,45-54,Female,29717,909,133,21,4530.52,48515.72,,,,,
C008,Year End Clearance,18-02-2026,Email,CUST01252,25-34,Male,3897,269,82,12,800,30106.91,,,,,
C004,Monsoon Offers,20-08-2026,Google Ads,CUST02496,35-44,Male,12067,368,86,13,3135.88,19559.67,,,,,
C004,Monsoon Offers,02-07-2026,Email,CUST01948,35-44,Male,7711,493,146,33,800,85074.12,,,,,
C003,New Product Launch,07-07-2026,Instagram,CUST02398,18-24,Female,9478,216,26,4,1441.87,8413.07,,,,,
C007,Diwali Mega Sale,02-03-2026,Instagram,CUST00052,35-44,Female,6323,195,29,3,1135.68,8649.5,,,,,
C004,Monsoon Offers,18-07-2026,YouTube,CUST00507,45-54,Male,8785,240,31,2,1665.72,1649.64,,,,,
C003,New Product Launch,22-03-2026,Google Ads,CUST01963,18-24,Female,23359,1000,220,44,4087.49,114348.29,,,,,
C008,Year End Clearance,07-03-2026,Facebook,CUST02475,25-34,Female,23076,559,84,19,2877.56,33421.34,,,,,
C003,New Product Launch,13-06-2026,Instagram,CUST00479,45-54,Female,5787,244,46,1,884.6,2330.07,,,,,
C004,Monsoon Offers,02-03-2026,YouTube,CUST02468,55+,Male,4760,107,26,1,982.35,1051.69,,,,,
C002,Festive Bonanza,04-01-2026,YouTube,CUST02014,35-44,Male,14297,247,33,2,2723.69,3548.56,,,,,
C007,Diwali Mega Sale,05-02-2026,Facebook,CUST02425,18-24,Male,10992,154,18,5,1445.69,13053.36,,,,,
C001,Summer Sale,05-02-2026,Google Ads,CUST00643,35-44,Female,5021,199,38,5,886.32,9434.6,,,,,
C005,Back to College,01-05-2026,Facebook,CUST01238,45-54,Male,11357,375,59,8,1606.11,13907.94,,,,,
C007,Diwali Mega Sale,25-03-2026,Email,CUST02156,18-24,Male,35975,1769,550,152,2013.25,328702.89,,,,,
C004,Monsoon Offers,21-01-2026,Email,CUST00722,25-34,Female,11108,672,173,22,800,33944.38,,,,,
C007,Diwali Mega Sale,20-07-2026,Instagram,CUST00743,18-24,Male,3596,83,14,1,800,2745.83,,,,,
C002,Festive Bonanza,12-02-2026,Facebook,CUST01076,25-34,Female,17128,565,89,16,1919.77,35763.67,,,,,
C001,Summer Sale,28-05-2026,Email,CUST00633,18-24,Male,11064,708,216,40,800,126434.96,,,,,
C008,Year End Clearance,27-04-2026,Google Ads,CUST00469,25-34,Male,16457,730,167,26,3386.99,55979.56,,,,,
C001,Summer Sale,27-05-2026,Google Ads,CUST01046,25-34,Female,5048,203,44,9,1232.83,17556.14,,,,,
C006,Weekend Flash Sale,18-08-2026,Google Ads,CUST00653,25-34,Male,18632,909,183,32,3276.14,71284.65,,,,,
C008,Year End Clearance,11-08-2026,Facebook,CUST01773,35-44,Female,10231,320,44,6,1113.32,4917.97,,,,,
C006,Weekend Flash Sale,08-04-2026,Facebook,CUST00028,18-24,Female,10953,267,33,3,1354.84,3313.37,,,,,
C004,Monsoon Offers,02-08-2026,Facebook,CUST02318,18-24,Male,14568,450,70,5,1848.27,7231.39,,,,,
C001,Summer Sale,23-07-2026,Email,CUST02391,35-44,Male,5028,280,90,20,800,44309.28,,,,,
C004,Monsoon Offers,02-01-2026,Email,CUST00557,55+,Male,7071,495,143,33,800,71927.23,,,,,
C002,Festive Bonanza,21-03-2026,Facebook,CUST01715,25-34,Female,12919,372,50,7,2131.42,21565.14,,,,,
C002,Festive Bonanza,19-01-2026,Email,CUST01753,25-34,Female,3058,108,29,9,800,25157.6,,,,,
C006,Weekend Flash Sale,07-08-2026,Email,CUST00747,55+,Female,10306,526,151,36,800,97305.56,,,,,
C005,Back to College,25-02-2026,Email,CUST01927,35-44,Female,5615,479,141,25,800,78156.67,,,,,
C002,Festive Bonanza,02-01-2026,Google Ads,CUST00154,25-34,Male,7771,361,79,16,1908.23,38850.33,,,,,
C004,Monsoon Offers,12-05-2026,Google Ads,CUST01743,18-24,Female,6219,437,94,17,1495.3,31826.59,,,,,
C002,Festive Bonanza,26-01-2026,Instagram,CUST00161,25-34,Male,4993,169,30,2,800,3024.47,,,,,
C008,Year End Clearance,22-03-2026,Email,CUST00361,45-54,Male,13436,777,208,41,800,93994.88,,,,,
C003,New Product Launch,05-04-2026,Instagram,CUST02170,25-34,Female,13671,322,68,10,2292.33,20376.94,,,,,
C004,Monsoon Offers,19-03-2026,Instagram,CUST00083,18-24,Male,8335,274,42,1,1113.88,1659.18,,,,,
C002,Festive Bonanza,22-03-2026,YouTube,CUST01584,25-34,Female,3979,77,7,0,800,0,,,,,
C005,Back to College,31-08-2026,Instagram,CUST00735,35-44,Male,6376,239,29,3,800,6038.33,,,,,
C001,Summer Sale,22-01-2026,YouTube,CUST02251,18-24,Female,3734,98,6,0,835.5,0,,,,,
C005,Back to College,03-05-2026,Facebook,CUST01575,35-44,Female,18314,443,49,2,2025.95,4164.61,,,,,
C003,New Product Launch,08-05-2026,Email,CUST00341,45-54,Male,14280,874,270,67,800,161689.63,,,,,
C002,Festive Bonanza,27-08-2026,YouTube,CUST00265,25-34,Male,9074,186,23,1,1286.66,1334.38,,,,,
C001,Summer Sale,13-06-2026,Facebook,CUST02153,35-44,Male,3015,78,10,1,800,2071.69,,,,,
C007,Diwali Mega Sale,23-03-2026,Instagram,CUST01648,18-24,Male,16275,823,144,17,2174.85,50589.19,,,,,
C008,Year End Clearance,03-06-2026,Facebook,CUST01871,25-34,Female,17808,494,58,6,2519.01,9881.17,,,,,
C008,Year End Clearance,01-01-2026,Google Ads,CUST01923,18-24,Female,4132,169,42,6,800,14239.02,,,,,
C005,Back to College,23-06-2026,Instagram,CUST00941,35-44,Male,8698,301,54,3,1282.64,4457.69,,,,,
C007,Diwali Mega Sale,27-07-2026,Facebook,CUST00091,18-24,Male,14579,337,51,6,2024.71,14283.6,,,,,
C008,Year End Clearance,24-02-2026,YouTube,CUST00762,35-44,Male,12465,271,38,1,1889.9,1675.99,,,,,
C008,Year End Clearance,01-03-2026,YouTube,CUST01885,18-24,Male,7616,224,22,3,1627.06,4741.67,,,,,
C008,Year End Clearance,15-04-2026,Google Ads,CUST01438,35-44,Female,6942,324,72,17,1697.48,55741.66,,,,,
C005,Back to College,09-06-2026,Instagram,CUST02293,55+,Male,7426,261,35,5,1005.81,9274.96,,,,,
C006,Weekend Flash Sale,23-06-2026,Email,CUST00757,35-44,Male,25065,1200,392,81,1459.58,209222.79,,,,,
C002,Festive Bonanza,22-04-2026,Instagram,CUST00584,35-44,Male,4766,172,28,5,800,13354.5,,,,,
C004,Monsoon Offers,25-07-2026,Facebook,CUST01964,18-24,Male,4349,106,19,3,800,5952.63,,,,,
C003,New Product Launch,26-04-2026,Google Ads,CUST00924,18-24,Male,10675,487,94,24,1922.74,46555.85,,,,,
C001,Summer Sale,05-06-2026,YouTube,CUST01776,18-24,Female,5889,123,17,3,1190.79,6693.65,,,,,
C007,Diwali Mega Sale,02-08-2026,Email,CUST00313,25-34,Female,13028,797,249,67,800,158430.14,,,,,
C004,Monsoon Offers,23-04-2026,Facebook,CUST00754,25-34,Female,6566,156,24,3,900.75,5272.78,,,,,
C008,Year End Clearance,26-05-2026,Email,CUST00541,55+,Female,11632,764,238,57,800,189205.13,,,,,
C004,Monsoon Offers,09-02-2026,Email,CUST01427,25-34,Male,8879,666,210,41,800,94558.31,,,,,
C007,Diwali Mega Sale,20-02-2026,Email,CUST00389,18-24,Male,11643,877,273,77,800,207275.19,,,,,
C008,Year End Clearance,06-02-2026,YouTube,CUST02039,45-54,Male,6417,136,16,1,1084.64,1300.26,,,,,
C008,Year End Clearance,06-08-2026,Google Ads,CUST02063,25-34,Male,24850,882,185,29,5071.04,41116.23,,,,,
C001,Summer Sale,12-06-2026,Email,CUST00590,55+,Other,18592,1378,409,89,1077.87,89535.18,,,,,
C006,Weekend Flash Sale,16-07-2026,YouTube,CUST01610,35-44,Male,15214,305,30,3,3174.18,5750.98,,,,,
C005,Back to College,01-01-2026,YouTube,CUST00656,25-34,Female,7795,184,18,2,1220.57,3503.6,,,,,
C005,Back to College,13-06-2026,YouTube,CUST02164,55+,Female,8063,263,31,3,1471.98,7227.12,,,,,
C004,Monsoon Offers,08-03-2026,Instagram,CUST00652,35-44,Male,17521,505,83,5,2390.81,7904.57,,,,,
C004,Monsoon Offers,21-07-2026,Facebook,CUST00251,45-54,Male,7526,180,22,2,800,2599.66,,,,,
C004,Monsoon Offers,06-04-2026,Instagram,CUST01626,25-34,Male,7529,222,38,4,848.76,7642.71,,,,,
C005,Back to College,20-08-2026,YouTube,CUST02299,18-24,Male,3441,80,12,2,800,3360.28,,,,,
C007,Diwali Mega Sale,24-08-2026,Email,CUST02151,25-34,Female,10256,484,145,37,800,144259.98,,,,,
C002,Festive Bonanza,07-06-2026,Email,CUST00021,18-24,Male,8526,763,213,53,800,162179.65,,,,,
C007,Diwali Mega Sale,02-06-2026,Instagram,CUST02093,45-54,Female,9160,236,43,8,1370.29,21079.06,,,,,
C005,Back to College,24-08-2026,Google Ads,CUST01728,25-34,Female,8416,421,110,15,1610.35,41646.5,,,,,
C007,Diwali Mega Sale,14-02-2026,Facebook,CUST01944,25-34,Male,3372,87,13,0,800,0,,,,,
C001,Summer Sale,05-02-2026,Facebook,CUST02364,25-34,Female,5201,114,20,2,800,5902.83,,,,,
C008,Year End Clearance,09-05-2026,Google Ads,CUST00708,35-44,Female,7719,326,75,12,1888.01,24732.8,,,,,
C004,Monsoon Offers,07-08-2026,Facebook,CUST00582,18-24,Female,9010,315,44,3,1387.26,4043.85,,,,,
C008,Year End Clearance,11-02-2026,Google Ads,CUST02471,25-34,Female,9640,377,74,19,2381.59,41286.45,,,,,
C005,Back to College,28-06-2026,Email,CUST00914,25-34,Male,5374,334,87,19,800,42557.14,,,,,
C003,New Product Launch,01-04-2026,Facebook,CUST02418,45-54,Male,5951,194,26,1,962.85,2193.83,,,,,
C002,Festive Bonanza,22-03-2026,Email,CUST00165,25-34,Male,12696,618,178,43,800,112254.17,,,,,
C004,Monsoon Offers,24-08-2026,Google Ads,CUST00584,18-24,Male,11659,422,108,14,2206.08,34584.21,,,,,
C005,Back to College,27-08-2026,Email,CUST01870,25-34,Male,17677,1273,393,79,1011.83,188270.18,,,,,
C004,Monsoon Offers,04-06-2026,Google Ads,CUST00915,45-54,Male,12573,419,98,16,3056.23,24787.82,,,,,
C004,Monsoon Offers,09-05-2026,Google Ads,CUST01884,18-24,Other,3386,162,31,3,800,4126.63,,,,,
C007,Diwali Mega Sale,02-06-2026,YouTube,CUST00810,18-24,Female,3790,50,13,2,801.9,3716.89,,,,,
C007,Diwali Mega Sale,19-04-2026,Facebook,CUST00024,18-24,Female,7127,200,25,6,987.83,17812.38,,,,,
C002,Festive Bonanza,01-03-2026,Facebook,CUST02228,35-44,Male,11642,443,70,11,1184.24,15967.46,,,,,
C002,Festive Bonanza,01-07-2026,YouTube,CUST01447,25-34,Male,20529,523,74,8,3918.14,21139.65,,,,,
C008,Year End Clearance,07-07-2026,Instagram,CUST00727,25-34,Male,13093,519,86,11,1769.47,18453.46,,,,,
C002,Festive Bonanza,03-07-2026,YouTube,CUST00890,35-44,Male,3198,76,10,1,800,1417.62,,,,,
C008,Year End Clearance,15-06-2026,Instagram,CUST00245,25-34,Other,9230,165,36,6,1316.22,14366.22,,,,,
C008,Year End Clearance,02-02-2026,YouTube,CUST00069,18-24,Female,8107,166,16,0,1704.44,0,,,,,
C006,Weekend Flash Sale,21-08-2026,YouTube,CUST01853,25-34,Male,12149,270,32,1,2153.15,2797.88,,,,,
C008,Year End Clearance,26-08-2026,YouTube,CUST01162,18-24,Other,17365,440,56,6,2453.99,11494.66,,,,,
C007,Diwali Mega Sale,02-01-2026,Facebook,CUST02121,35-44,Male,3972,125,16,1,800,1724.58,,,,,
C004,Monsoon Offers,27-02-2026,Google Ads,CUST02164,25-34,Male,6884,274,51,8,1565.57,9763.12,,,,,
C002,Festive Bonanza,04-07-2026,YouTube,CUST00953,18-24,Female,14266,270,32,1,2207.55,2954.2,,,,,
C006,Weekend Flash Sale,24-06-2026,Email,CUST00255,35-44,Male,3722,274,78,12,800,21368.6,,,,,
C004,Monsoon Offers,19-05-2026,Email,CUST01587,45-54,Male,11613,504,155,22,800,47627.96,,,,,
C004,Monsoon Offers,13-02-2026,Google Ads,CUST00596,18-24,Male,4630,199,44,4,1081.26,9076.71,,,,,
C001,Summer Sale,28-04-2026,Email,CUST00506,25-34,Other,15783,978,269,64,867.64,222657.55,,,,,
C005,Back to College,11-08-2026,YouTube,CUST01129,18-24,Male,12223,284,30,5,2541.88,10004.32,,,,,
C005,Back to College,08-01-2026,YouTube,CUST00512,35-44,Female,7598,134,14,2,1093.06,4541.51,,,,,
C007,Diwali Mega Sale,07-06-2026,Facebook,CUST00257,45-54,Male,15511,326,41,9,2564.8,21223.65,,,,,
C001,Summer Sale,05-07-2026,Email,CUST01539,35-44,Female,8310,587,170,37,800,72951.68,,,,,
C003,New Product Launch,18-08-2026,Facebook,CUST00786,35-44,Female,15340,363,51,3,1835.2,6558.5,,,,,
C005,Back to College,22-03-2026,Google Ads,CUST01437,18-24,Male,15569,751,176,25,3159.29,59825.08,,,,,
C003,New Product Launch,06-07-2026,Google Ads,CUST02426,18-24,Male,6994,411,92,15,1556.52,44499.29,,,,,
C003,New Product Launch,29-05-2026,YouTube,CUST00207,18-24,Female,11613,309,37,5,2379.97,9199.15,,,,,
C005,Back to College,21-02-2026,Email,CUST02094,55+,Female,35999,1673,486,122,2070.37,252900.13,,,,,
C007,Diwali Mega Sale,27-03-2026,YouTube,CUST00674,25-34,Male,6312,139,22,7,971.28,16307.33,,,,,
C003,New Product Launch,16-06-2026,Instagram,CUST00195,25-34,Male,8685,355,44,7,1479.22,9932.07,,,,,
C006,Weekend Flash Sale,16-03-2026,Instagram,CUST00855,35-44,Female,26281,983,155,22,3198.94,40256.51,,,,,
C003,New Product Launch,04-01-2026,Instagram,CUST01596,25-34,Male,12469,361,49,9,1691.26,18273.92,,,,,
C006,Weekend Flash Sale,18-01-2026,Instagram,CUST00750,25-34,Male,12323,556,88,16,1413.75,39915.5,,,,,
C008,Year End Clearance,27-06-2026,Instagram,CUST01851,55+,Female,9508,402,58,11,1270.38,17737.36,,,,,
C002,Festive Bonanza,09-02-2026,Google Ads,CUST00014,25-34,Male,24313,1055,234,42,6616.93,84302.36,,,,,
C001,Summer Sale,21-08-2026,Email,CUST01481,25-34,Male,5751,332,101,18,800,52720.53,,,,,
C003,New Product Launch,21-07-2026,Facebook,CUST02480,25-34,Male,7227,168,21,0,819.9,0,,,,,
C003,New Product Launch,16-03-2026,YouTube,CUST01123,18-24,Male,9132,207,21,0,1563.45,0,,,,,
C007,Diwali Mega Sale,07-01-2026,Instagram,CUST01075,35-44,Male,11044,344,53,9,2006.05,20672.07,,,,,
C002,Festive Bonanza,08-01-2026,Instagram,CUST01798,45-54,Female,7306,246,33,7,1122,11471.67,,,,,
C002,Festive Bonanza,02-08-2026,Google Ads,CUST00419,45-54,Female,4029,176,26,5,1055.29,12995.22,,,,,
C003,New Product Launch,09-04-2026,Google Ads,CUST00216,25-34,Female,23940,974,225,32,4850.86,50016.98,,,,,
C002,Festive Bonanza,24-08-2026,Google Ads,CUST01568,55+,Female,14188,656,134,19,3765.44,50461.73,,,,,
C001,Summer Sale,01-04-2026,Google Ads,CUST02235,45-54,Female,5712,256,60,10,1551.68,18678.89,,,,,
C005,Back to College,20-08-2026,Facebook,CUST01493,25-34,Male,3458,92,8,2,800,2475.52,,,,,
C001,Summer Sale,19-03-2026,Instagram,CUST01863,18-24,Male,6035,198,28,0,905.83,0,,,,,
C008,Year End Clearance,17-05-2026,Google Ads,CUST00109,25-34,Female,5112,152,38,7,1062.32,12076.07,,,,,
C006,Weekend Flash Sale,07-04-2026,Facebook,CUST00355,35-44,Female,11812,416,63,9,1989.1,20792.25,,,,,
C001,Summer Sale,15-01-2026,Email,CUST02069,25-34,Female,22177,1452,441,101,1005.67,196395.15,,,,,
C002,Festive Bonanza,05-07-2026,Instagram,CUST00417,18-24,Female,12193,444,76,11,2111.92,21268.01,,,,,
C008,Year End Clearance,02-04-2026,YouTube,CUST02057,18-24,Female,6476,138,9,1,1361.42,1281.69,,,,,
C002,Festive Bonanza,19-06-2026,Facebook,CUST00899,25-34,Male,7204,94,13,0,800,0,,,,,
C005,Back to College,06-03-2026,Google Ads,CUST01822,18-24,Female,9751,400,96,13,2088.83,31712.84,,,,,
C008,Year End Clearance,02-06-2026,Facebook,CUST02310,55+,Male,7450,274,45,6,1239.5,16446.36,,,,,
C005,Back to College,09-05-2026,Facebook,CUST01015,25-34,Female,10861,276,28,3,1672.5,4129.81,,,,,
C002,Festive Bonanza,10-04-2026,YouTube,CUST00616,45-54,Female,8940,155,22,5,1434.05,7018.38,,,,,
C008,Year End Clearance,27-02-2026,Facebook,CUST01136,45-54,Male,5056,165,23,5,800,11040.03,,,,,
C002,Festive Bonanza,11-01-2026,Google Ads,CUST00779,25-34,Male,9980,268,64,9,2320.94,22100.63,,,,,
C003,New Product Launch,26-05-2026,YouTube,CUST00415,25-34,Male,2530,83,5,1,800,1985.57,,,,,
C006,Weekend Flash Sale,30-06-2026,Google Ads,CUST00362,45-54,Female,19539,747,164,33,3404.41,60203.77,,,,,
C003,New Product Launch,22-07-2026,Instagram,CUST02483,18-24,Male,10890,346,44,4,1600.43,9291.26,,,,,
C004,Monsoon Offers,29-01-2026,Instagram,CUST01542,55+,Male,6140,168,26,3,1123.32,6621.87,,,,,
C006,Weekend Flash Sale,21-03-2026,Google Ads,CUST01909,18-24,Female,20689,1013,224,50,5873.75,117993.76,,,,,
C001,Summer Sale,22-01-2026,Email,CUST00436,18-24,Male,6431,328,88,17,800,36297.86,,,,,
C002,Festive Bonanza,26-05-2026,YouTube,CUST00566,55+,Male,5069,111,10,2,800,5929.34,,,,,
C002,Festive Bonanza,31-05-2026,Email,CUST00798,18-24,Female,5286,353,116,26,800,58289.91,,,,,
C004,Monsoon Offers,21-03-2026,Email,CUST01214,35-44,Female,25715,1717,555,101,1459.91,222230.47,,,,,
C001,Summer Sale,09-04-2026,Instagram,CUST01863,25-34,Female,8342,304,49,3,1178.92,6836.98,,,,,
C004,Monsoon Offers,07-06-2026,Google Ads,CUST00047,55+,Male,9072,308,53,3,2067.03,6936.5,,,,,
C006,Weekend Flash Sale,03-06-2026,Email,CUST02262,18-24,Male,12614,704,216,55,800,113879.19,,,,,
C008,Year End Clearance,23-01-2026,Email,CUST02245,45-54,Male,13614,1063,295,66,830.29,259765.52,,,,,
C001,Summer Sale,23-05-2026,Instagram,CUST01784,45-54,Male,24291,704,107,16,3419.47,26599.3,,,,,
C005,Back to College,26-03-2026,Google Ads,CUST00418,45-54,Female,8541,253,56,14,1654.86,28108.69,,,,,
C001,Summer Sale,20-04-2026,YouTube,CUST01828,35-44,Male,5323,98,12,2,1175.9,2173.23,,,,,
C004,Monsoon Offers,03-07-2026,Email,CUST00481,35-44,Female,6842,452,135,23,800,49538.52,,,,,
C006,Weekend Flash Sale,03-02-2026,Facebook,CUST01010,18-24,Male,8665,217,29,2,1035.82,3925.13,,,,,
C006,Weekend Flash Sale,27-08-2026,Instagram,CUST02375,25-34,Male,3273,109,20,4,800,7751.11,,,,,
C002,Festive Bonanza,23-05-2026,Instagram,CUST01428,45-54,Male,7727,271,44,6,1347.86,13827.86,,,,,
C006,Weekend Flash Sale,05-07-2026,Facebook,CUST01004,18-24,Female,3303,112,12,1,800,1837.17,,,,,
C006,Weekend Flash Sale,28-05-2026,Google Ads,CUST00179,25-34,Female,8403,483,112,19,1576.93,45612.93,,,,,
C004,Monsoon Offers,30-04-2026,Google Ads,CUST02424,25-34,Female,11507,534,135,16,3193.88,43268.72,,,,,
C007,Diwali Mega Sale,04-05-2026,Google Ads,CUST00799,18-24,Female,5655,208,46,11,1484.19,25281.08,,,,,
C006,Weekend Flash Sale,12-06-2026,Email,CUST00195,18-24,Male,1340,105,34,6,800,15394.71,,,,,
C007,Diwali Mega Sale,02-05-2026,Google Ads,CUST01124,45-54,Male,6178,326,89,20,1392.51,51287.9,,,,,
C002,Festive Bonanza,11-08-2026,Instagram,CUST00436,18-24,Female,22572,644,112,18,3320.42,37317.46,,,,,
C001,Summer Sale,27-05-2026,Google Ads,CUST01519,18-24,Female,15009,636,146,20,4303.3,33135.61,,,,,
C001,Summer Sale,06-03-2026,YouTube,CUST00451,18-24,Male,3895,72,5,1,800,1053,,,,,
C004,Monsoon Offers,20-07-2026,Email,CUST00760,18-24,Female,9328,641,204,24,800,53403.83,,,,,
C002,Festive Bonanza,07-06-2026,Google Ads,CUST00715,45-54,Female,11261,454,103,15,2682.94,39199.8,,,,,
C006,Weekend Flash Sale,04-02-2026,Instagram,CUST00756,25-34,Male,10823,350,33,6,1758.93,9921.22,,,,,
C004,Monsoon Offers,09-02-2026,Google Ads,CUST00235,18-24,Other,7940,276,55,7,1966.16,14176.62,,,,,
C004,Monsoon Offers,17-03-2026,YouTube,CUST01466,25-34,Male,7819,195,30,1,1121.95,1817.55,,,,,
C004,Monsoon Offers,13-02-2026,Google Ads,CUST00453,25-34,Male,5198,210,48,8,1073.88,16807.66,,,,,
C005,Back to College,18-08-2026,Facebook,CUST01788,25-34,Male,24037,867,118,8,2741.88,12434.02,,,,,
C003,New Product Launch,10-01-2026,YouTube,CUST00421,18-24,Female,4769,125,14,0,800,0,,,,,
C006,Weekend Flash Sale,22-01-2026,YouTube,CUST01981,45-54,Male,3903,139,18,2,800,4334.33,,,,,
C001,Summer Sale,11-05-2026,Google Ads,CUST00009,25-34,Male,5969,223,53,9,1527.7,20127.24,,,,,
C003,New Product Launch,13-04-2026,Google Ads,CUST00305,25-34,Female,5440,251,45,6,1167.89,10371.79,,,,,
C002,Festive Bonanza,03-07-2026,Instagram,CUST01848,25-34,Male,4153,152,26,2,800,4505.37,,,,,
C006,Weekend Flash Sale,25-05-2026,Google Ads,CUST01792,18-24,Female,5927,291,61,13,1050.77,27978.94,,,,,
C008,Year End Clearance,29-06-2026,Google Ads,CUST02060,35-44,Female,11008,463,100,15,3013.06,25659.59,,,,,
C008,Year End Clearance,03-06-2026,Google Ads,CUST02341,25-34,Female,4415,251,49,5,901.7,11521.45,,,,,
C001,Summer Sale,14-04-2026,Facebook,CUST01366,35-44,Female,6173,131,25,1,800,1711.94,,,,,
C006,Weekend Flash Sale,04-02-2026,Google Ads,CUST01917,45-54,Male,16226,738,161,21,4459.3,53452.78,,,,,
C001,Summer Sale,10-01-2026,YouTube,CUST02183,35-44,Male,15456,256,41,3,2641.83,4162.65,,,,,
C005,Back to College,25-03-2026,Google Ads,CUST00508,35-44,Male,9571,426,85,12,1681.19,24306.81,,,,,
C005,Back to College,02-08-2026,Email,CUST01599,35-44,Male,5941,351,112,20,800,44180.95,,,,,
C008,Year End Clearance,28-01-2026,Email,CUST00727,25-34,Male,6828,397,115,22,800,70397.07,,,,,
C004,Monsoon Offers,30-03-2026,Email,CUST00363,25-34,Male,10920,765,229,35,800,79137.46,,,,,
C007,Diwali Mega Sale,04-01-2026,Facebook,CUST01449,25-34,Male,10765,300,53,6,1616.85,14179.66,,,,,
C001,Summer Sale,16-01-2026,Email,CUST01777,18-24,Male,7357,479,144,24,800,56351.44,,,,,
C002,Festive Bonanza,31-07-2026,YouTube,CUST00119,35-44,Female,12625,299,33,3,1811.77,5989.32,,,,,
C001,Summer Sale,12-01-2026,Email,CUST01287,18-24,Female,12775,1006,292,53,800,148832.22,,,,,
C006,Weekend Flash Sale,22-03-2026,Instagram,CUST00966,25-34,Male,10457,437,76,11,1575.74,24013.6,,,,,
C002,Festive Bonanza,16-03-2026,Email,CUST00461,35-44,Male,4311,304,86,17,800,44255.6,,,,,
C005,Back to College,18-07-2026,YouTube,CUST02474,25-34,Male,8345,208,24,1,1557.88,2082.56,,,,,
C003,New Product Launch,28-01-2026,Google Ads,CUST02243,25-34,Other,3640,149,33,7,994.77,16631.21,,,,,
C005,Back to College,27-02-2026,Facebook,CUST01394,55+,Male,5521,152,16,3,800,5149.49,,,,,
C003,New Product Launch,12-04-2026,Google Ads,CUST01651,35-44,Male,10069,300,56,7,1793.39,14948.59,,,,,
C004,Monsoon Offers,23-01-2026,Google Ads,CUST00711,18-24,Female,7890,329,63,11,2048.91,26240.26,,,,,
C005,Back to College,17-06-2026,Google Ads,CUST01635,35-44,Female,8874,438,101,25,2204.74,52262.86,,,,,
C007,Diwali Mega Sale,28-08-2026,Email,CUST00079,18-24,Male,10665,728,214,52,800,137522.65,,,,,
C003,New Product Launch,25-04-2026,Facebook,CUST02405,25-34,Female,8904,225,37,5,1204.25,7681.39,,,,,
C008,Year End Clearance,31-05-2026,Email,CUST00581,25-34,Male,14258,531,154,37,800,123476.96,,,,,
C003,New Product Launch,22-05-2026,Facebook,CUST00428,25-34,Male,13740,434,53,8,1447.84,11384.78,,,,,
C006,Weekend Flash Sale,22-07-2026,YouTube,CUST02296,18-24,Male,10241,226,25,3,1770.14,7371.09,,,,,
C004,Monsoon Offers,23-04-2026,Instagram,CUST02113,25-34,Female,7148,230,41,2,997.6,3184,,,,,
C002,Festive Bonanza,16-04-2026,Facebook,CUST02233,25-34,Female,18585,517,81,12,2089.48,28935.71,,,,,
C007,Diwali Mega Sale,21-01-2026,Google Ads,CUST01110,25-34,Male,7837,418,102,30,2073.7,74958.33,,,,,
C003,New Product Launch,31-03-2026,Google Ads,CUST00132,35-44,Female,7206,338,70,10,1714.69,20327.86,,,,,
C007,Diwali Mega Sale,01-01-2026,YouTube,CUST01504,45-54,Male,9648,192,22,5,1578.98,7502.28,,,,,
C007,Diwali Mega Sale,20-03-2026,Google Ads,CUST01815,35-44,Male,8130,383,90,14,2203.24,21428.7,,,,,
C005,Back to College,21-05-2026,Facebook,CUST01974,45-54,Male,5850,168,25,3,800,8603.97,,,,,
C005,Back to College,27-04-2026,Instagram,CUST00197,25-34,Male,9681,390,62,10,1749.01,13114.69,,,,,
C008,Year End Clearance,22-03-2026,Google Ads,CUST00883,18-24,Male,8017,342,67,13,2019.51,36823.34,,,,,
C006,Weekend Flash Sale,29-01-2026,Instagram,CUST01702,35-44,Female,5501,155,28,6,800,12961.65,,,,,
C007,Diwali Mega Sale,30-04-2026,YouTube,CUST00547,45-54,Male,6490,219,30,3,1068.71,5698.35,,,,,
C006,Weekend Flash Sale,22-06-2026,Google Ads,CUST01279,18-24,Female,13174,565,119,20,3296.07,50903.72,,,,,
C003,New Product Launch,17-04-2026,Facebook,CUST00594,25-34,Male,9014,284,38,2,1361.6,3697.53,,,,,
C001,Summer Sale,21-02-2026,Google Ads,CUST02086,45-54,Female,6001,244,57,12,1250.47,24969.25,,,,,
C004,Monsoon Offers,08-03-2026,Instagram,CUST02091,18-24,Male,3808,110,15,2,800,3414.26,,,,,
C003,New Product Launch,19-02-2026,Email,CUST00343,25-34,Female,5519,328,98,15,800,38039.46,,,,,
C008,Year End Clearance,10-08-2026,Email,CUST01024,45-54,Female,9761,707,182,27,800,69817.04,,,,,
C001,Summer Sale,26-08-2026,Instagram,CUST01131,45-54,Other,14448,669,102,9,2476.51,16759.6,,,,,
C003,New Product Launch,11-01-2026,Instagram,CUST01293,35-44,Female,3515,125,23,3,800,5676.47,,,,,
C003,New Product Launch,04-04-2026,Email,CUST02119,18-24,Female,3207,282,91,15,800,41575.94,,,,,
C002,Festive Bonanza,07-06-2026,Facebook,CUST02061,55+,Female,9379,229,30,3,1558.91,4713.59,,,,,
C007,Diwali Mega Sale,26-06-2026,YouTube,CUST01541,25-34,Female,4440,94,12,2,883.09,4023.23,,,,,
C007,Diwali Mega Sale,26-06-2026,Email,CUST02313,35-44,Male,8349,544,174,44,800,160871.63,,,,,
C005,Back to College,24-02-2026,Instagram,CUST01948,35-44,Male,10613,306,51,6,1581.34,11301.9,,,,,
C002,Festive Bonanza,25-02-2026,Google Ads,CUST01355,45-54,Female,3514,139,25,6,800,24744.94,,,,,
C001,Summer Sale,25-03-2026,Facebook,CUST00515,25-34,Male,7450,118,17,1,1037.59,2055.9,,,,,
C004,Monsoon Offers,18-05-2026,YouTube,CUST00083,35-44,Male,8412,210,25,2,1290.71,2192.65,,,,,
C002,Festive Bonanza,31-05-2026,Email,CUST02496,25-34,Female,3021,221,68,14,800,31836.05,,,,,
C006,Weekend Flash Sale,25-04-2026,Google Ads,CUST00063,25-34,Male,21051,1062,250,40,5155.53,100246.67,,,,,
C002,Festive Bonanza,28-01-2026,Google Ads,CUST00350,35-44,Female,5728,209,40,7,1301.18,17352.11,,,,,
C007,Diwali Mega Sale,28-03-2026,Google Ads,CUST00405,25-34,Male,5253,266,67,17,1481.97,53852.42,,,,,
C004,Monsoon Offers,10-05-2026,Instagram,CUST00596,35-44,Female,7001,246,42,7,1167,10598.11,,,,,
C005,Back to College,08-02-2026,Google Ads,CUST00766,25-34,Female,4188,171,36,6,1108.82,12982.34,,,,,
C001,Summer Sale,13-02-2026,Google Ads,CUST00504,35-44,Female,5023,227,46,8,954.13,17544.65,,,,,
C007,Diwali Mega Sale,03-08-2026,YouTube,CUST01057,25-34,Female,10877,213,24,7,1533.11,12850.94,,,,,
C001,Summer Sale,12-01-2026,YouTube,CUST00320,55+,Male,18170,492,66,6,3222.44,9523.53,,,,,
C007,Diwali Mega Sale,10-02-2026,Instagram,CUST02088,35-44,Male,21786,833,147,21,3271.7,40108.55,,,,,
C007,Diwali Mega Sale,27-07-2026,Google Ads,CUST00963,25-34,Female,7392,279,51,9,1685.48,23887.31,,,,,
C004,Monsoon Offers,24-06-2026,Google Ads,CUST00454,18-24,Male,6037,328,75,10,1092.16,15538.39,,,,,
C008,Year End Clearance,05-04-2026,Google Ads,CUST01293,45-54,Female,3486,139,29,4,800,8668.31,,,,,
C007,Diwali Mega Sale,30-03-2026,Google Ads,CUST01406,55+,Female,6104,276,52,14,1689.7,27952.82,,,,,
C008,Year End Clearance,13-07-2026,Google Ads,CUST00367,55+,Female,26558,1020,246,41,7525.11,108607.59,,,,,
C008,Year End Clearance,25-08-2026,Google Ads,CUST00181,55+,Male,13960,875,165,28,2809.7,70326.08,,,,,
C002,Festive Bonanza,28-08-2026,Email,CUST01773,18-24,Female,5117,362,107,29,800,77331.58,,,,,
C004,Monsoon Offers,04-04-2026,Instagram,CUST01119,18-24,Male,8001,274,54,6,1378.99,12916.86,,,,,
C008,Year End Clearance,22-05-2026,Google Ads,CUST02063,25-34,Female,3441,174,41,8,800,17387.86,,,,,
C008,Year End Clearance,06-02-2026,Instagram,CUST01412,45-54,Female,10330,338,53,7,1896.19,12281.93,,,,,
C005,Back to College,19-05-2026,Facebook,CUST00255,18-24,Male,3943,139,27,2,800,3888.05,,,,,
C006,Weekend Flash Sale,22-08-2026,Google Ads,CUST00771,35-44,Female,15904,953,203,43,3490.81,94925.13,,,,,
C004,Monsoon Offers,18-04-2026,YouTube,CUST00967,35-44,Female,21469,577,61,4,3794.65,6503.72,,,,,
C001,Summer Sale,02-01-2026,Email,CUST00894,45-54,Male,18884,1338,391,88,1049.84,171564.29,,,,,
C003,New Product Launch,09-01-2026,Email,CUST00243,25-34,Male,6858,375,113,30,800,72993.03,,,,,
C008,Year End Clearance,04-03-2026,Facebook,CUST01905,25-34,Female,15495,361,43,4,2115.71,7198.4,,,,,
C001,Summer Sale,23-08-2026,Google Ads,CUST01320,35-44,Male,4706,154,23,2,823,4240.24,,,,,
C008,Year End Clearance,29-04-2026,Instagram,CUST01339,25-34,Other,13066,503,81,4,2129.9,6044.93,,,,,
C004,Monsoon Offers,27-05-2026,Instagram,CUST00541,35-44,Male,13970,449,79,9,1622.32,15421.76,,,,,
C001,Summer Sale,03-02-2026,Facebook,CUST01334,18-24,Female,11870,379,66,9,1204.47,17903.02,,,,,
C006,Weekend Flash Sale,05-02-2026,Google Ads,CUST02158,25-34,Female,8278,315,64,11,2274.94,24562.83,,,,,
C004,Monsoon Offers,21-04-2026,YouTube,CUST00435,45-54,Male,6295,92,12,1,1291.42,1446.14,,,,,
C007,Diwali Mega Sale,02-08-2026,Google Ads,CUST00921,35-44,Male,3884,189,45,9,1011.77,11952.29,,,,,
C004,Monsoon Offers,15-03-2026,Email,CUST01379,55+,Female,7983,417,151,28,800,63201.14,,,,,
C004,Monsoon Offers,15-04-2026,Google Ads,CUST00289,18-24,Male,10503,558,127,22,2585.33,39950.02,,,,,
C003,New Product Launch,12-05-2026,Facebook,CUST00393,18-24,Male,16034,439,55,12,1736.49,23836.9,,,,,
C008,Year End Clearance,06-06-2026,Google Ads,CUST00421,45-54,Male,4138,196,45,14,1104.44,44878.65,,,,,
C006,Weekend Flash Sale,04-02-2026,YouTube,CUST01982,45-54,Female,10847,249,32,3,2122.92,5564.55,,,,,
C002,Festive Bonanza,19-05-2026,YouTube,CUST02123,25-34,Female,14461,222,21,2,3080.54,3805.74,,,,,
C002,Festive Bonanza,15-04-2026,Google Ads,CUST01695,35-44,Female,3616,184,44,9,980.55,26827.94,,,,,
C007,Diwali Mega Sale,31-03-2026,Instagram,CUST00253,25-34,Male,8461,335,47,4,1026.49,8676.47,,,,,
C005,Back to College,22-04-2026,Google Ads,CUST00678,25-34,Male,21166,1142,287,60,5121.66,120834.46,,,,,
C001,Summer Sale,03-03-2026,Email,CUST00005,25-34,Male,10364,663,201,32,800,71261.11,,,,,
C004,Monsoon Offers,25-06-2026,Facebook,CUST01711,25-34,Male,6465,220,31,4,817.62,6647.73,,,,,
C008,Year End Clearance,31-08-2026,Instagram,CUST00985,18-24,Female,5048,105,16,3,880.97,5340.23,,,,,
C003,New Product Launch,23-02-2026,Instagram,CUST00737,Unknown,Female,6902,172,29,4,820.43,7023.14,,,,,
C002,Festive Bonanza,10-03-2026,Instagram,CUST00244,35-44,Female,21145,609,94,10,3578.24,14785.84,,,,,
C001,Summer Sale,22-04-2026,YouTube,CUST00294,25-34,Male,14877,360,48,9,2213.04,8413.31,,,,,
C003,New Product Launch,23-07-2026,Google Ads,CUST01218,35-44,Female,24135,1265,254,47,4697.28,143265.46,,,,,
C006,Weekend Flash Sale,16-08-2026,YouTube,CUST02178,35-44,Female,8953,202,21,0,1925.4,0,,,,,
C003,New Product Launch,13-06-2026,Instagram,CUST00737,25-34,Female,7052,210,35,2,1082.89,3143.55,,,,,
C005,Back to College,27-03-2026,YouTube,CUST01383,25-34,Male,13431,277,33,6,2809.9,10207.33,,,,,
C005,Back to College,19-04-2026,Google Ads,CUST02284,35-44,Male,20173,1039,226,42,4412.23,105507.69,,,,,
C005,Back to College,13-06-2026,Google Ads,CUST00104,18-24,Male,10365,477,104,17,2399.66,35629.93,,,,,
C006,Weekend Flash Sale,25-01-2026,Facebook,CUST01012,45-54,Male,13126,347,54,6,1909.3,7158.74,,,,,
C007,Diwali Mega Sale,11-06-2026,Email,CUST00129,18-24,Female,9327,494,147,41,800,208813.48,,,,,
C007,Diwali Mega Sale,22-04-2026,Google Ads,CUST01506,45-54,Female,11564,514,134,28,3265.84,81411.8,,,,,
C003,New Product Launch,07-08-2026,Google Ads,CUST00581,55+,Female,5434,210,46,7,950.31,17318.36,,,,,
C003,New Product Launch,12-01-2026,YouTube,CUST02469,55+,Female,12813,322,57,6,2094.22,9283.15,,,,,
C001,Summer Sale,18-02-2026,YouTube,CUST00149,18-24,Male,23001,472,64,8,4166.89,15674.6,,,,,
C001,Summer Sale,21-01-2026,Facebook,CUST01396,45-54,Male,6524,172,27,2,800,2694.06,,,,,
C006,Weekend Flash Sale,21-02-2026,YouTube,CUST02250,35-44,Male,10947,168,19,5,2235.55,9254.05,,,,,
C007,Diwali Mega Sale,19-02-2026,Instagram,CUST01717,18-24,Male,24336,722,123,17,3518.82,47162.28,,,,,
C002,Festive Bonanza,19-01-2026,Google Ads,CUST01624,55+,Male,5118,191,47,10,1122.2,20697.98,,,,,
C008,Year End Clearance,26-04-2026,Facebook,CUST01014,25-34,Female,17902,559,74,6,2966.44,12491.53,,,,,
C002,Festive Bonanza,15-04-2026,Email,CUST00850,25-34,Male,5041,330,98,26,800,74364.92,,,,,
C003,New Product Launch,19-03-2026,Instagram,CUST02485,18-24,Female,28016,1033,147,15,3948.21,48123.79,,,,,
C006,Weekend Flash Sale,06-04-2026,YouTube,CUST01244,35-44,Male,4839,123,14,2,819.3,5227.95,,,,,
C003,New Product Launch,14-07-2026,Facebook,CUST00988,18-24,Male,22368,584,75,9,3437.11,20670.45,,,,,
C005,Back to College,24-05-2026,Instagram,CUST00942,55+,Female,4791,155,37,4,800,6743.84,,,,,
C002,Festive Bonanza,10-02-2026,Instagram,CUST02182,25-34,Male,4612,131,22,5,800,13507.42,,,,,
C005,Back to College,13-06-2026,Google Ads,CUST00342,25-34,Male,26909,1400,322,56,4649.57,175141.81,,,,,
C001,Summer Sale,16-06-2026,Instagram,CUST01743,35-44,Male,19502,373,69,11,2876.81,16439.86,,,,,
C006,Weekend Flash Sale,19-07-2026,Google Ads,CUST01171,18-24,Male,7074,247,42,8,1764.57,17579.38,,,,,
C002,Festive Bonanza,06-04-2026,Instagram,CUST02079,18-24,Male,3534,143,18,5,800,9759.18,,,,,
C004,Monsoon Offers,22-08-2026,Instagram,CUST02376,25-34,Male,6314,223,39,5,800,9659.41,,,,,
C008,Year End Clearance,04-08-2026,YouTube,CUST01732,18-24,Female,11351,282,46,6,2406.08,13783.25,,,,,
C003,New Product Launch,06-07-2026,Facebook,CUST01294,25-34,Male,4300,147,13,0,800,0,,,,,
C008,Year End Clearance,08-07-2026,Instagram,CUST00550,25-34,Female,11666,373,61,6,1787.84,17117.32,,,,,
C006,Weekend Flash Sale,07-05-2026,Google Ads,CUST02404,35-44,Female,9969,553,119,19,2822.17,48937.03,,,,,
C007,Diwali Mega Sale,11-03-2026,Email,CUST00219,25-34,Female,5573,431,114,36,800,138061.39,,,,,
C002,Festive Bonanza,10-03-2026,Google Ads,CUST01891,35-44,Male,8966,413,93,26,1550.13,66948.42,,,,,
C003,New Product Launch,19-08-2026,Email,CUST01949,45-54,Male,8030,626,164,23,800,48508.67,,,,,
C005,Back to College,11-01-2026,YouTube,CUST00178,25-34,Female,28902,560,62,5,4465.22,6507.84,,,,,
C006,Weekend Flash Sale,19-08-2026,Google Ads,CUST00035,18-24,Male,8103,246,63,13,2248.89,33838.67,,,,,
C002,Festive Bonanza,04-08-2026,YouTube,CUST02044,25-34,Male,9496,232,22,3,1361.98,4541.22,,,,,
C001,Summer Sale,10-04-2026,YouTube,CUST02199,18-24,Female,14182,385,42,6,2120.19,11975.56,,,,,
C006,Weekend Flash Sale,06-06-2026,Facebook,CUST01962,18-24,Male,10889,317,54,13,1600.81,30743.78,,,,,
C004,Monsoon Offers,01-03-2026,Facebook,CUST02047,25-34,Male,11462,277,35,3,1875.68,5090.1,,,,,
C003,New Product Launch,20-07-2026,YouTube,CUST01175,35-44,Female,7470,156,17,1,1041.14,1874.94,,,,,
C008,Year End Clearance,07-08-2026,Email,CUST00995,35-44,Female,7925,540,153,37,800,123761.06,,,,,
C001,Summer Sale,21-08-2026,Google Ads,CUST02320,25-34,Male,31407,1540,322,54,6718.58,127791.61,,,,,
C006,Weekend Flash Sale,16-07-2026,Google Ads,CUST02262,25-34,Female,7453,284,59,9,1628.21,18063.13,,,,,
C004,Monsoon Offers,20-08-2026,YouTube,CUST02406,25-34,Female,6755,176,24,1,1108.45,1776.93,,,,,
C004,Monsoon Offers,11-08-2026,Instagram,CUST01604,25-34,Male,5359,187,25,2,995.27,2351.88,,,,,
C002,Festive Bonanza,15-04-2026,Instagram,CUST01649,55+,Female,12573,485,86,13,2288.31,28627.54,,,,,
C002,Festive Bonanza,22-02-2026,Google Ads,CUST02254,18-24,Female,9485,481,112,23,1761.44,40771.62,,,,,
C008,Year End Clearance,07-02-2026,Email,CUST00539,45-54,Female,10186,729,202,37,800,98263.49,,,,,
C005,Back to College,03-08-2026,Facebook,CUST00077,25-34,Male,12856,342,54,3,1688.84,5676.39,,,,,
C006,Weekend Flash Sale,01-04-2026,YouTube,CUST01447,25-34,Male,4743,90,7,1,1033.65,2037.33,,,,,
C008,Year End Clearance,04-03-2026,YouTube,CUST00285,18-24,Female,4524,81,14,2,875.23,3252.57,,,,,
C001,Summer Sale,04-08-2026,Instagram,CUST00801,25-34,Male,11950,411,73,10,1812.31,17344.11,,,,,
C006,Weekend Flash Sale,01-02-2026,Instagram,CUST00023,25-34,Female,12943,293,40,9,2146.96,16310.42,,,,,
C005,Back to College,20-01-2026,Facebook,CUST00449,35-44,Male,13176,365,55,10,1955.45,19369.74,,,,,
C008,Year End Clearance,09-03-2026,YouTube,CUST00244,25-34,Female,17514,449,59,5,2813.58,7586.67,,,,,
C007,Diwali Mega Sale,19-01-2026,Email,CUST00193,45-54,Female,16969,1436,461,141,1081.69,388258.1,,,,,
C008,Year End Clearance,09-08-2026,Instagram,CUST00085,45-54,Male,16399,535,69,12,2790.86,23986.6,,,,,
C002,Festive Bonanza,11-08-2026,YouTube,CUST01121,25-34,Male,26372,637,73,6,4502.89,13987.31,,,,,
C001,Summer Sale,17-01-2026,Google Ads,CUST00105,35-44,Female,4833,160,26,5,1083.1,9141.46,,,,,
C002,Festive Bonanza,16-04-2026,Email,CUST00516,25-34,Male,29915,2048,610,146,1673.07,380983.26,,,,,
C007,Diwali Mega Sale,04-01-2026,Google Ads,CUST01427,55+,Female,24878,1041,232,58,5811.95,158429.33,,,,,
C008,Year End Clearance,12-04-2026,Instagram,CUST00221,18-24,Male,10932,460,73,9,2039.33,18719.1,,,,,
C001,Summer Sale,11-01-2026,Facebook,CUST01510,18-24,Male,9679,333,48,2,1076.17,5033.24,,,,,
C004,Monsoon Offers,04-08-2026,Facebook,CUST01967,25-34,Male,12179,434,60,8,1649.19,8520.02,,,,,
C005,Back to College,09-01-2026,Email,CUST01417,18-24,Male,5430,282,83,20,800,40485.87,,,,,
C004,Monsoon Offers,24-08-2026,Facebook,CUST00534,25-34,Female,18021,477,67,10,1849.65,16911.55,,,,,
C006,Weekend Flash Sale,22-07-2026,Facebook,CUST01189,45-54,Male,5062,146,17,1,800,1482.92,,,,,
C001,Summer Sale,23-02-2026,Google Ads,CUST00122,Unknown,Female,4436,191,44,4,1254.77,6016.64,,,,,
C007,Diwali Mega Sale,05-04-2026,YouTube,CUST00265,55+,Male,15374,496,55,9,2414.46,23556.39,,,,,
C008,Year End Clearance,07-02-2026,Email,CUST02461,25-34,Male,1824,76,18,3,800,5314.87,,,,,
C001,Summer Sale,14-08-2026,Facebook,CUST01889,25-34,Male,10369,317,51,5,1538.36,10266.28,,,,,
C008,Year End Clearance,16-04-2026,Google Ads,CUST00742,18-24,Male,12250,478,122,17,3283.92,29505.91,,,,,
C005,Back to College,11-04-2026,Instagram,CUST00593,25-34,Female,6225,182,31,3,1012.69,7432.08,,,,,
C001,Summer Sale,27-02-2026,YouTube,CUST01260,35-44,Male,5019,108,9,2,990.94,3412.75,,,,,
C004,Monsoon Offers,08-04-2026,Instagram,CUST00991,18-24,Female,11414,315,43,3,1429.37,3424.16,,,,,
C004,Monsoon Offers,06-05-2026,Google Ads,CUST01892,35-44,Female,14859,710,157,22,3354.55,48437.81,,,,,
C008,Year End Clearance,05-08-2026,Instagram,CUST02276,45-54,Female,54781,1740,289,38,9618.3,96597.71,,,,,
C008,Year End Clearance,26-06-2026,Google Ads,CUST01424,25-34,Female,18543,797,165,30,3522.12,54758.97,,,,,
C007,Diwali Mega Sale,21-08-2026,Facebook,CUST01845,35-44,Male,11144,261,33,6,1805.95,13721.85,,,,,
C004,Monsoon Offers,30-05-2026,YouTube,CUST00188,35-44,Other,7282,112,7,0,1145.52,0,,,,,
C004,Monsoon Offers,06-08-2026,Google Ads,CUST01586,25-34,Male,18217,733,182,24,4162.6,48404.41,,,,,
C007,Diwali Mega Sale,09-08-2026,Email,CUST01854,25-34,Other,11936,689,203,50,800,100575.35,,,,,
C006,Weekend Flash Sale,05-03-2026,Facebook,CUST00175,35-44,Male,9005,233,26,9,1408.07,20191.95,,,,,
C005,Back to College,28-04-2026,Facebook,CUST00818,55+,Female,7474,255,39,3,1194.34,5394.57,,,,,
C005,Back to College,28-05-2026,YouTube,CUST00900,25-34,Female,5797,119,15,3,1211.12,6190.09,,,,,
C001,Summer Sale,18-02-2026,Facebook,CUST00575,25-34,Male,9242,263,39,6,1067.78,7720.16,,,,,
C005,Back to College,24-06-2026,Email,CUST02451,35-44,Male,10684,470,151,36,800,96703.55,,,,,
C002,Festive Bonanza,20-01-2026,YouTube,CUST00273,18-24,Male,8565,219,21,4,1915.76,12043.95,,,,,
C004,Monsoon Offers,29-01-2026,Google Ads,CUST00518,18-24,Female,12487,482,98,16,3550.45,31543.81,,,,,
C006,Weekend Flash Sale,02-08-2026,Email,CUST01071,18-24,Female,17027,869,253,52,1020.95,172892.98,,,,,
C007,Diwali Mega Sale,28-01-2026,Instagram,CUST00184,25-34,Female,8700,234,35,2,1211.21,3974.03,,,,,
C006,Weekend Flash Sale,11-06-2026,Google Ads,CUST01040,35-44,Male,9350,448,86,15,1691.89,36735.27,,,,,
C006,Weekend Flash Sale,23-03-2026,Facebook,CUST01778,18-24,Male,4571,118,16,3,800,5263.17,,,,,
C005,Back to College,09-03-2026,Google Ads,CUST02255,25-34,Female,24053,1131,226,39,6440.68,92594.51,,,,,
C004,Monsoon Offers,07-08-2026,Facebook,CUST01826,18-24,Female,4117,87,13,1,800,1167.2,,,,,
C002,Festive Bonanza,13-04-2026,Instagram,CUST01501,55+,Male,13040,418,68,11,2340.41,13870.41,,,,,
C003,New Product Launch,21-02-2026,Facebook,CUST00853,25-34,Female,4347,88,12,2,800,4989.95,,,,,
C005,Back to College,26-01-2026,Facebook,CUST00630,45-54,Male,8674,274,31,1,1271.27,1702.62,,,,,
C003,New Product Launch,24-02-2026,Facebook,CUST00221,45-54,Female,8329,261,32,1,1094.4,2661.07,,,,,
C008,Year End Clearance,25-01-2026,Email,CUST00458,45-54,Male,9470,676,196,56,800,101885.25,,,,,
C007,Diwali Mega Sale,06-06-2026,Instagram,CUST00960,35-44,Male,5536,165,28,1,800,1966.67,,,,,
C002,Festive Bonanza,03-08-2026,Facebook,CUST01836,18-24,Female,5634,132,10,1,800,2424.61,,,,,
C003,New Product Launch,03-04-2026,Instagram,CUST02306,18-24,Male,11480,335,48,6,2104.67,12922.51,,,,,
C007,Diwali Mega Sale,31-03-2026,Email,CUST02192,18-24,Male,7971,579,173,40,800,118183.41,,,,,
C008,Year End Clearance,19-03-2026,Email,CUST02217,18-24,Female,7505,506,155,41,800,89413.95,,,,,
C002,Festive Bonanza,28-06-2026,Instagram,CUST01966,45-54,Female,16863,432,67,12,2043.97,28335.54,,,,,
C005,Back to College,26-01-2026,Email,CUST01341,45-54,Male,5199,277,92,18,800,54362.44,,,,,
C002,Festive Bonanza,17-01-2026,Facebook,CUST01883,45-54,Female,7995,169,17,2,1021.2,6898.12,,,,,
C008,Year End Clearance,03-05-2026,YouTube,CUST00281,35-44,Female,13346,416,49,4,1958.77,6050.4,,,,,
C007,Diwali Mega Sale,24-07-2026,YouTube,CUST02415,18-24,Male,12546,317,39,7,1961.16,14559.01,,,,,
C007,Diwali Mega Sale,09-06-2026,Instagram,CUST02454,18-24,Other,6045,174,28,2,1117.71,7144.81,,,,,
C008,Year End Clearance,09-06-2026,Email,CUST01934,25-34,Female,6210,453,116,23,800,63528.83,,,,,
C004,Monsoon Offers,10-05-2026,Instagram,CUST02260,35-44,Male,8850,315,56,5,1640.64,10439.23,,,,,
C002,Festive Bonanza,06-03-2026,Email,CUST00573,18-24,Male,6119,420,116,23,800,69973.41,,,,,
C001,Summer Sale,22-03-2026,Instagram,CUST00287,25-34,Female,13012,308,47,8,2304.8,15607.93,,,,,
C003,New Product Launch,03-06-2026,Instagram,CUST00628,35-44,Female,16028,556,82,8,2692.56,15768.38,,,,,
C008,Year End Clearance,16-02-2026,Email,CUST02002,25-34,Male,11623,983,296,59,800,111205.72,,,,,
C003,New Product Launch,24-08-2026,Facebook,CUST01196,25-34,Male,15849,324,40,6,2375.35,12003.57,,,,,
C003,New Product Launch,27-04-2026,Google Ads,CUST01663,25-34,Male,9415,394,86,18,2615.2,38112.01,,,,,
C001,Summer Sale,25-01-2026,Google Ads,CUST01330,35-44,Female,9831,421,98,16,2161.21,31879.76,,,,,
C004,Monsoon Offers,31-03-2026,YouTube,CUST00369,45-54,Male,6995,141,14,3,1026.03,3335.38,,,,,
C006,Weekend Flash Sale,01-06-2026,Google Ads,CUST01948,25-34,Male,5126,295,73,10,1113.86,26303.09,,,,,
C006,Weekend Flash Sale,28-01-2026,Instagram,CUST01178,25-34,Male,6068,192,33,4,1134.4,10262.34,,,,,
C008,Year End Clearance,19-02-2026,YouTube,CUST01556,35-44,Female,8082,198,19,4,1129.28,5542.61,,,,,
C006,Weekend Flash Sale,16-04-2026,YouTube,CUST00763,25-34,Other,7514,173,21,1,1092.11,1489.38,,,,,
C003,New Product Launch,17-06-2026,Instagram,CUST00684,25-34,Female,8279,335,49,6,985.26,10298.45,,,,,
C002,Festive Bonanza,15-05-2026,Facebook,CUST01327,55+,Male,9020,227,22,1,1127.11,2406.96,,,,,
C002,Festive Bonanza,25-03-2026,Google Ads,CUST02016,55+,Male,8473,339,70,16,2434.05,53911.47,,,,,
C008,Year End Clearance,20-02-2026,YouTube,CUST01873,25-34,Female,9652,202,24,1,1976.3,1961.62,,,,,
C003,New Product Launch,08-07-2026,Google Ads,CUST01374,45-54,Male,10983,411,92,18,2017.91,47899.58,,,,,
C008,Year End Clearance,10-03-2026,Facebook,CUST00836,25-34,Female,6114,154,28,2,910.75,5424.45,,,,,
C008,Year End Clearance,01-02-2026,YouTube,CUST02274,25-34,Male,5605,181,18,1,950.81,1736.58,,,,,
C006,Weekend Flash Sale,28-03-2026,Instagram,CUST00210,35-44,Male,13193,535,84,17,1761.19,37483.39,,,,,
C006,Weekend Flash Sale,21-07-2026,Instagram,CUST01416,25-34,Male,7055,221,41,9,936.74,22992.9,,,,,
C001,Summer Sale,07-04-2026,Email,CUST00369,35-44,Female,8327,489,160,33,800,95099.27,,,,,
C004,Monsoon Offers,18-03-2026,Google Ads,CUST00939,45-54,Male,9072,516,117,18,1611.62,42493.51,,,,,
C001,Summer Sale,12-05-2026,YouTube,CUST00413,25-34,Female,12644,178,18,1,2213.73,1567.06,,,,,
C003,New Product Launch,18-03-2026,Instagram,CUST01352,45-54,Male,9444,355,69,8,1409.28,19951.77,,,,,
C004,Monsoon Offers,09-03-2026,Facebook,CUST00407,25-34,Male,11143,238,27,2,1392.78,3190.3,,,,,
C004,Monsoon Offers,06-01-2026,Google Ads,CUST01780,35-44,Female,6207,378,76,11,1346.73,16178.19,,,,,
C004,Monsoon Offers,03-05-2026,Email,CUST01413,18-24,Male,7171,338,106,19,800,43562.3,,,,,
C006,Weekend Flash Sale,06-05-2026,Instagram,CUST00051,45-54,Female,3041,81,17,3,800,6085.18,,,,,
C005,Back to College,15-04-2026,Instagram,CUST00913,35-44,Male,6021,160,26,5,972.42,7221.34,,,,,
C004,Monsoon Offers,05-08-2026,Email,CUST00169,25-34,Female,10958,690,216,41,800,110779.54,,,,,
C007,Diwali Mega Sale,20-02-2026,Google Ads,CUST01767,18-24,Male,14720,372,74,19,2827.81,37978.33,,,,,
C001,Summer Sale,02-07-2026,Instagram,CUST00855,55+,Male,8883,300,51,6,1653.42,7322.06,,,,,
C005,Back to College,26-08-2026,Facebook,CUST02302,25-34,Female,5022,162,28,3,800,5189.92,,,,,
C008,Year End Clearance,09-02-2026,Instagram,CUST00453,45-54,Male,10868,340,53,7,1778.69,16643.27,,,,,
C006,Weekend Flash Sale,24-06-2026,YouTube,CUST01757,55+,Female,6602,108,9,1,1303.35,1642.11,,,,,
C007,Diwali Mega Sale,29-06-2026,YouTube,CUST02422,18-24,Female,2988,73,10,3,800,4662.33,,,,,
C008,Year End Clearance,06-05-2026,Google Ads,CUST01710,35-44,Female,10928,301,62,10,2601.56,24472.8,,,,,
C005,Back to College,28-07-2026,Google Ads,CUST00871,45-54,Other,5682,318,73,19,1400.46,39075.69,,,,,
C003,New Product Launch,21-02-2026,Google Ads,CUST02378,25-34,Male,4446,207,47,11,1203.18,10949.65,,,,,
C005,Back to College,16-02-2026,Instagram,CUST01646,25-34,Female,14976,479,74,10,2530.08,19586.3,,,,,
C001,Summer Sale,13-01-2026,Google Ads,CUST00761,35-44,Male,14161,718,170,29,3719.91,43603.35,,,,,
C007,Diwali Mega Sale,12-04-2026,Email,CUST01336,45-54,Female,13110,696,188,54,800,177212.12,,,,,
C005,Back to College,28-07-2026,YouTube,CUST01073,18-24,Male,18034,424,56,7,3642.86,12629.54,,,,,
C005,Back to College,20-04-2026,YouTube,CUST00003,35-44,Female,10285,270,38,6,1682.92,10261.41,,,,,
C004,Monsoon Offers,27-07-2026,Email,CUST01534,18-24,Male,5263,331,101,15,800,29209.74,,,,,
C003,New Product Launch,27-05-2026,Facebook,CUST00803,18-24,Male,7779,177,20,2,1056.61,4401.25,,,,,
C005,Back to College,02-05-2026,Email,CUST00710,18-24,Female,17182,747,209,58,969.47,172246.72,,,,,
C004,Monsoon Offers,25-05-2026,Email,CUST02346,18-24,Female,3381,295,90,11,800,20226.27,,,,,
C008,Year End Clearance,29-07-2026,Google Ads,CUST01969,55+,Female,13265,650,142,30,2353.64,83499.57,,,,,
C003,New Product Launch,17-07-2026,Instagram,CUST00249,25-34,Male,11281,367,55,6,1744.44,8040.69,,,,,
C001,Summer Sale,06-07-2026,Email,CUST00245,45-54,Male,10888,673,209,40,800,73650.44,,,,,
C001,Summer Sale,29-01-2026,Email,CUST01485,35-44,Male,6398,301,91,15,800,43814.5,,,,,
C002,Festive Bonanza,02-08-2026,Facebook,CUST01346,35-44,Male,4694,81,11,0,800,0,,,,,
C001,Summer Sale,13-02-2026,Email,CUST01099,35-44,Female,15152,1081,323,56,800,130967.05,,,,,
C004,Monsoon Offers,16-01-2026,YouTube,CUST01913,45-54,Male,7406,170,27,3,1283.83,4907.24,,,,,
C002,Festive Bonanza,05-08-2026,Email,CUST00397,35-44,Female,15612,972,293,66,874.28,181249.6,,,,,
C007,Diwali Mega Sale,26-07-2026,Facebook,CUST00506,35-44,Male,10760,249,31,5,1172.31,10492.41,,,,,
C006,Weekend Flash Sale,25-05-2026,YouTube,CUST00656,18-24,Male,18623,426,62,5,3973.29,9109.63,,,,,
C005,Back to College,18-02-2026,Email,CUST01015,25-34,Female,8071,561,172,42,800,101075.61,,,,,
C007,Diwali Mega Sale,24-05-2026,Email,CUST00263,25-34,Female,9329,696,201,63,800,251771.91,,,,,
C002,Festive Bonanza,15-06-2026,Instagram,CUST01951,25-34,Male,19577,534,74,6,2972.31,15723.61,,,,,
C008,Year End Clearance,15-08-2026,Google Ads,CUST00192,45-54,Male,12699,467,100,12,2446.6,27160.28,,,,,
C005,Back to College,11-02-2026,Instagram,CUST02166,18-24,Male,10815,338,57,9,1283.93,14357.67,,,,,
C001,Summer Sale,28-02-2026,YouTube,CUST01175,55+,Female,5849,158,18,3,841.59,3633.37,,,,,
C002,Festive Bonanza,03-04-2026,Instagram,CUST01774,25-34,Other,4108,121,15,5,800,11166.83,,,,,
C004,Monsoon Offers,03-04-2026,Facebook,CUST00981,45-54,Male,16306,440,66,3,2158.51,4958.16,,,,,
C008,Year End Clearance,03-06-2026,Google Ads,CUST02203,55+,Female,44710,1285,282,50,7865.18,117835.19,,,,,
C007,Diwali Mega Sale,17-03-2026,Google Ads,CUST01842,25-34,Male,8532,456,112,26,1484.61,80881.84,,,,,
C005,Back to College,06-04-2026,Google Ads,CUST01149,18-24,Female,3976,234,40,5,962.66,10914.31,,,,,
C004,Monsoon Offers,10-07-2026,YouTube,CUST00833,35-44,Female,7539,160,22,1,1471.15,1148.49,,,,,
C006,Weekend Flash Sale,09-06-2026,Email,CUST01725,25-34,Other,5495,462,130,28,800,67024.03,,,,,
C003,New Product Launch,23-08-2026,Facebook,CUST00530,25-34,Male,8715,324,54,7,1424.13,14758.07,,,,,
C004,Monsoon Offers,24-08-2026,Instagram,CUST00564,25-34,Male,17443,382,64,5,2771.45,7223.25,,,,,
C005,Back to College,29-04-2026,Email,CUST01491,25-34,Female,15112,1128,343,76,943.82,186744.53,,,,,
C001,Summer Sale,26-03-2026,Facebook,CUST01836,25-34,Male,22325,441,60,4,3325.68,8293.25,,,,,
C004,Monsoon Offers,03-08-2026,Email,CUST02263,45-54,Male,7658,612,190,26,800,62641.83,,,,,
C002,Festive Bonanza,16-04-2026,Facebook,CUST02301,25-34,Female,15821,637,96,10,2296.21,16328.75,,,,,
C005,Back to College,06-03-2026,Facebook,CUST00958,55+,Female,10202,318,39,3,1132.49,5185.79,,,,,
C005,Back to College,15-02-2026,Google Ads,CUST01808,45-54,Male,10514,540,100,10,2949.52,24495.54,,,,,
C006,Weekend Flash Sale,04-08-2026,Google Ads,CUST01533,45-54,Female,10259,383,81,12,2056.71,21996.13,,,,,
C004,Monsoon Offers,30-05-2026,Facebook,CUST00501,18-24,Male,11189,341,46,3,1764.42,4456.52,,,,,
C005,Back to College,27-08-2026,Instagram,CUST00418,25-34,Female,6600,157,33,4,996.52,8311.15,,,,,
C004,Monsoon Offers,27-01-2026,YouTube,CUST00741,35-44,Female,15487,352,54,1,2620.66,1364.07,,,,,
C008,Year End Clearance,02-01-2026,Google Ads,CUST00815,18-24,Male,17774,605,132,22,4118.81,42285.05,,,,,
C003,New Product Launch,09-01-2026,Google Ads,CUST01949,25-34,Female,9171,226,51,13,2098.04,30953.88,,,,,
C006,Weekend Flash Sale,12-04-2026,Facebook,CUST01210,25-34,Female,3483,110,20,3,800,6561.69,,,,,
C003,New Product Launch,09-01-2026,Google Ads,CUST02166,45-54,Other,6831,275,85,17,1282.5,43555.72,,,,,
C003,New Product Launch,28-07-2026,Instagram,CUST00502,45-54,Male,3881,112,15,0,800,0,,,,,
C001,Summer Sale,08-04-2026,Instagram,CUST01567,45-54,Female,11570,402,62,6,1390.47,12140.91,,,,,
C001,Summer Sale,14-01-2026,Facebook,CUST00113,45-54,Female,9314,217,28,2,1421.5,3236.9,,,,,
C005,Back to College,10-01-2026,Email,CUST01315,25-34,Female,18156,1149,342,66,887.91,181133.32,,,,,
C007,Diwali Mega Sale,02-05-2026,Google Ads,CUST00293,45-54,Male,23535,1132,243,49,6327.72,135109.45,,,,,
C005,Back to College,01-06-2026,Google Ads,CUST00157,55+,Male,3009,105,27,7,800,16602.12,,,,,
C005,Back to College,10-08-2026,Instagram,CUST00398,18-24,Female,12631,364,51,6,1988.49,11482.79,,,,,
C008,Year End Clearance,05-03-2026,Facebook,CUST00131,25-34,Female,8372,259,34,4,1248.85,3684.09,,,,,
C005,Back to College,13-03-2026,Email,CUST00819,25-34,Male,3911,306,98,18,800,55471.87,,,,,
C002,Festive Bonanza,02-05-2026,Google Ads,CUST00229,35-44,Female,21823,754,155,31,5383.6,69383.14,,,,,
C005,Back to College,22-02-2026,Google Ads,CUST00669,18-24,Male,16047,864,199,44,3202.7,88869.38,,,,,
C001,Summer Sale,27-08-2026,Facebook,CUST01832,25-34,Male,9701,298,39,2,1295.28,3096.16,,,,,
C005,Back to College,15-08-2026,Google Ads,CUST01548,35-44,Female,9617,361,69,14,1884.46,43542.89,,,,,
C003,New Product Launch,15-03-2026,YouTube,CUST01915,35-44,Female,5509,155,21,2,859.27,3156.27,,,,,
C007,Diwali Mega Sale,25-04-2026,YouTube,CUST01878,45-54,Female,3608,83,11,1,800,2463.58,,,,,
C006,Weekend Flash Sale,05-04-2026,Facebook,CUST01420,25-34,Female,4598,131,13,2,800,3055.48,,,,,
C007,Diwali Mega Sale,25-02-2026,Instagram,CUST01623,45-54,Other,5652,165,25,6,880.87,16311.44,,,,,
C006,Weekend Flash Sale,06-02-2026,YouTube,CUST01377,25-34,Female,10355,240,22,1,2251.94,1750.64,,,,,
C002,Festive Bonanza,08-02-2026,Instagram,CUST00817,55+,Female,12891,536,84,15,1671.31,43558.51,,,,,
C005,Back to College,18-06-2026,Email,CUST00787,45-54,Female,4095,231,66,15,800,36864.23,,,,,
C005,Back to College,03-05-2026,Email,CUST00831,55+,Female,8383,584,145,21,800,64953.5,,,,,
C002,Festive Bonanza,19-06-2026,Google Ads,CUST00760,35-44,Female,10927,435,86,8,2764.61,15584.13,,,,,
C006,Weekend Flash Sale,21-03-2026,Google Ads,CUST01295,45-54,Male,6452,377,84,16,1620.3,40371.45,,,,,
C001,Summer Sale,05-07-2026,Google Ads,CUST01925,18-24,Female,3164,190,46,9,800,21488.19,,,,,
C003,New Product Launch,10-08-2026,Email,CUST00838,25-34,Female,3033,207,57,17,800,34313.1,,,,,
C007,Diwali Mega Sale,19-01-2026,Facebook,CUST01789,25-34,Female,13039,284,39,7,1593.48,9612.85,,,,,
C007,Diwali Mega Sale,07-02-2026,Google Ads,CUST01798,55+,Female,12567,593,113,30,3130.37,91410.55,,,,,
C007,Diwali Mega Sale,01-01-2026,Google Ads,CUST02406,35-44,Male,4868,233,47,5,940.84,15461.42,,,,,
C004,Monsoon Offers,05-01-2026,YouTube,CUST00979,35-44,Female,17823,513,66,8,3097.64,10333.6,,,,,
C006,Weekend Flash Sale,16-05-2026,Instagram,CUST02159,18-24,Other,8872,260,48,5,1080.43,14717.15,,,,,
C004,Monsoon Offers,12-05-2026,Google Ads,CUST02269,45-54,Male,4337,234,50,10,1119.13,24095.24,,,,,
C005,Back to College,09-03-2026,Google Ads,CUST00391,25-34,Male,8968,337,73,15,1866.55,28462.97,,,,,
C006,Weekend Flash Sale,19-04-2026,YouTube,CUST00999,55+,Female,10184,187,24,2,1755.47,3696.08,,,,,
C005,Back to College,28-02-2026,YouTube,CUST00117,25-34,Female,11325,342,45,5,1793.77,6996.44,,,,,
C003,New Product Launch,30-03-2026,Google Ads,CUST01549,45-54,Male,15251,694,152,22,3722.96,58164.26,,,,,
C002,Festive Bonanza,10-01-2026,Email,CUST01192,55+,Female,20616,1757,539,121,1068.28,325905.22,,,,,
C002,Festive Bonanza,15-05-2026,Email,CUST00080,35-44,Male,17249,1245,400,99,800,207580.26,,,,,
C002,Festive Bonanza,25-07-2026,Instagram,CUST00730,25-34,Female,3390,92,21,1,800,2461.96,,,,,
C001,Summer Sale,27-04-2026,Facebook,CUST00066,35-44,Female,8471,244,41,6,886.63,12138.34,,,,,
C003,New Product Launch,28-02-2026,Instagram,CUST00998,25-34,Female,18086,635,101,17,3338.97,27761.92,,,,,
C006,Weekend Flash Sale,16-07-2026,Instagram,CUST02193,55+,Female,7802,221,41,5,1172.35,9565.76,,,,,
C004,Monsoon Offers,20-08-2026,YouTube,CUST00695,25-34,Female,6782,211,27,4,1002.99,4672.65,,,,,
C006,Weekend Flash Sale,03-08-2026,Facebook,CUST01271,25-34,Female,6391,133,24,3,946,5978.64,,,,,
C005,Back to College,19-02-2026,Instagram,CUST01188,25-34,Male,12819,455,74,14,2046.17,25195.38,,,,,
C007,Diwali Mega Sale,29-06-2026,Email,CUST01961,35-44,Female,2456,112,29,13,800,40075.59,,,,,
C006,Weekend Flash Sale,27-07-2026,Email,CUST02337,45-54,Male,12067,855,246,62,800,140832.64,,,,,
C004,Monsoon Offers,29-03-2026,Facebook,CUST00672,25-34,Male,16840,470,64,11,2823.09,14280.87,,,,,
C003,New Product Launch,06-08-2026,YouTube,CUST01840,35-44,Male,30444,475,58,6,6481.49,15284.9,,,,,
C004,Monsoon Offers,05-04-2026,YouTube,CUST01180,35-44,Female,12645,263,25,4,2719.1,4611.55,,,,,
C002,Festive Bonanza,02-03-2026,YouTube,CUST01852,35-44,Male,7543,146,11,0,1202.74,0,,,,,
C005,Back to College,10-08-2026,YouTube,CUST02000,45-54,Male,7654,174,23,1,1370.63,1605.99,,,,,
C007,Diwali Mega Sale,02-01-2026,Instagram,CUST00399,25-34,Female,3668,181,24,3,800,6044.7,,,,,
C003,New Product Launch,14-02-2026,Email,CUST01980,18-24,Male,18326,1104,325,66,1007.92,124666.57,,,,,
C002,Festive Bonanza,30-06-2026,Facebook,CUST01955,45-54,Female,5795,194,28,2,921.56,4060.35,,,,,
C002,Festive Bonanza,16-07-2026,Instagram,CUST01630,18-24,Female,6235,207,31,4,972.73,10784.74,,,,,
C002,Festive Bonanza,26-07-2026,Google Ads,CUST00716,35-44,Male,17332,650,144,18,3010.04,46215,,,,,
C004,Monsoon Offers,11-03-2026,Email,CUST02460,25-34,Female,19088,1507,420,77,1061.99,109415.2,,,,,
C006,Weekend Flash Sale,02-07-2026,Facebook,CUST01896,35-44,Male,23849,695,106,17,3471.19,35257.13,,,,,
C003,New Product Launch,07-08-2026,Instagram,CUST00350,25-34,Male,8519,366,64,4,1247.92,10890.17,,,,,
C007,Diwali Mega Sale,22-03-2026,Instagram,CUST00160,18-24,Male,7790,225,31,2,1445.46,5274.77,,,,,
C008,Year End Clearance,07-01-2026,Email,CUST00286,18-24,Female,5839,364,123,21,800,54598.96,,,,,
C002,Festive Bonanza,18-04-2026,Email,CUST01205,25-34,Male,16252,1134,341,80,800,,,,,,
C005,Back to College,17-07-2026,Facebook,CUST00609,25-34,Female,18435,602,77,7,2055.99,13531.27,,,,,
C001,Summer Sale,04-03-2026,Google Ads,CUST00010,35-44,Female,6497,314,70,14,1642.28,26695.39,,,,,
C002,Festive Bonanza,09-04-2026,Facebook,CUST00265,45-54,Female,23919,606,74,9,3403.63,13964.88,,,,,
C007,Diwali Mega Sale,24-07-2026,Instagram,CUST00936,35-44,Female,7707,203,34,2,1074.56,4447.51,,,,,
C008,Year End Clearance,16-03-2026,Instagram,CUST00017,35-44,Male,19747,741,110,16,3408.3,34911.41,,,,,
C004,Monsoon Offers,05-01-2026,Instagram,CUST01770,25-34,Female,18283,449,78,5,2468.54,7260.82,,,,,
C004,Monsoon Offers,03-02-2026,Instagram,CUST00946,45-54,Female,9312,323,51,2,1642.77,2296.99,,,,,
C004,Monsoon Offers,11-07-2026,Facebook,CUST01821,25-34,Male,14752,376,47,3,2073.73,3110.52,,,,,
C006,Weekend Flash Sale,22-08-2026,Email,CUST02240,45-54,Male,29953,1499,454,112,1266.32,317153.25,,,,,
C006,Weekend Flash Sale,27-03-2026,Facebook,CUST02240,45-54,Female,6061,193,27,2,812.88,3445.75,,,,,
C006,Weekend Flash Sale,03-08-2026,Google Ads,CUST01846,18-24,Male,9267,290,71,18,1796.46,42862.05,,,,,
C007,Diwali Mega Sale,23-05-2026,Google Ads,CUST00079,25-34,Female,18659,858,157,33,4106.1,76596.03,,,,,
C004,Monsoon Offers,05-02-2026,Google Ads,CUST02262,25-34,Male,4494,168,29,6,800,13429.64,,,,,
C001,Summer Sale,05-02-2026,Google Ads,CUST00419,25-34,Male,5285,173,26,2,1294.29,4477.43,,,,,
C008,Year End Clearance,21-01-2026,Email,CUST01379,18-24,Female,14823,988,322,72,800,269587.25,,,,,
C008,Year End Clearance,02-02-2026,Email,CUST02461,45-54,Female,10437,628,190,46,800,138695.65,,,,,
C008,Year End Clearance,04-02-2026,YouTube,CUST01738,45-54,Female,16786,485,51,4,2617.41,5186.58,,,,,
C008,Year End Clearance,27-07-2026,Instagram,CUST01249,18-24,Female,8732,299,48,9,1326.59,21981.16,,,,,
C006,Weekend Flash Sale,12-08-2026,YouTube,CUST00296,18-24,Male,10358,321,38,2,1832.83,3900.57,,,,,
C002,Festive Bonanza,01-05-2026,Facebook,CUST01225,25-34,Male,11419,282,34,4,1289.78,9458.99,,,,,
C006,Weekend Flash Sale,03-03-2026,Instagram,CUST00161,55+,Male,7746,266,40,4,1168.14,11128.09,,,,,
C006,Weekend Flash Sale,13-04-2026,Instagram,CUST01300,18-24,Male,7555,255,35,3,1159.44,7417.69,,,,,
C008,Year End Clearance,26-06-2026,Facebook,CUST00128,25-34,Male,4037,97,19,0,800,0,,,,,
C005,Back to College,22-03-2026,Email,CUST00498,35-44,Female,16965,958,289,68,865.17,161187.11,,,,,
C002,Festive Bonanza,14-07-2026,Google Ads,CUST02309,45-54,Male,5797,267,61,10,1250.94,27321.99,,,,,
C005,Back to College,18-08-2026,Google Ads,CUST01387,35-44,Male,9546,503,114,19,1699.83,49414.24,,,,,
C002,Festive Bonanza,31-05-2026,Instagram,CUST00168,45-54,Male,3499,112,13,2,800,4079.85,,,,,
C002,Festive Bonanza,01-05-2026,Email,CUST00497,25-34,Female,10787,847,237,74,800,192313.19,,,,,
C008,Year End Clearance,09-07-2026,Facebook,CUST01309,18-24,Male,6911,203,21,3,800,4958.97,,,,,
C004,Monsoon Offers,20-03-2026,Facebook,CUST01582,18-24,Male,15564,415,60,2,1885.24,3356.01,,,,,
C008,Year End Clearance,29-04-2026,Google Ads,CUST01166,25-34,Female,15215,668,140,23,3719.2,76078.69,,,,,
C005,Back to College,12-05-2026,Instagram,CUST00408,18-24,Male,6823,260,34,7,971.25,12819.13,,,,,
C008,Year End Clearance,23-03-2026,Google Ads,CUST02192,25-34,Male,11538,477,103,14,3023.1,33851.38,,,,,
C001,Summer Sale,02-02-2026,Google Ads,CUST00102,18-24,Male,7561,215,41,3,1422.55,6262.62,,,,,
C001,Summer Sale,15-06-2026,Email,CUST02488,25-34,Male,6745,462,129,19,800,41099.91,,,,,
C004,Monsoon Offers,23-01-2026,Google Ads,CUST01180,35-44,Male,4977,214,59,8,1230.72,14463.96,,,,,
C003,New Product Launch,06-05-2026,Instagram,CUST00496,18-24,Male,5095,167,31,4,889.34,4389.01,,,,,
C005,Back to College,12-03-2026,YouTube,CUST01366,55+,Female,24192,419,56,7,3334.23,11752.31,,,,,
C002,Festive Bonanza,28-05-2026,Instagram,CUST00262,18-24,Male,9451,235,45,4,1695.97,6780.82,,,,,
C002,Festive Bonanza,05-02-2026,Google Ads,CUST00067,35-44,Male,2208,74,18,5,800,7062.97,,,,,
C005,Back to College,07-08-2026,Facebook,CUST02032,45-54,Male,11758,292,43,10,1700.32,21362.14,,,,,
C003,New Product Launch,01-06-2026,YouTube,CUST01801,25-34,Male,7659,128,20,1,1098.75,1507.06,,,,,
C005,Back to College,12-06-2026,Email,CUST00436,25-34,Female,10704,700,186,52,800,170294.41,,,,,
C001,Summer Sale,04-07-2026,Google Ads,CUST01521,18-24,Male,3964,185,47,12,996.06,18213.83,,,,,
C002,Festive Bonanza,03-06-2026,Email,CUST00561,25-34,Male,11306,628,180,42,800,86779.17,,,,,
C008,Year End Clearance,27-02-2026,Google Ads,CUST00088,35-44,Male,5954,388,89,14,1446.88,37345.02,,,,,
C001,Summer Sale,26-05-2026,YouTube,CUST00344,45-54,Male,7861,257,35,3,1088.55,4149.73,,,,,
C006,Weekend Flash Sale,07-06-2026,Facebook,CUST00970,35-44,Female,6640,171,24,3,800,6086.19,,,,,
C008,Year End Clearance,13-01-2026,YouTube,CUST00978,35-44,Male,3461,87,12,2,800,3907.5,,,,,
C003,New Product Launch,02-03-2026,Facebook,CUST01142,25-34,Male,8138,224,35,6,1231.03,11004.71,,,,,
C007,Diwali Mega Sale,01-02-2026,Email,CUST00235,25-34,Male,5056,312,110,31,800,141612.84,,,,,
C005,Back to College,27-07-2026,Email,CUST01960,25-34,Male,7416,384,110,18,800,49971.78,,,,,
C001,Summer Sale,12-05-2026,YouTube,CUST00587,45-54,Male,7759,147,17,1,1733.39,1444.1,,,,,
C006,Weekend Flash Sale,23-02-2026,Facebook,CUST00307,18-24,Female,4246,129,15,4,800,10468.24,,,,,
C003,New Product Launch,22-07-2026,Instagram,CUST00489,18-24,Female,7438,305,56,3,932.74,5134.67,,,,,
C004,Monsoon Offers,27-07-2026,Instagram,CUST00189,35-44,Female,11767,434,85,12,1964.98,13767.2,,,,,
C008,Year End Clearance,09-03-2026,Instagram,CUST00822,25-34,Female,8022,244,34,2,1029.43,3450.05,,,,,
C005,Back to College,21-06-2026,YouTube,CUST02102,25-34,Male,5034,98,17,1,862.46,1622.71,,,,,
C006,Weekend Flash Sale,31-07-2026,Google Ads,CUST01150,55+,Female,6344,309,63,3,1498.8,9191.95,,,,,
C001,Summer Sale,05-05-2026,Google Ads,CUST00800,18-24,Female,8582,457,113,30,2360.87,74397.25,,,,,
C003,New Product Launch,11-05-2026,YouTube,CUST02465,25-34,Other,3192,41,4,0,800,0,,,,,
C005,Back to College,18-08-2026,Facebook,CUST01375,45-54,Female,10990,277,43,4,1574.58,10253.53,,,,,
C004,Monsoon Offers,01-08-2026,Instagram,CUST01715,35-44,Female,21184,803,122,11,3779.59,12325.03,,,,,
C006,Weekend Flash Sale,07-04-2026,Email,CUST00069,45-54,Male,13325,801,239,63,800,160646.11,,,,,
C003,New Product Launch,21-07-2026,YouTube,CUST02165,55+,Male,25149,657,73,5,4729.1,5639.77,,,,,
C002,Festive Bonanza,26-07-2026,YouTube,CUST00676,25-34,Female,7906,181,24,5,1403.58,11066.53,,,,,
C002,Festive Bonanza,21-04-2026,Google Ads,CUST01089,25-34,Male,13196,597,135,27,3564.79,61772.06,,,,,
C005,Back to College,07-01-2026,Instagram,CUST02035,35-44,Female,24212,1183,177,21,3150.36,41277.94,,,,,
C002,Festive Bonanza,18-02-2026,Instagram,CUST02096,25-34,Female,7574,259,51,10,1183.66,16676.65,,,,,
C001,Summer Sale,10-04-2026,Google Ads,CUST00330,35-44,Male,6608,296,57,5,1260.59,7971.58,,,,,
C003,New Product Launch,28-06-2026,Instagram,CUST01909,25-34,Female,7421,183,24,4,899.95,6871.85,,,,,
C003,New Product Launch,17-08-2026,Instagram,CUST00278,25-34,Male,11098,311,51,4,1848.75,8265.22,,,,,
C007,Diwali Mega Sale,03-03-2026,Instagram,CUST00570,18-24,Male,12063,453,62,11,2090.63,13659.33,,,,,
C008,Year End Clearance,14-03-2026,Instagram,CUST01921,18-24,Female,14056,445,83,14,2057.58,22707.48,,,,,
C005,Back to College,27-03-2026,YouTube,CUST02213,35-44,Female,11191,380,41,6,1627.17,11866.8,,,,,
C006,Weekend Flash Sale,24-01-2026,YouTube,CUST01272,55+,Other,10593,175,24,2,1863.35,5600.71,,,,,
C004,Monsoon Offers,29-06-2026,Email,CUST01993,45-54,Male,6556,456,135,20,800,44417.08,,,,,
C002,Festive Bonanza,04-03-2026,Email,CUST01805,45-54,Male,16990,785,227,58,979.59,147259.98,,,,,
C005,Back to College,10-08-2026,YouTube,CUST00120,55+,Male,8213,215,19,2,1145.48,4582.45,,,,,
C002,Festive Bonanza,14-06-2026,Instagram,CUST02456,18-24,Female,16492,582,81,10,2909.12,21630.2,,,,,
C007,Diwali Mega Sale,14-08-2026,Email,CUST02385,18-24,Female,10621,767,219,60,800,239039.37,,,,,
C001,Summer Sale,07-07-2026,Email,CUST02164,35-44,Female,9776,457,121,28,800,99550.72,,,,,
C006,Weekend Flash Sale,07-04-2026,YouTube,CUST01815,45-54,Female,6723,146,21,3,1496.98,4919.77,,,,,
C002,Festive Bonanza,28-04-2026,YouTube,CUST01266,25-34,Female,6883,85,12,1,1329.4,1244.21,,,,,
C004,Monsoon Offers,12-05-2026,Google Ads,CUST01043,25-34,Female,19107,1067,243,41,4023.35,63427.08,,,,,
C001,Summer Sale,28-08-2026,Instagram,CUST00734,25-34,Female,2417,100,20,1,800,2576.65,,,,,
C007,Diwali Mega Sale,23-06-2026,Email,CUST02295,25-34,Female,1816,116,40,6,800,23821.93,,,,,
C006,Weekend Flash Sale,28-02-2026,YouTube,CUST00177,25-34,Female,2993,77,8,2,800,2962.95,,,,,
C004,Monsoon Offers,17-07-2026,Facebook,CUST00006,35-44,Male,9438,226,36,5,993.95,7985.38,,,,,
C006,Weekend Flash Sale,20-03-2026,Facebook,CUST01191,45-54,Male,5969,191,20,2,867.16,2767.75,,,,,
C004,Monsoon Offers,10-02-2026,Instagram,CUST00901,45-54,Male,7831,222,37,4,883.58,8259.73,,,,,
C002,Festive Bonanza,29-03-2026,YouTube,CUST01363,45-54,Female,4645,78,10,0,890.88,0,,,,,
C003,New Product Launch,17-03-2026,Instagram,CUST02353,18-24,Female,18772,659,107,14,2519.02,25306.01,,,,,
C001,Summer Sale,13-03-2026,Facebook,CUST00206,18-24,Male,9577,295,45,3,1496.05,5604.89,,,,,
C008,Year End Clearance,08-06-2026,Email,CUST02109,45-54,Male,9054,419,125,28,800,60102.86,,,,,
C007,Diwali Mega Sale,18-02-2026,Facebook,CUST01447,35-44,Male,5508,207,24,3,800,7921.52,,,,,
C003,New Product Launch,28-01-2026,Instagram,CUST01784,35-44,Male,7308,172,25,2,867.33,1785.06,,,,,
C003,New Product Launch,18-02-2026,YouTube,CUST01272,45-54,Other,10428,197,26,2,1543.63,3692.27,,,,,
C008,Year End Clearance,12-05-2026,Google Ads,CUST00376,35-44,Female,14861,786,166,34,2737.62,85646.27,,,,,
C002,Festive Bonanza,14-08-2026,YouTube,CUST01702,18-24,Female,22383,551,80,8,3264.76,13547.57,,,,,
C003,New Product Launch,07-05-2026,Google Ads,CUST01095,25-34,Female,11081,342,73,13,2684.95,27879.88,,,,,
C004,Monsoon Offers,01-05-2026,Instagram,CUST02466,35-44,Male,8807,286,37,3,1541.39,5297.85,,,,,
C002,Festive Bonanza,21-06-2026,Instagram,CUST00282,35-44,Male,10829,349,55,7,1909.6,15482,,,,,
C002,Festive Bonanza,01-01-2026,Instagram,CUST01228,25-34,Male,8901,392,73,9,1549.84,26352.8,,,,,
C003,New Product Launch,06-01-2026,Facebook,CUST02225,25-34,Female,11196,356,46,7,1323.33,12309,,,,,
C004,Monsoon Offers,27-01-2026,Instagram,CUST02257,18-24,Female,8969,213,33,5,1406.47,6944.09,,,,,
C004,Monsoon Offers,27-01-2026,Instagram,CUST00829,45-54,Male,16671,602,96,6,3048.49,9542.82,,,,,
C003,New Product Launch,31-01-2026,Google Ads,CUST00521,25-34,Other,16870,832,183,31,4829.82,67817.57,,,,,
C004,Monsoon Offers,12-08-2026,Google Ads,CUST02446,35-44,Male,16804,547,119,20,3169.06,54299.33,,,,,
C002,Festive Bonanza,27-04-2026,YouTube,CUST02219,18-24,Male,15720,342,30,6,2288.46,13399.4,,,,,
C008,Year End Clearance,09-03-2026,Facebook,CUST00730,55+,Female,8434,147,13,2,1055.46,3984,,,,,
C004,Monsoon Offers,12-08-2026,Email,CUST00417,55+,Male,7590,581,194,32,800,73716.36,,,,,
C007,Diwali Mega Sale,25-04-2026,Instagram,CUST00321,45-54,Male,4909,154,14,3,843.99,7598.04,,,,,
C002,Festive Bonanza,14-04-2026,Google Ads,CUST00388,25-34,Male,7175,257,53,12,1916.98,28618.29,,,,,
C004,Monsoon Offers,06-06-2026,Email,CUST02365,25-34,Male,2525,137,42,4,800,9219.19,,,,,
C004,Monsoon Offers,03-06-2026,YouTube,CUST00368,18-24,Female,4910,97,10,1,844.67,1317.44,,,,,
C002,Festive Bonanza,03-01-2026,Instagram,CUST00776,35-44,Female,23113,745,133,23,2804.7,62317.2,,,,,
C004,Monsoon Offers,19-03-2026,YouTube,CUST00332,35-44,Male,4694,103,18,2,800,3283.53,,,,,
C001,Summer Sale,06-06-2026,Email,CUST02051,25-34,Male,10583,395,107,27,800,43721.26,,,,,
C008,Year End Clearance,28-04-2026,Instagram,CUST00698,35-44,Male,4585,166,39,5,800,9635.75,,,,,
C002,Festive Bonanza,27-01-2026,Google Ads,CUST01442,45-54,Female,8970,483,100,16,2126.97,55191.64,,,,,
C003,New Product Launch,30-03-2026,Google Ads,CUST02100,25-34,Male,12909,533,114,23,2508.95,55540.43,,,,,
C007,Diwali Mega Sale,06-04-2026,Instagram,CUST01543,18-24,Female,6001,252,34,5,981.52,12310.73,,,,,
C003,New Product Launch,16-03-2026,Instagram,CUST00744,45-54,Other,31601,725,114,13,4215.97,22705.52,,,,,
C005,Back to College,03-05-2026,Instagram,CUST00037,25-34,Male,7559,232,34,6,1044.71,10497.77,,,,,
C004,Monsoon Offers,06-06-2026,Email,CUST00357,25-34,Female,12280,773,220,36,800,132078.12,,,,,
C002,Festive Bonanza,04-08-2026,YouTube,CUST01309,35-44,Male,5394,82,8,2,1148.72,3198.02,,,,,
C008,Year End Clearance,19-07-2026,Instagram,CUST00041,35-44,Female,7591,242,41,4,876.72,9022.07,,,,,
C002,Festive Bonanza,31-01-2026,Facebook,CUST02478,35-44,Male,6037,219,23,3,908.44,6291.2,,,,,
C001,Summer Sale,03-08-2026,Google Ads,CUST00434,25-34,Female,9567,407,96,17,2501.5,46221.65,,,,,
C005,Back to College,21-02-2026,Email,CUST01965,25-34,Female,11466,718,215,43,800,89657.73,,,,,
C004,Monsoon Offers,19-07-2026,Email,CUST02361,35-44,Male,8735,385,127,22,800,42879.3,,,,,
C006,Weekend Flash Sale,13-05-2026,Facebook,CUST02484,45-54,Male,6865,196,22,3,1155.1,6000.88,,,,,
C004,Monsoon Offers,16-01-2026,Email,CUST02275,25-34,Female,7889,527,137,18,800,40602.17,,,,,
C005,Back to College,14-02-2026,YouTube,CUST00143,45-54,Male,7549,195,30,2,1100.18,4642.68,,,,,
C003,New Product Launch,24-07-2026,Facebook,CUST01560,35-44,Male,6202,235,42,5,804.41,11363.04,,,,,
C005,Back to College,23-04-2026,Email,CUST01840,35-44,Male,4435,350,117,23,800,26710.12,,,,,
C001,Summer Sale,12-04-2026,Instagram,CUST02111,18-24,Male,12037,420,74,16,1376.85,16004.17,,,,,
C008,Year End Clearance,20-04-2026,Email,CUST02433,35-44,Male,7836,618,187,41,800,134244.32,,,,,
C001,Summer Sale,17-04-2026,Instagram,CUST01826,25-34,Female,8240,251,55,10,1352.11,21906.71,,,,,
C008,Year End Clearance,25-05-2026,YouTube,CUST01915,55+,Female,21521,545,68,5,3541.27,8355.84,,,,,
C001,Summer Sale,31-01-2026,Facebook,CUST01401,25-34,Male,13630,252,35,2,1541.62,4620.59,,,,,
C007,Diwali Mega Sale,03-01-2026,YouTube,CUST01495,18-24,Male,27715,720,89,15,5440.22,20730.39,,,,,
C005,Back to College,27-07-2026,Instagram,CUST00071,25-34,Male,4464,214,38,8,800,11914.98,,,,,
C002,Festive Bonanza,18-04-2026,YouTube,CUST01509,45-54,Male,10699,228,28,0,1509.58,0,,,,,
C003,New Product Launch,03-07-2026,Email,CUST01002,55+,Male,9475,527,170,33,800,76149.21,,,,,
C007,Diwali Mega Sale,22-07-2026,Facebook,CUST01695,45-54,Female,13890,380,51,11,2249.01,15734.62,,,,,
C007,Diwali Mega Sale,23-07-2026,Email,CUST01464,35-44,Female,7022,399,133,31,800,78295.15,,,,,
C003,New Product Launch,02-03-2026,Google Ads,CUST01155,35-44,Male,12995,748,160,28,2517.37,65543.85,,,,,
C008,Year End Clearance,07-06-2026,Google Ads,CUST00489,55+,Male,28744,1241,265,38,6916.08,67226.58,,,,,
C005,Back to College,25-02-2026,Facebook,CUST02003,35-44,Female,4705,144,23,4,800,7724.3,,,,,
C003,New Product Launch,12-08-2026,Facebook,CUST01398,35-44,Male,2992,93,17,2,800,4460.33,,,,,
C008,Year End Clearance,06-02-2026,Google Ads,CUST01808,45-54,Male,2821,153,30,3,800,5967.49,,,,,
C005,Back to College,22-06-2026,Instagram,CUST02472,18-24,Female,4138,106,21,2,800,4866.6,,,,,
C004,Monsoon Offers,07-08-2026,Email,CUST02095,55+,Female,12044,652,199,39,800,69321.66,,,,,
C006,Weekend Flash Sale,26-08-2026,YouTube,CUST01300,18-24,Male,2132,37,1,0,800,0,,,,,
C006,Weekend Flash Sale,08-01-2026,Instagram,CUST00840,25-34,Male,16502,415,67,8,2767.97,17082.55,,,,,
C002,Festive Bonanza,26-08-2026,Email,CUST00756,18-24,Male,5276,467,129,28,800,112667.42,,,,,
C008,Year End Clearance,15-04-2026,Google Ads,CUST01719,25-34,Female,7905,233,53,10,2083.44,25839.15,,,,,
C002,Festive Bonanza,11-03-2026,Instagram,CUST01257,18-24,Female,7228,197,34,3,1141.18,6529.71,,,,,
C004,Monsoon Offers,09-01-2026,Google Ads,CUST00765,45-54,Female,9090,346,73,10,1684.8,21591.19,,,,,
C001,Summer Sale,10-08-2026,Instagram,CUST01980,25-34,Female,8173,284,43,6,929.04,12487.96,,,,,
C004,Monsoon Offers,12-04-2026,Instagram,CUST00630,55+,Male,6678,225,33,1,998.64,1335.93,,,,,
C003,New Product Launch,30-03-2026,Email,CUST01020,45-54,Male,4817,353,110,29,800,67232.76,,,,,
C001,Summer Sale,17-08-2026,YouTube,CUST02235,25-34,Female,7362,197,15,0,1582.12,0,,,,,
C004,Monsoon Offers,05-03-2026,Facebook,CUST01175,18-24,Female,6464,172,18,1,996.01,900.89,,,,,
C002,Festive Bonanza,20-04-2026,Instagram,CUST00786,25-34,Male,4009,169,35,7,800,17810.35,,,,,
C002,Festive Bonanza,08-05-2026,Instagram,CUST01775,25-34,Female,12676,497,84,15,1807.44,27135.48,,,,,
C004,Monsoon Offers,06-06-2026,YouTube,CUST01571,45-54,Male,14160,380,41,3,2594.34,6090.16,,,,,
C001,Summer Sale,11-02-2026,Instagram,CUST02034,25-34,Female,4998,142,21,2,830.19,2307.41,,,,,
C008,Year End Clearance,07-06-2026,Facebook,CUST00402,18-24,Other,12369,302,39,8,1960.1,14208.03,,,,,
C006,Weekend Flash Sale,23-04-2026,Google Ads,CUST01072,35-44,Male,12803,649,149,35,2271.04,105454.26,,,,,
C005,Back to College,05-08-2026,Email,CUST00294,35-44,Male,12274,637,197,42,800,112980.05,,,,,
C006,Weekend Flash Sale,10-01-2026,Google Ads,CUST00315,55+,Female,7237,341,71,15,1835.38,25944.45,,,,,
C006,Weekend Flash Sale,14-08-2026,Email,CUST00354,18-24,Male,12743,706,227,51,800,140693.76,,,,,
C004,Monsoon Offers,07-08-2026,Instagram,CUST01652,45-54,Male,8093,281,36,2,1307.23,2200.26,,,,,
C008,Year End Clearance,01-05-2026,Instagram,CUST00725,45-54,Female,9287,193,40,7,1698.04,19571.3,,,,,
C005,Back to College,30-04-2026,Facebook,CUST00214,18-24,Female,15296,516,84,15,2380.18,29740.66,,,,,
C007,Diwali Mega Sale,23-02-2026,Email,CUST01450,55+,Male,13587,682,182,46,800,159153.77,,,,,
C005,Back to College,21-05-2026,Email,CUST02384,25-34,Female,5531,333,95,22,800,62432.8,,,,,
C003,New Product Launch,18-08-2026,Google Ads,CUST01467,35-44,Male,18564,711,174,19,3509.52,45529.46,,,,,
C004,Monsoon Offers,20-07-2026,Google Ads,CUST00835,18-24,Female,4524,237,46,7,800,11123.3,,,,,
C001,Summer Sale,19-01-2026,Facebook,CUST01277,25-34,Female,12250,422,60,5,1673.43,10968.37,,,,,
C002,Festive Bonanza,23-08-2026,YouTube,CUST02490,18-24,Female,11297,189,20,3,1551.9,5506.84,,,,,
C006,Weekend Flash Sale,19-04-2026,Facebook,CUST01415,18-24,Male,6892,244,28,2,800,3012.02,,,,,
C005,Back to College,23-05-2026,Instagram,CUST00214,25-34,Female,8572,259,52,6,1091.05,14178.72,,,,,
C001,Summer Sale,04-08-2026,Google Ads,CUST00502,25-34,Male,2631,129,24,5,800,8115.01,,,,,
C008,Year End Clearance,22-07-2026,Instagram,CUST02231,18-24,Male,17725,493,80,13,2723.55,23548.88,,,,,
C008,Year End Clearance,11-03-2026,Email,CUST00745,18-24,Male,6620,416,130,24,800,49675.74,,,,,
C007,Diwali Mega Sale,09-05-2026,Email,CUST01299,45-54,Male,7156,354,123,31,800,111887.86,,,,,
C006,Weekend Flash Sale,06-06-2026,Email,CUST00839,35-44,Female,16399,1371,408,88,800,243150.16,,,,,
C007,Diwali Mega Sale,04-05-2026,Email,CUST00187,55+,Female,6243,412,109,25,800,74536.19,,,,,
C005,Back to College,23-08-2026,YouTube,CUST02142,35-44,Female,7011,143,17,2,1406.55,4100.79,,,,,
C005,Back to College,23-04-2026,YouTube,CUST01637,25-34,Female,8706,205,32,4,1288.78,8531.3,,,,,
C006,Weekend Flash Sale,18-01-2026,Email,CUST02188,18-24,Female,14859,693,205,47,800,119404.09,,,,,
C008,Year End Clearance,31-07-2026,Instagram,CUST02004,25-34,Female,16418,431,66,5,2970.21,11485.98,,,,,
C005,Back to College,21-03-2026,YouTube,CUST02327,35-44,Female,7017,104,9,2,1112.1,4692.14,,,,,
C005,Back to College,25-06-2026,YouTube,CUST00761,35-44,Male,15301,343,46,4,2114.92,9275.7,,,,,
C007,Diwali Mega Sale,04-03-2026,Instagram,CUST00007,35-44,Male,10915,367,64,9,1757.21,19369.56,,,,,
C003,New Product Launch,23-07-2026,Google Ads,CUST01949,55+,Male,24280,1276,251,33,6679.93,87579.78,,,,,
C008,Year End Clearance,19-05-2026,YouTube,CUST02251,25-34,Male,4075,116,10,1,801.74,1483.3,,,,,
C006,Weekend Flash Sale,07-03-2026,Google Ads,CUST01294,18-24,Female,6816,273,48,9,1922.21,29374.64,,,,,
C002,Festive Bonanza,08-05-2026,Instagram,CUST00433,55+,Female,9272,240,30,5,1057.78,6562.85,,,,,
C004,Monsoon Offers,20-02-2026,YouTube,CUST01690,18-24,Female,3852,79,10,0,800,0,,,,,
C004,Monsoon Offers,27-02-2026,Facebook,CUST02328,35-44,Female,11993,369,51,5,1902.06,8352.2,,,,,
C005,Back to College,20-03-2026,Instagram,CUST01268,18-24,Other,19554,546,85,12,3088.91,17429.83,,,,,
C005,Back to College,14-04-2026,Facebook,CUST01067,25-34,Female,6842,202,30,1,800,2449.07,,,,,
C003,New Product Launch,14-04-2026,Instagram,CUST01757,35-44,Female,9641,261,37,3,1675.64,6377.08,,,,,
C007,Diwali Mega Sale,11-07-2026,Facebook,CUST02444,25-34,Male,11619,297,53,6,1787.78,17448.94,,,,,
C003,New Product Launch,25-02-2026,Instagram,CUST01773,35-44,Female,14445,476,72,14,2512.41,28855.58,,,,,
C002,Festive Bonanza,22-08-2026,Facebook,CUST01823,25-34,Female,13106,322,47,7,2018.57,14751.19,,,,,
C004,Monsoon Offers,11-06-2026,Google Ads,CUST02246,25-34,Female,6407,392,82,17,1410.47,22944.53,,,,,
C006,Weekend Flash Sale,29-08-2026,Instagram,CUST00965,45-54,Female,15218,466,82,9,2574.68,16686.02,,,,,
C004,Monsoon Offers,14-05-2026,Instagram,CUST01010,25-34,Female,11375,293,63,5,1287.84,6941.05,,,,,
C005,Back to College,05-02-2026,YouTube,CUST01413,18-24,Unknown,14939,331,45,2,2301.36,5259.84,,,,,
C005,Back to College,18-05-2026,Email,CUST01530,45-54,Male,11867,755,241,43,800,105553.27,,,,,
C003,New Product Launch,13-02-2026,Instagram,CUST01909,35-44,Female,5465,196,38,3,800,7665.96,,,,,
C001,Summer Sale,06-03-2026,Email,CUST01217,25-34,Male,13551,804,249,50,800,208913.45,,,,,
C008,Year End Clearance,01-08-2026,Google Ads,CUST00610,25-34,Female,11987,695,159,23,3082.16,59602.55,,,,,
C001,Summer Sale,08-04-2026,Instagram,CUST02437,45-54,Female,6282,236,41,4,1083.02,7282.31,,,,,
C005,Back to College,30-05-2026,Email,CUST00581,25-34,Male,2515,185,56,16,800,28374.96,,,,,
C003,New Product Launch,30-01-2026,Facebook,CUST01206,25-34,Female,5085,158,20,2,800,2060.65,,,,,
C001,Summer Sale,31-07-2026,Facebook,CUST00575,45-54,Male,12118,311,46,2,1411.39,4417.66,,,,,
C001,Summer Sale,10-08-2026,Google Ads,CUST00013,18-24,Male,8215,398,79,10,1633.56,15841.99,,,,,
C002,Festive Bonanza,10-06-2026,Email,CUST02478,18-24,Female,15862,1191,395,104,800,344492.16,,,,,
C002,Festive Bonanza,09-05-2026,Google Ads,CUST01696,25-34,Female,9937,530,116,27,2006.89,97022.7,,,,,
C001,Summer Sale,11-01-2026,Instagram,CUST01923,25-34,Male,6216,194,49,3,912.75,4433.68,,,,,
C002,Festive Bonanza,10-01-2026,Google Ads,CUST00144,45-54,Female,8090,394,95,16,1899.09,45821.39,,,,,
C006,Weekend Flash Sale,29-05-2026,Facebook,CUST02385,18-24,Male,14089,440,63,10,1590.2,26536.96,,,,,
C004,Monsoon Offers,01-04-2026,YouTube,CUST02118,25-34,Female,6783,173,18,3,1395.1,4083.78,,,,,
C001,Summer Sale,14-07-2026,Facebook,CUST00246,35-44,Male,11121,276,33,4,1434.74,7329,,,,,
C003,New Product Launch,26-08-2026,Email,CUST01199,25-34,Female,12352,687,205,42,842.77,107318.03,,,,,
C004,Monsoon Offers,14-07-2026,Google Ads,CUST00291,25-34,Other,8606,328,71,11,2235.49,24762.06,,,,,
C004,Monsoon Offers,05-01-2026,Google Ads,CUST01717,55+,Male,27163,1332,286,32,6636.03,84620.64,,,,,
C005,Back to College,05-02-2026,Facebook,CUST01146,18-24,Other,6892,188,27,2,1135.34,4983.53,,,,,
C001,Summer Sale,18-04-2026,Google Ads,CUST01712,45-54,Female,14237,615,127,22,2908.08,39910.1,,,,,
C001,Summer Sale,01-01-2026,Google Ads,CUST00876,18-24,Male,11408,409,73,18,2480.03,33029.42,,,,,
C006,Weekend Flash Sale,18-03-2026,Google Ads,CUST01153,35-44,Female,6626,316,62,14,1481.89,32470.18,,,,,
C007,Diwali Mega Sale,23-07-2026,Instagram,CUST01515,25-34,Male,14085,379,50,15,2454.1,52283.91,,,,,
C003,New Product Launch,12-07-2026,Instagram,CUST02023,55+,Male,5293,149,18,3,930.46,6460.76,,,,,
C004,Monsoon Offers,18-06-2026,Email,CUST01393,45-54,Male,13027,1025,299,51,800,134538.99,,,,,
C003,New Product Launch,04-08-2026,Instagram,CUST00714,25-34,Female,12895,384,80,6,2417.77,11385.33,,,,,
C002,Festive Bonanza,31-08-2026,Google Ads,CUST00629,18-24,Female,2871,139,38,3,800,8885.6,,,,,
C004,Monsoon Offers,04-02-2026,Facebook,CUST01186,35-44,Male,5911,209,29,3,800,4252.04,,,,,
C005,Back to College,06-07-2026,YouTube,CUST02358,18-24,Female,12534,212,31,4,1961.07,6314.13,,,,,
C008,Year End Clearance,23-01-2026,Instagram,CUST02351,25-34,Male,5153,131,23,2,800,3459.08,,,,,
C006,Weekend Flash Sale,24-08-2026,Facebook,CUST00433,18-24,Female,2981,91,15,2,800,2944.72,,,,,
C002,Festive Bonanza,03-03-2026,Email,CUST01525,18-24,Female,6730,390,110,29,800,92693.19,,,,,
C007,Diwali Mega Sale,12-02-2026,Instagram,CUST00742,45-54,Other,8017,183,34,5,1197.46,14207.33,,,,,
C008,Year End Clearance,12-06-2026,YouTube,CUST00747,25-34,Female,12795,263,34,7,2743.66,15589.11,,,,,
C003,New Product Launch,06-02-2026,Google Ads,CUST00443,25-34,Male,14905,573,121,20,3657.42,43598.43,,,,,
C007,Diwali Mega Sale,06-07-2026,Google Ads,CUST00002,55+,Male,6805,339,84,21,1954.96,77921.59,,,,,
C003,New Product Launch,26-01-2026,Google Ads,CUST00679,18-24,Female,20224,878,195,32,4626.9,51132.45,,,,,
C001,Summer Sale,10-08-2026,Google Ads,CUST01209,25-34,Female,7749,367,86,12,1785.33,20224.15,,,,,
C006,Weekend Flash Sale,21-03-2026,Instagram,CUST00366,18-24,Female,13664,290,43,4,2217.79,8788.23,,,,,
C004,Monsoon Offers,01-07-2026,Instagram,CUST01755,18-24,Female,20054,970,165,18,2613.15,23380.74,,,,,
C006,Weekend Flash Sale,05-02-2026,Google Ads,CUST00364,35-44,Female,12057,498,110,16,2793.27,40771.35,,,,,
C006,Weekend Flash Sale,23-03-2026,YouTube,CUST00252,45-54,Female,14489,336,44,8,2971.84,13979.88,,,,,
C002,Festive Bonanza,10-04-2026,Facebook,CUST00622,35-44,Female,18025,298,41,7,2158.38,12480.28,,,,,
C006,Weekend Flash Sale,24-05-2026,Email,CUST01951,25-34,Male,6460,392,118,28,800,132670.48,,,,,
C004,Monsoon Offers,17-05-2026,YouTube,CUST02465,18-24,Male,6125,113,16,1,1357.99,1710.64,,,,,
C001,Summer Sale,26-06-2026,Email,CUST00067,25-34,Female,6241,358,112,23,800,44285.01,,,,,
C001,Summer Sale,02-08-2026,Instagram,CUST00577,25-34,Male,3434,93,13,2,800,3974.55,,,,,
C008,Year End Clearance,19-07-2026,Google Ads,CUST00334,45-54,Female,17585,612,116,21,3266.39,46128.53,,,,,
C003,New Product Launch,31-08-2026,Google Ads,CUST02120,35-44,Male,12721,431,105,17,3115.26,46928.57,,,,,
C007,Diwali Mega Sale,05-05-2026,Email,CUST02084,25-34,Female,9912,450,144,37,800,118065.38,,,,,
C002,Festive Bonanza,12-02-2026,Google Ads,CUST02196,25-34,Female,15499,796,187,27,3229.48,71354.06,,,,,
C008,Year End Clearance,23-07-2026,Facebook,CUST00948,25-34,Female,8436,177,31,2,1018.07,3845.54,,,,,
C006,Weekend Flash Sale,07-01-2026,Facebook,CUST01415,25-34,Male,5364,162,22,3,800,5715.63,,,,,
C002,Festive Bonanza,02-04-2026,Google Ads,CUST00796,35-44,Male,16812,925,229,42,4646.37,76547.01,,,,,
C001,Summer Sale,23-03-2026,Google Ads,CUST00755,25-34,Male,21185,968,197,34,5784.46,74573.86,,,,,
C008,Year End Clearance,23-02-2026,Google Ads,CUST01661,Unknown,Female,5122,278,66,12,1314.29,22923.47,,,,,
C008,Year End Clearance,16-05-2026,YouTube,CUST00551,25-34,Male,6077,141,18,3,1170.71,6130.93,,,,,
C003,New Product Launch,19-01-2026,Facebook,CUST01299,45-54,Female,2855,92,14,3,800,6571.54,,,,,
C003,New Product Launch,12-05-2026,Facebook,CUST00339,25-34,Male,18244,622,78,10,2534.56,16089.12,,,,,
C006,Weekend Flash Sale,26-06-2026,Email,CUST02005,25-34,Female,16613,667,212,52,800,128240.87,,,,,
C005,Back to College,17-08-2026,Email,CUST01172,55+,Female,6136,269,76,17,800,43788.12,,,,,
C002,Festive Bonanza,29-01-2026,YouTube,CUST01776,45-54,Female,6430,109,13,0,1385.44,0,,,,,
C006,Weekend Flash Sale,07-02-2026,Email,CUST02253,18-24,Female,46289,2815,854,210,2105.43,913484.03,,,,,
C006,Weekend Flash Sale,27-08-2026,Google Ads,CUST01322,18-24,Female,9849,392,75,17,1813.08,31164.06,,,,,
C003,New Product Launch,30-03-2026,Facebook,CUST01041,18-24,Male,7660,212,26,3,1027.86,4322.02,,,,,
C004,Monsoon Offers,30-06-2026,Instagram,CUST00784,55+,Male,10267,350,59,7,1381.53,14398.17,,,,,
C002,Festive Bonanza,05-06-2026,Instagram,CUST00054,35-44,Female,9217,283,45,8,1500.15,13427.51,,,,,
C001,Summer Sale,07-06-2026,Instagram,CUST00105,55+,Female,3914,164,31,1,800,1667.15,,,,,
C008,Year End Clearance,23-02-2026,Google Ads,CUST01655,45-54,Female,8933,232,47,7,2130.32,24047.11,,,,,
C002,Festive Bonanza,04-07-2026,Facebook,CUST01770,45-54,Female,6452,180,26,6,800,13453.33,,,,,
C005,Back to College,24-01-2026,YouTube,CUST00503,35-44,Female,27830,745,95,12,4248.86,23196.11,,,,,
C005,Back to College,14-05-2026,YouTube,CUST02352,55+,Male,5661,135,14,1,1050.6,1920.23,,,,,
C007,Diwali Mega Sale,21-04-2026,YouTube,CUST00331,35-44,Female,5592,110,14,2,1167.02,4318.83,,,,,
C005,Back to College,17-04-2026,Google Ads,CUST01145,18-24,Male,8945,477,103,15,2318.93,48263.5,,,,,
C006,Weekend Flash Sale,13-08-2026,Google Ads,CUST02282,35-44,Male,8206,464,100,22,1515.71,42319.77,,,,,
C003,New Product Launch,24-02-2026,Facebook,CUST00390,18-24,Male,9685,300,40,11,1250.28,15912.37,,,,,
C001,Summer Sale,04-07-2026,Instagram,CUST02343,35-44,Male,14431,513,79,9,2519.32,16693.71,,,,,
C002,Festive Bonanza,30-08-2026,Email,CUST02169,35-44,Female,5681,351,98,22,800,71766.29,,,,,
C006,Weekend Flash Sale,19-03-2026,Email,CUST00435,25-34,Other,17165,880,279,70,1119.66,284209.72,,,,,
C005,Back to College,27-01-2026,Instagram,CUST01455,35-44,Male,19074,660,102,14,2373.75,18423.31,,,,,
C006,Weekend Flash Sale,18-08-2026,YouTube,CUST02124,25-34,Female,10462,280,22,3,2198.37,4943.95,,,,,
C001,Summer Sale,03-02-2026,Instagram,CUST01026,35-44,Other,12926,553,87,14,2264.74,23396.27,,,,,
C005,Back to College,07-05-2026,Google Ads,CUST02104,18-24,Male,14699,471,94,25,3881.31,43848.14,,,,,
C004,Monsoon Offers,13-04-2026,Google Ads,CUST00842,25-34,Female,11221,389,83,13,2600.19,20345.31,,,,,
C004,Monsoon Offers,04-07-2026,Google Ads,CUST02296,45-54,Male,8500,368,93,7,2363.84,16085.26,,,,,
C002,Festive Bonanza,01-07-2026,Google Ads,CUST02050,45-54,Male,5518,217,43,6,1147.48,7831.7,,,,,
C003,New Product Launch,08-04-2026,Email,CUST02316,45-54,Male,3516,276,73,18,800,60362.72,,,,,
C006,Weekend Flash Sale,10-01-2026,Google Ads,CUST00896,45-54,Male,7840,321,75,12,1949.99,40217.52,,,,,
C006,Weekend Flash Sale,28-07-2026,Facebook,CUST01461,25-34,Male,10355,371,57,6,1448.43,11782.54,,,,,
C004,Monsoon Offers,30-06-2026,Instagram,CUST00106,35-44,Male,6700,167,23,2,802.67,4446.71,,,,,
C003,New Product Launch,12-05-2026,Email,CUST00850,55+,Male,14159,770,244,48,800,143366.99,,,,,
C008,Year End Clearance,14-05-2026,YouTube,CUST02066,35-44,Female,5035,56,9,0,800,0,,,,,
C007,Diwali Mega Sale,04-01-2026,Instagram,CUST01685,55+,Male,4861,155,22,4,905.4,7989.89,,,,,
C007,Diwali Mega Sale,15-07-2026,YouTube,CUST01992,25-34,Female,17306,480,60,9,3839.68,14363.48,,,,,
C002,Festive Bonanza,15-01-2026,Google Ads,CUST01066,35-44,Female,13339,464,111,19,3791.18,53032.95,,,,,
C008,Year End Clearance,30-01-2026,YouTube,CUST00510,45-54,Female,4211,104,9,2,840.19,5115.42,,,,,
C008,Year End Clearance,11-05-2026,Facebook,CUST01807,35-44,Male,5396,153,14,0,853.05,0,,,,,
C003,New Product Launch,20-05-2026,Instagram,CUST01893,25-34,Male,12820,320,42,4,2112.99,10789.83,,,,,
C006,Weekend Flash Sale,27-04-2026,YouTube,CUST01926,25-34,Male,10516,212,28,2,1638.21,3092.82,,,,,
C004,Monsoon Offers,03-06-2026,Instagram,CUST01107,55+,Male,16834,480,86,6,3011.05,6527.54,,,,,
C002,Festive Bonanza,09-08-2026,Email,CUST00693,35-44,Male,17648,1223,374,88,987.45,204972.25,,,,,
C001,Summer Sale,16-05-2026,Google Ads,CUST00158,18-24,Female,4848,176,36,5,902.26,5730.13,,,,,
C006,Weekend Flash Sale,09-05-2026,Google Ads,CUST02145,25-34,Male,5620,173,30,4,1130.14,8979.13,,,,,
C001,Summer Sale,28-04-2026,Email,CUST01449,55+,Female,6888,333,75,16,800,27590.8,,,,,
C001,Summer Sale,20-02-2026,YouTube,CUST02413,35-44,Male,9094,120,15,2,1824.31,3419.69,,,,,
C002,Festive Bonanza,26-04-2026,Email,CUST00347,18-24,Male,9762,585,170,36,800,120857.46,,,,,
C007,Diwali Mega Sale,26-08-2026,Facebook,CUST00235,55+,Female,5389,126,20,2,800,3381.33,,,,,
C008,Year End Clearance,21-02-2026,Instagram,CUST00894,25-34,Male,10588,266,37,5,1708.27,12607.67,,,,,
C007,Diwali Mega Sale,28-07-2026,Instagram,CUST00180,45-54,Female,6547,192,33,4,875.43,13260.95,,,,,
C001,Summer Sale,05-08-2026,Google Ads,CUST00498,18-24,Male,12869,690,154,25,2652.11,50284.03,,,,,
C007,Diwali Mega Sale,30-03-2026,Facebook,CUST01660,25-34,Male,5103,109,14,1,800,2011.86,,,,,
C004,Monsoon Offers,05-01-2026,Google Ads,CUST00696,18-24,Male,5871,191,47,8,1171.53,13634.54,,,,,
C007,Diwali Mega Sale,13-06-2026,Email,CUST00199,25-34,Female,14506,881,262,64,800,220277.24,,,,,
C006,Weekend Flash Sale,12-07-2026,Email,CUST01609,18-24,Female,13823,826,248,48,871.59,156453.17,,,,,
C003,New Product Launch,18-04-2026,YouTube,CUST02454,25-34,Male,7209,174,16,1,1320.44,1299.46,,,,,
C002,Festive Bonanza,25-05-2026,YouTube,CUST00473,25-34,Other,15011,410,45,1,2218.62,1640.2,,,,,
C006,Weekend Flash Sale,07-03-2026,Facebook,CUST01953,35-44,Male,12830,406,48,6,2084.92,14132.28,,,,,
C003,New Product Launch,08-02-2026,Instagram,CUST00905,45-54,Female,6963,182,32,5,853.57,9729.2,,,,,
C005,Back to College,04-01-2026,YouTube,CUST01262,18-24,Male,6632,115,9,0,944.11,0,,,,,
C003,New Product Launch,06-06-2026,Instagram,CUST01338,18-24,Male,9114,368,62,7,1590.32,15011.98,,,,,
C006,Weekend Flash Sale,13-05-2026,Facebook,CUST02477,45-54,Female,6862,181,19,5,800,8379.8,,,,,
C005,Back to College,25-03-2026,Instagram,CUST00486,25-34,Male,5708,185,23,2,800,3350.9,,,,,
C002,Festive Bonanza,28-08-2026,Facebook,CUST01909,25-34,Female,3792,93,11,0,800,0,,,,,
C002,Festive Bonanza,20-05-2026,Instagram,CUST01051,18-24,Female,5793,153,27,4,845.13,7287.27,,,,,
C003,New Product Launch,23-04-2026,Email,CUST01609,18-24,Female,35664,2455,743,150,2173.99,345794.21,,,,,
C003,New Product Launch,31-01-2026,Google Ads,CUST00694,45-54,Female,8145,244,66,17,1583.7,32781.37,,,,,
C001,Summer Sale,19-08-2026,Facebook,CUST01785,45-54,Other,11833,337,56,8,1217.83,10187.72,,,,,
C004,Monsoon Offers,20-05-2026,YouTube,CUST00257,35-44,Male,21037,410,47,5,3533.92,6418.09,,,,,
C006,Weekend Flash Sale,04-02-2026,Instagram,CUST00302,35-44,Female,6776,153,19,1,854.03,2005.25,,,,,
C001,Summer Sale,01-08-2026,Instagram,CUST01685,18-24,Female,4930,213,37,4,800,8292.81,,,,,
C005,Back to College,18-01-2026,Facebook,CUST02370,18-24,Male,10259,217,21,3,1722.08,6363.07,,,,,
C005,Back to College,27-01-2026,Instagram,CUST01177,55+,Female,10993,425,66,10,1877.26,19682.47,,,,,
C007,Diwali Mega Sale,30-06-2026,Email,CUST01522,35-44,Male,9331,570,182,54,800,245459.98,,,,,
C006,Weekend Flash Sale,27-07-2026,Email,CUST01892,35-44,Male,12682,896,273,70,846.22,100180.58,,,,,
C004,Monsoon Offers,24-02-2026,Google Ads,CUST01073,25-34,Other,13918,537,116,12,2859.72,19921.87,,,,,
C004,Monsoon Offers,12-05-2026,Instagram,CUST01380,25-34,Male,12951,341,59,9,2140.67,11259.98,,,,,
C002,Festive Bonanza,16-08-2026,Google Ads,CUST00377,25-34,Male,7380,366,75,20,1362.47,43160.87,,,,,
C005,Back to College,25-07-2026,Facebook,CUST02270,18-24,Female,17270,342,50,7,1818.19,22910.07,,,,,
C004,Monsoon Offers,07-04-2026,Google Ads,CUST02372,18-24,Female,9577,401,92,14,2201.29,21772.23,,,,,
C003,New Product Launch,09-01-2026,Email,CUST00763,25-34,Female,26997,2085,627,131,1348.68,410127.34,,,,,
C001,Summer Sale,22-05-2026,YouTube,CUST01447,25-34,Female,5469,119,15,0,1040.97,0,,,,,
C007,Diwali Mega Sale,25-05-2026,Facebook,CUST02064,25-34,Male,14732,301,42,5,2047.62,13282.75,,,,,
C006,Weekend Flash Sale,07-05-2026,Facebook,CUST00696,25-34,Female,12252,307,44,4,1446.48,7401.8,,,,,
C007,Diwali Mega Sale,09-03-2026,Facebook,CUST00153,25-34,Male,4673,109,25,4,800,13601.7,,,,,
C003,New Product Launch,22-07-2026,YouTube,CUST02179,18-24,Female,27699,680,69,4,4749,7878.86,,,,,
C008,Year End Clearance,29-03-2026,YouTube,CUST01442,18-24,Female,4075,71,7,0,800,0,,,,,
C004,Monsoon Offers,31-07-2026,Google Ads,CUST01176,45-54,Female,7433,366,76,10,1511.25,22807.37,,,,,
C006,Weekend Flash Sale,06-05-2026,Google Ads,CUST01264,35-44,Male,6348,311,62,10,1703.25,18629.67,,,,,
C005,Back to College,06-07-2026,Google Ads,CUST00778,55+,Male,2429,102,26,4,800,7352.99,,,,,
C008,Year End Clearance,27-02-2026,Instagram,CUST00143,25-34,Male,11914,464,59,8,1625.67,13067.94,,,,,
C001,Summer Sale,30-07-2026,Google Ads,CUST00717,18-24,Female,9574,361,76,12,2586.13,24559.25,,,,,
C005,Back to College,13-04-2026,Facebook,CUST02100,18-24,Female,3291,125,11,2,800,4449.79,,,,,
C002,Festive Bonanza,31-07-2026,Email,CUST01296,45-54,Male,3609,201,65,12,800,47522.06,,,,,
C003,New Product Launch,02-02-2026,Facebook,CUST02429,25-34,Female,10006,297,44,3,1452.74,2550.41,,,,,
C002,Festive Bonanza,03-01-2026,Google Ads,CUST00184,35-44,Female,11142,493,120,27,3038.82,75910,,,,,
C005,Back to College,22-02-2026,Instagram,CUST01912,18-24,Male,5285,149,26,8,800,15756.8,,,,,
C004,Monsoon Offers,23-01-2026,Facebook,CUST00331,25-34,Male,8122,204,31,4,1074.68,8542.4,,,,,
C008,Year End Clearance,21-07-2026,Email,CUST00032,45-54,Male,6369,338,105,23,800,33023.92,,,,,
C006,Weekend Flash Sale,18-01-2026,Google Ads,CUST01617,35-44,Female,8228,392,75,18,1960.56,26481.26,,,,,
C004,Monsoon Offers,21-02-2026,YouTube,CUST01860,25-34,Male,5004,118,14,1,817.83,2370.24,,,,,
C001,Summer Sale,22-05-2026,Email,CUST00677,25-34,Male,12173,848,240,43,800,90994.81,,,,,
C007,Diwali Mega Sale,03-04-2026,Google Ads,CUST02285,18-24,Female,7961,512,126,26,1692.61,84605.5,,,,,
C007,Diwali Mega Sale,31-08-2026,Email,CUST01675,35-44,Female,2759,191,63,11,800,43963.81,,,,,
C006,Weekend Flash Sale,04-03-2026,Google Ads,CUST00721,45-54,Female,6963,287,66,12,1433.03,44618.75,,,,,
C004,Monsoon Offers,27-05-2026,Google Ads,CUST01308,18-24,Female,15780,734,162,28,3629.13,36291.97,,,,,
C003,New Product Launch,06-05-2026,YouTube,CUST01157,25-34,Male,5559,130,15,2,842.56,2766.22,,,,,
C005,Back to College,22-05-2026,Email,CUST01978,25-34,Male,13803,1055,309,64,800,163930.28,,,,,
C003,New Product Launch,21-06-2026,Email,CUST00973,35-44,Female,9165,652,215,54,800,170707.19,,,,,
C005,Back to College,20-06-2026,YouTube,CUST02182,35-44,Male,6079,156,22,1,1007.16,2055.67,,,,,
C004,Monsoon Offers,09-07-2026,Email,CUST01041,35-44,Male,17102,975,291,53,867.44,119010.55,,,,,
C001,Summer Sale,02-07-2026,Google Ads,CUST01440,55+,Female,10266,470,108,15,2153.79,40709.7,,,,,
C002,Festive Bonanza,21-08-2026,Facebook,CUST01246,18-24,Male,3321,78,8,1,800,2170.61,,,,,
C008,Year End Clearance,08-02-2026,Google Ads,CUST01098,18-24,Male,20144,997,242,49,3894.37,91960.74,,,,,
C005,Back to College,21-05-2026,Google Ads,CUST01789,18-24,Male,7218,317,69,13,1582.5,27716.8,,,,,
C003,New Product Launch,12-08-2026,Facebook,CUST00960,25-34,Female,13392,406,63,9,2177.48,14875.57,,,,,
C001,Summer Sale,16-07-2026,YouTube,CUST02262,25-34,Female,5236,116,12,0,839.83,0,,,,,
C003,New Product Launch,20-03-2026,YouTube,CUST02460,18-24,Male,7373,115,14,4,1620.65,5102.3,,,,,
C007,Diwali Mega Sale,02-08-2026,Instagram,CUST02476,25-34,Female,22806,763,117,18,2840.81,34576.58,,,,,
C008,Year End Clearance,25-04-2026,Facebook,CUST02364,35-44,Male,13850,348,44,3,1660.47,7538.24,,,,,
C004,Monsoon Offers,05-03-2026,Instagram,CUST01399,35-44,Male,2042,60,8,1,800,1382.47,,,,,
C004,Monsoon Offers,05-06-2026,Instagram,CUST00071,45-54,Male,4523,128,31,3,800,5056.87,,,,,
C003,New Product Launch,08-07-2026,Facebook,CUST01145,35-44,Male,11772,358,57,6,1984.88,10687.51,,,,,
C006,Weekend Flash Sale,09-01-2026,Facebook,CUST02363,55+,Female,6708,158,31,3,800,7491.32,,,,,
C002,Festive Bonanza,29-07-2026,Instagram,CUST01195,55+,Female,14117,627,113,14,2401.66,28928.6,,,,,
C002,Festive Bonanza,28-07-2026,Facebook,CUST01862,18-24,Other,11051,316,48,9,1561.6,20335.8,,,,,
C004,Monsoon Offers,14-07-2026,Facebook,CUST00046,35-44,Male,15796,415,65,7,2054.29,7471.97,,,,,
C007,Diwali Mega Sale,17-08-2026,YouTube,CUST01928,18-24,Female,14012,197,18,2,3086.4,4320.34,,,,,
C004,Monsoon Offers,18-04-2026,Google Ads,CUST01795,25-34,Male,8281,297,62,9,2108.04,20767.34,,,,,
C001,Summer Sale,11-03-2026,Facebook,CUST01542,25-34,Male,6827,205,29,3,920.17,3685.48,,,,,
C001,Summer Sale,14-06-2026,Email,CUST01497,35-44,Male,5773,386,117,22,800,59454.1,,,,,
C005,Back to College,23-02-2026,Email,CUST00348,35-44,Female,15704,698,197,35,1008.67,81949.39,,,,,
C007,Diwali Mega Sale,08-04-2026,Instagram,CUST01346,35-44,Female,11630,390,63,12,1560.58,28246.17,,,,,
C003,New Product Launch,12-02-2026,Google Ads,CUST01702,35-44,Male,5335,261,54,10,1372.04,18222.92,,,,,
C004,Monsoon Offers,28-02-2026,Email,CUST02023,25-34,Female,6066,530,149,29,800,67243.33,,,,,
C007,Diwali Mega Sale,17-01-2026,YouTube,CUST00637,35-44,Male,6486,169,18,1,1406.22,2368.45,,,,,
C001,Summer Sale,10-01-2026,Instagram,CUST00766,18-24,Female,7968,285,50,4,1031.85,6748.01,,,,,
C005,Back to College,19-02-2026,Instagram,CUST00255,25-34,Male,14602,448,81,9,2392.2,25179.94,,,,,
C007,Diwali Mega Sale,10-04-2026,Facebook,CUST01344,35-44,Female,9335,251,34,4,1200.25,6900.69,,,,,
C002,Festive Bonanza,05-07-2026,Google Ads,CUST00937,35-44,Female,16219,739,163,30,3950.33,76530.26,,,,,
C003,New Product Launch,03-08-2026,YouTube,CUST01704,18-24,Female,8154,184,22,2,1379.32,4051.88,,,,,
C008,Year End Clearance,24-06-2026,Email,CUST02127,25-34,Other,8988,640,190,37,800,89581.89,,,,,
C001,Summer Sale,16-03-2026,Facebook,CUST01951,35-44,Male,18125,547,85,10,2862.73,16209.13,,,,,
C007,Diwali Mega Sale,22-08-2026,Email,CUST01419,55+,Female,4515,283,79,20,800,55740.12,,,,,
C008,Year End Clearance,30-06-2026,Email,CUST01070,25-34,Female,9354,558,159,38,800,96439.54,,,,,
C006,Weekend Flash Sale,27-02-2026,Facebook,CUST01619,18-24,Female,13932,402,71,7,2129.48,14185.46,,,,,
C007,Diwali Mega Sale,20-02-2026,Instagram,CUST01701,45-54,Male,5144,167,26,4,800,6179.58,,,,,
C003,New Product Launch,13-06-2026,Google Ads,CUST02356,25-34,Female,9806,471,109,16,1965.73,41108.86,,,,,
C002,Festive Bonanza,12-08-2026,Facebook,CUST00469,25-34,Other,11925,307,42,4,1296.98,8193.03,,,,,
C004,Monsoon Offers,31-07-2026,Google Ads,CUST01020,55+,Female,6966,339,70,9,1981,19223.19,,,,,
C006,Weekend Flash Sale,03-01-2026,Instagram,CUST01358,25-34,Male,15290,613,101,10,1724.31,19360.58,,,,,
C008,Year End Clearance,23-08-2026,Google Ads,CUST02125,18-24,Male,8806,370,73,10,2356.09,17572.8,,,,,
C004,Monsoon Offers,30-04-2026,Google Ads,CUST00531,18-24,Female,9026,385,75,13,1914.56,37925.83,,,,,
C004,Monsoon Offers,30-01-2026,Google Ads,CUST00475,35-44,Female,8038,376,76,10,1434.37,19974.61,,,,,
C002,Festive Bonanza,29-04-2026,YouTube,CUST01674,25-34,Male,4372,118,14,2,800,6336.27,,,,,
C007,Diwali Mega Sale,03-02-2026,YouTube,CUST02080,25-34,Male,14057,256,29,2,3097.88,4666.83,,,,,
C003,New Product Launch,19-05-2026,Instagram,CUST02487,55+,Female,8320,297,46,6,1133.87,14138.32,,,,,
C006,Weekend Flash Sale,03-07-2026,Google Ads,CUST02394,18-24,Male,15670,504,103,24,3894.64,46295.02,,,,,
C002,Festive Bonanza,12-02-2026,Email,CUST02352,25-34,Female,15394,886,275,87,800,328204.66,,,,,
C006,Weekend Flash Sale,09-06-2026,YouTube,CUST00516,18-24,Male,2655,77,9,1,800,1833.63,,,,,
C006,Weekend Flash Sale,31-08-2026,Google Ads,CUST01088,18-24,Female,30792,1141,248,39,6556.5,111024.85,,,,,
C001,Summer Sale,09-02-2026,Google Ads,CUST02240,35-44,Female,6254,281,63,8,1243.85,17699.49,,,,,
C001,Summer Sale,29-07-2026,Google Ads,CUST00621,35-44,Female,8992,528,122,17,2130.91,43266.66,,,,,
C008,Year End Clearance,19-01-2026,Instagram,CUST01708,35-44,Female,13704,617,114,10,2178.88,22847.03,,,,,
C005,Back to College,21-03-2026,Google Ads,CUST01378,35-44,Male,4537,219,50,12,1031.03,37659.51,,,,,
C008,Year End Clearance,24-06-2026,YouTube,CUST02386,35-44,Male,19689,226,28,1,2900.07,1713.73,,,,,
C003,New Product Launch,14-01-2026,Google Ads,CUST01418,25-34,Male,5062,173,26,4,1059.46,5958.57,,,,,
C002,Festive Bonanza,07-04-2026,Instagram,CUST00871,25-34,Male,15248,364,55,9,2013.65,18454.06,,,,,
C007,Diwali Mega Sale,31-01-2026,Instagram,CUST00556,55+,Male,8318,242,39,5,1158.45,8719.9,,,,,
C002,Festive Bonanza,22-02-2026,Facebook,CUST00547,25-34,Female,7378,263,33,5,1123.01,12439.59,,,,,
C003,New Product Launch,08-02-2026,YouTube,CUST01800,45-54,Male,17988,458,68,5,3367.34,9945.76,,,,,
C001,Summer Sale,16-06-2026,Email,CUST02365,25-34,Male,9898,525,145,32,800,85271.43,,,,,
C001,Summer Sale,24-01-2026,Google Ads,CUST01316,25-34,Male,18122,785,162,33,4144.38,104909.02,,,,,
C006,Weekend Flash Sale,30-04-2026,Google Ads,CUST00467,35-44,Female,7259,333,73,15,1525.91,27071.9,,,,,
C007,Diwali Mega Sale,27-06-2026,Google Ads,CUST01787,25-34,Female,18455,652,135,28,3420.71,113053.14,,,,,
C007,Diwali Mega Sale,18-08-2026,Google Ads,CUST00067,18-24,Female,7610,335,83,19,1349.05,86209.43,,,,,
C002,Festive Bonanza,31-01-2026,Email,CUST01348,25-34,Female,3891,152,42,10,800,22955.04,,,,,
C007,Diwali Mega Sale,18-06-2026,Google Ads,CUST01818,18-24,Female,4484,217,49,13,923.57,34898.12,,,,,
C006,Weekend Flash Sale,26-01-2026,Instagram,CUST02178,18-24,Female,21830,718,114,16,3689.61,42904.32,,,,,
C001,Summer Sale,06-01-2026,Google Ads,CUST01451,35-44,Male,8230,365,70,7,1985.23,12874.54,,,,,
C005,Back to College,19-05-2026,Google Ads,CUST00659,25-34,Female,13049,412,82,15,3196.48,29792.66,,,,,
C008,Year End Clearance,14-07-2026,Email,CUST01715,25-34,Female,3233,157,51,11,800,37234.51,,,,,
C008,Year End Clearance,02-03-2026,Instagram,CUST00500,25-34,Male,9862,475,73,5,1195.84,10987.47,,,,,
C002,Festive Bonanza,14-08-2026,Google Ads,CUST00387,25-34,Female,19302,965,195,38,4099.84,121388.38,,,,,
C003,New Product Launch,18-02-2026,Facebook,CUST00992,18-24,Female,8257,253,33,5,1110.57,8078.39,,,,,
C005,Back to College,10-01-2026,Google Ads,CUST01809,45-54,Male,5314,262,59,9,1398.44,13623.45,,,,,
C004,Monsoon Offers,11-02-2026,YouTube,CUST00714,18-24,Female,13480,373,44,3,2384.94,3012.06,,,,,
C004,Monsoon Offers,23-03-2026,Facebook,CUST02436,25-34,Male,3468,126,17,1,800,1723.81,,,,,
C006,Weekend Flash Sale,12-08-2026,Instagram,CUST00465,45-54,Female,23163,964,155,29,3319.81,84030.19,,,,,
C002,Festive Bonanza,29-05-2026,Email,CUST02046,25-34,Male,11471,689,196,53,800,138320.57,,,,,
C002,Festive Bonanza,31-05-2026,Facebook,CUST00908,18-24,Male,8623,209,26,4,891.81,9143.16,,,,,
C007,Diwali Mega Sale,11-05-2026,Facebook,CUST01003,18-24,Female,38681,1088,145,18,5466.26,60402.18,,,,,
C003,New Product Launch,18-07-2026,Instagram,CUST00740,25-34,Male,16168,326,45,4,3015.8,10733.29,,,,,
C005,Back to College,24-05-2026,Google Ads,CUST02059,18-24,Male,9112,425,100,15,1756.51,36881.61,,,,,
C002,Festive Bonanza,09-04-2026,Email,CUST02447,18-24,Male,6824,358,121,34,800,117249.04,,,,,
C005,Back to College,12-03-2026,Google Ads,CUST00392,25-34,Female,18530,811,177,33,3890.33,62668.28,,,,,
C001,Summer Sale,01-05-2026,Facebook,CUST00387,25-34,Female,10095,283,30,3,1684.06,4565.06,,,,,
C006,Weekend Flash Sale,01-04-2026,Instagram,CUST00014,25-34,Male,13045,527,66,9,2230.99,18004.23,,,,,
C005,Back to College,28-07-2026,Email,CUST02349,55+,Female,15745,1027,303,62,1063.11,166575.49,,,,,
C006,Weekend Flash Sale,10-05-2026,Google Ads,CUST02124,18-24,Male,19099,853,212,50,4719.28,129430.06,,,,,
C002,Festive Bonanza,15-06-2026,Instagram,CUST01419,35-44,Female,18531,466,85,14,2814.83,27745.45,,,,,
C008,Year End Clearance,18-04-2026,Google Ads,CUST02369,25-34,Other,12671,501,117,20,2807.32,46253.93,,,,,
C008,Year End Clearance,08-04-2026,Instagram,CUST01145,35-44,Female,18555,526,72,11,2305.34,18734.26,,,,,
C005,Back to College,23-07-2026,Facebook,CUST01300,35-44,Male,6909,196,34,4,905.95,11916.85,,,,,
C004,Monsoon Offers,27-06-2026,Google Ads,CUST01449,55+,Male,5206,166,28,4,1116.89,7587.98,,,,,
C007,Diwali Mega Sale,01-07-2026,Facebook,CUST00146,25-34,Female,10411,350,52,7,1332.27,13622.37,,,,,
C007,Diwali Mega Sale,30-07-2026,YouTube,CUST01918,18-24,Female,27195,716,76,8,4159.63,18833.53,,,,,
C001,Summer Sale,19-08-2026,Instagram,CUST00324,25-34,Male,5967,175,29,6,1044.72,15767.9,,,,,
C001,Summer Sale,23-02-2026,Google Ads,CUST01621,45-54,Female,4738,226,46,5,1313.38,14881.5,,,,,
C003,New Product Launch,02-03-2026,Email,CUST01212,18-24,Male,14585,700,214,49,800,119172.71,,,,,
C001,Summer Sale,31-08-2026,Facebook,CUST02078,35-44,Female,10733,321,53,5,1607.32,11032.43,,,,,
C005,Back to College,18-05-2026,Facebook,CUST00024,45-54,Female,4214,139,16,1,800,1591.81,,,,,
C008,Year End Clearance,27-03-2026,Google Ads,CUST00179,35-44,Male,4658,195,50,12,1315.36,20324.09,,,,,
C007,Diwali Mega Sale,03-05-2026,Google Ads,CUST02159,25-34,Male,20760,965,207,51,5240.08,183010.45,,,,,
C001,Summer Sale,22-02-2026,YouTube,CUST00254,45-54,Male,8965,142,21,0,1833.8,0,,,,,
C006,Weekend Flash Sale,27-08-2026,Email,CUST01340,25-34,Female,12289,1173,349,79,819.46,240576.51,,,,,
C003,New Product Launch,14-07-2026,Facebook,CUST00028,25-34,Male,19063,572,90,11,2396.77,19962.15,,,,,
C003,New Product Launch,07-07-2026,YouTube,CUST01503,35-44,Female,9507,187,20,0,1908.77,0,,,,,
C004,Monsoon Offers,22-01-2026,Facebook,CUST00366,18-24,Male,3201,92,14,1,800,1265.26,,,,,
C006,Weekend Flash Sale,07-01-2026,Instagram,CUST01674,45-54,Male,11171,380,50,10,1400.97,18899.43,,,,,
C006,Weekend Flash Sale,25-07-2026,YouTube,CUST02083,35-44,Male,7068,118,14,1,968.46,2440.08,,,,,
C007,Diwali Mega Sale,31-07-2026,Facebook,CUST01282,25-34,Male,8128,195,23,5,1131.57,13098.27,,,,,
C008,Year End Clearance,02-08-2026,Google Ads,CUST02001,35-44,Male,10479,443,94,21,2448.8,55135.83,,,,,
C003,New Product Launch,04-08-2026,Email,CUST02285,45-54,Other,5694,410,127,17,800,52385.73,,,,,
C008,Year End Clearance,25-06-2026,Google Ads,CUST01376,18-24,Male,15219,782,168,33,3823.97,57897.31,,,,,
C003,New Product Launch,18-02-2026,Email,CUST01189,25-34,Male,8570,548,156,40,800,98061.17,,,,,
C004,Monsoon Offers,25-01-2026,Instagram,CUST00102,55+,Male,9068,291,47,2,1319.58,3682.77,,,,,
C003,New Product Launch,08-07-2026,Facebook,CUST01745,18-24,Female,5332,170,24,2,823.5,5294.28,,,,,
C006,Weekend Flash Sale,03-03-2026,YouTube,CUST01614,25-34,Female,14388,375,48,5,2243.54,6979.74,,,,,
C003,New Product Launch,25-02-2026,YouTube,CUST01578,45-54,Male,11821,220,20,0,2089.72,0,,,,,
C005,Back to College,28-05-2026,Email,CUST01259,35-44,Female,6286,358,107,24,800,56936.29,,,,,
C003,New Product Launch,01-02-2026,Facebook,CUST00191,35-44,Female,7529,197,27,6,1096.76,8971.43,,,,,
C006,Weekend Flash Sale,12-03-2026,Email,CUST01999,35-44,Female,10242,947,268,54,800,189881.62,,,,,
C008,Year End Clearance,10-03-2026,Instagram,CUST01945,18-24,Male,5534,206,26,2,870.41,3407.6,,,,,
C008,Year End Clearance,26-05-2026,Google Ads,CUST00923,45-54,Male,19943,1177,269,56,4719.93,183039,,,,,
C008,Year End Clearance,28-01-2026,Email,CUST00308,35-44,Female,13267,967,292,60,831.59,133665.73,,,,,
C006,Weekend Flash Sale,29-08-2026,Instagram,CUST00986,55+,Male,7283,169,34,2,975.36,4134.13,,,,,
C004,Monsoon Offers,28-08-2026,Google Ads,CUST01873,25-34,Male,7707,306,69,13,2134.01,21050.5,,,,,
C005,Back to College,24-06-2026,YouTube,CUST01366,25-34,Male,6447,135,12,0,1280.91,0,,,,,
C007,Diwali Mega Sale,22-04-2026,Facebook,CUST00627,25-34,Male,14782,405,46,7,1986.52,15808.45,,,,,
C007,Diwali Mega Sale,12-01-2026,YouTube,CUST02417,45-54,Female,12996,408,47,9,2035.84,16833.45,,,,,
C002,Festive Bonanza,12-01-2026,Facebook,CUST02032,18-24,Female,3183,119,12,0,800,0,,,,,
C004,Monsoon Offers,25-06-2026,Instagram,CUST00935,25-34,Male,10563,308,39,6,1935.36,10838.73,,,,,
C007,Diwali Mega Sale,07-07-2026,YouTube,CUST00008,45-54,Male,10640,278,40,10,2261.04,22326.19,,,,,
C006,Weekend Flash Sale,29-03-2026,Instagram,CUST00576,35-44,Male,3889,153,36,6,800,12043.34,,,,,
C001,Summer Sale,25-07-2026,YouTube,CUST00236,25-34,Male,8547,180,24,1,1570.58,2343.66,,,,,
C005,Back to College,29-04-2026,Google Ads,CUST00694,45-54,Male,7355,354,85,21,2051.72,46531.23,,,,,
C005,Back to College,04-07-2026,Email,CUST00071,18-24,Male,10272,745,245,51,800,119064.62,,,,,
C006,Weekend Flash Sale,22-08-2026,Facebook,CUST01469,35-44,Male,6111,194,25,5,940.63,11831.99,,,,,
C004,Monsoon Offers,15-02-2026,Google Ads,CUST00451,25-34,Female,9101,531,129,19,2002.27,35829.02,,,,,
C004,Monsoon Offers,30-06-2026,Email,CUST00361,25-34,Female,10462,494,138,33,800,59270.8,,,,,
C001,Summer Sale,18-08-2026,Email,CUST02148,35-44,Female,5664,331,106,21,800,36304.78,,,,,
C004,Monsoon Offers,09-06-2026,Email,CUST00034,18-24,Male,18677,1176,373,55,852.73,115205.13,,,,,
C002,Festive Bonanza,09-03-2026,Email,CUST01690,25-34,Female,10569,744,238,52,800,136823.31,,,,,
C008,Year End Clearance,20-07-2026,Facebook,CUST01663,35-44,Female,8960,260,43,3,1080.58,5468.11,,,,,
C004,Monsoon Offers,17-03-2026,Instagram,CUST01440,35-44,Female,10375,285,40,7,1293,12779.1,,,,,
C002,Festive Bonanza,21-04-2026,Email,CUST02124,55+,Male,11568,907,274,77,800,232603.08,,,,,
C005,Back to College,23-06-2026,Instagram,CUST00354,18-24,Female,3189,103,12,0,800,0,,,,,
C002,Festive Bonanza,02-03-2026,Facebook,CUST02180,25-34,Female,7054,137,26,6,1081.75,9640.67,,,,,
C003,New Product Launch,08-08-2026,Instagram,CUST01878,55+,Female,7304,261,46,9,1296.41,28041.41,,,,,
C006,Weekend Flash Sale,02-06-2026,Facebook,CUST00321,45-54,Female,11665,432,63,10,1771.11,18203.3,,,,,
C005,Back to College,04-02-2026,Google Ads,CUST00369,45-54,Female,16154,811,165,26,3191.2,48035.01,,,,,
C007,Diwali Mega Sale,08-06-2026,Instagram,CUST00587,45-54,Male,9529,244,41,7,1653.75,18640.06,,,,,
C006,Weekend Flash Sale,02-06-2026,Google Ads,CUST00508,45-54,Female,6736,318,72,20,1369.02,40216.27,,,,,
C008,Year End Clearance,05-02-2026,Facebook,CUST01589,25-34,Male,17458,554,83,10,2894.72,16903.11,,,,,
C007,Diwali Mega Sale,19-04-2026,Google Ads,CUST01855,18-24,Male,10148,371,81,32,2283.63,82226.26,,,,,
C007,Diwali Mega Sale,18-08-2026,Google Ads,CUST01959,35-44,Female,18202,784,176,44,3941.46,131368.64,,,,,
C001,Summer Sale,19-04-2026,Instagram,CUST02000,55+,Male,4813,159,20,2,800,2894.21,,,,,
C006,Weekend Flash Sale,07-08-2026,Facebook,CUST00179,35-44,Female,8581,261,40,4,975.21,4512.87,,,,,
C007,Diwali Mega Sale,23-05-2026,Facebook,CUST00247,35-44,Male,5957,178,19,2,949.03,3975.01,,,,,
C004,Monsoon Offers,30-07-2026,Instagram,CUST02272,25-34,Male,4993,175,23,5,800,5778.04,,,,,
C007,Diwali Mega Sale,26-03-2026,Instagram,CUST00669,45-54,Female,9096,251,41,9,1439.45,32633.11,,,,,
C006,Weekend Flash Sale,01-05-2026,Email,CUST00786,25-34,Female,3905,259,81,18,800,48595.99,,,,,
C001,Summer Sale,07-03-2026,YouTube,CUST01250,25-34,Male,8080,181,17,3,1221.42,5012.84,,,,,
C007,Diwali Mega Sale,12-06-2026,Facebook,CUST01323,25-34,Female,15394,453,59,11,1987.92,16026.09,,,,,
C005,Back to College,23-07-2026,Email,CUST01081,18-24,Female,7939,568,168,41,800,138068.98,,,,,
C002,Festive Bonanza,16-01-2026,Instagram,CUST01588,35-44,Male,12480,409,74,12,2254.62,15746.11,,,,,
C007,Diwali Mega Sale,02-08-2026,Instagram,CUST01336,55+,Male,22679,778,126,19,3576.27,47967.48,,,,,
C006,Weekend Flash Sale,25-07-2026,Instagram,CUST00750,35-44,Female,6550,234,40,6,950.16,16629.81,,,,,
C006,Weekend Flash Sale,30-03-2026,Facebook,CUST02115,55+,Male,14905,374,50,3,2192.41,4925.09,,,,,
C001,Summer Sale,06-01-2026,Instagram,CUST01576,45-54,Female,8882,337,53,8,1220.45,13956.96,,,,,
C007,Diwali Mega Sale,08-04-2026,Google Ads,CUST00408,35-44,Female,4942,236,38,7,1312.41,25353.47,,,,,
C001,Summer Sale,13-06-2026,YouTube,CUST01852,25-34,Female,5464,147,22,2,800,4547.71,,,,,
C006,Weekend Flash Sale,01-05-2026,YouTube,CUST01500,25-34,Female,4923,126,14,1,937.79,2122.99,,,,,
C003,New Product Launch,21-05-2026,Google Ads,CUST01070,35-44,Female,19695,581,142,28,5102.44,57910.86,,,,,
C001,Summer Sale,31-07-2026,Google Ads,CUST01089,25-34,Female,4655,229,42,9,951.73,14796.86,,,,,
C003,New Product Launch,16-02-2026,Instagram,CUST01832,35-44,Female,18271,554,103,12,2140.34,30807.1,,,,,
C008,Year End Clearance,16-08-2026,Instagram,CUST02004,55+,Male,9055,281,47,6,1219.06,9301.74,,,,,
C008,Year End Clearance,21-04-2026,Instagram,CUST02322,45-54,Female,3638,102,12,2,800,3429.58,,,,,
C008,Year End Clearance,30-04-2026,Google Ads,CUST01181,45-54,Female,15242,536,99,13,2647.34,29516.94,,,,,
C005,Back to College,25-08-2026,Google Ads,CUST02478,45-54,Female,9980,469,106,15,2514.98,52405.51,,,,,
C003,New Product Launch,28-07-2026,Google Ads,CUST00961,45-54,Male,3992,184,39,6,1146.17,12448.93,,,,,
C004,Monsoon Offers,28-01-2026,YouTube,CUST01739,45-54,Female,15051,215,24,2,2200.75,3127.28,,,,,
C007,Diwali Mega Sale,02-07-2026,YouTube,CUST02390,25-34,Female,3461,68,9,3,800,7220.48,,,,,
C005,Back to College,15-07-2026,Google Ads,CUST00429,25-34,Female,9625,494,121,16,2297.22,36093.72,,,,,
C004,Monsoon Offers,04-08-2026,Google Ads,CUST00111,55+,Male,7854,267,56,6,1622.08,14113.95,,,,,
C001,Summer Sale,22-06-2026,Email,CUST00397,25-34,Male,11368,732,212,46,800,105415.14,,,,,
C002,Festive Bonanza,09-05-2026,Instagram,CUST00903,45-54,Male,7523,180,29,8,1180.31,17324.62,,,,,
C006,Weekend Flash Sale,09-03-2026,Google Ads,CUST01842,25-34,Male,3928,140,36,4,1119.75,14670.18,,,,,
C001,Summer Sale,05-02-2026,Email,CUST01966,25-34,Female,17897,1027,341,72,1080.76,152584.46,,,,,
C001,Summer Sale,24-02-2026,Google Ads,CUST02111,25-34,Male,19754,745,148,22,5630.35,47324.95,,,,,
C004,Monsoon Offers,15-01-2026,Instagram,CUST00183,35-44,Female,20394,668,121,18,2717.7,34038.34,,,,,
C003,New Product Launch,16-02-2026,Email,CUST01927,25-34,Male,15402,1075,334,84,957,129986.12,,,,,
C005,Back to College,25-08-2026,YouTube,CUST00512,35-44,Male,3197,80,13,1,800,1806.98,,,,,
C003,New Product Launch,03-06-2026,Google Ads,CUST01277,18-24,Male,15673,995,231,42,3489.6,80067.71,,,,,
C001,Summer Sale,18-02-2026,Email,CUST01178,25-34,Male,2930,195,53,8,800,18588.5,,,,,
C005,Back to College,14-08-2026,Instagram,CUST00347,45-54,Male,7082,221,30,4,863.63,10575.56,,,,,
C007,Diwali Mega Sale,01-01-2026,Google Ads,CUST01667,18-24,Female,3813,163,34,6,919.36,19644.31,,,,,
C005,Back to College,04-02-2026,Google Ads,CUST01907,18-24,Female,8087,409,96,18,1398.01,43653.59,,,,,
C005,Back to College,27-08-2026,YouTube,CUST00464,18-24,Female,18220,452,56,4,4001.85,6117.53,,,,,
C003,New Product Launch,14-06-2026,Email,CUST02445,18-24,Male,16876,1264,367,68,800,158386.27,,,,,
C005,Back to College,17-03-2026,YouTube,CUST00872,45-54,Female,7738,105,11,4,1587.47,7372.32,,,,,
C004,Monsoon Offers,07-04-2026,Facebook,CUST00673,35-44,Female,15032,425,58,6,1570.54,9758.91,,,,,
C005,Back to College,19-04-2026,Instagram,CUST01779,55+,Male,9864,311,51,3,1772.25,3826.65,,,,,
C005,Back to College,31-03-2026,YouTube,CUST01594,25-34,Male,5888,143,16,1,1166.81,2119.7,,,,,
C006,Weekend Flash Sale,17-06-2026,Facebook,CUST01133,25-34,Male,14211,552,82,10,2212.57,25793.7,,,,,
C001,Summer Sale,29-03-2026,YouTube,CUST01455,18-24,Male,6873,134,21,2,1414.77,4450.05,,,,,
C002,Festive Bonanza,26-08-2026,Google Ads,CUST01033,18-24,Male,8939,441,90,16,1894.75,50426.77,,,,,
C007,Diwali Mega Sale,21-05-2026,Instagram,CUST02485,25-34,Female,27305,1008,164,26,4897.07,68975.78,,,,,
C007,Diwali Mega Sale,03-08-2026,Instagram,CUST02125,55+,Male,7082,231,29,3,1143.47,7473.95,,,,,
C004,Monsoon Offers,02-07-2026,Google Ads,CUST01144,18-24,Female,8207,366,78,14,1830.82,20089.27,,,,,
C002,Festive Bonanza,20-07-2026,Google Ads,CUST02455,55+,Female,6863,312,72,16,1343.81,43192.91,,,,,
C008,Year End Clearance,06-05-2026,Instagram,CUST01892,25-34,Female,18674,784,129,14,2391.46,28117.42,,,,,
C006,Weekend Flash Sale,24-04-2026,Email,CUST01499,25-34,Male,11275,767,238,48,800,132716.49,,,,,
C005,Back to College,08-03-2026,Facebook,CUST01349,55+,Female,12519,370,54,4,1862.71,9027.98,,,,,
C003,New Product Launch,18-04-2026,Instagram,CUST01954,25-34,Female,11090,248,43,9,1829.8,13204.48,,,,,
C004,Monsoon Offers,29-01-2026,Google Ads,CUST02210,18-24,Male,5970,320,77,12,1557.57,22318.46,,,,,
C006,Weekend Flash Sale,01-06-2026,Facebook,CUST01266,25-34,Male,2943,84,10,3,800,5359.28,,,,,
C008,Year End Clearance,17-01-2026,Instagram,CUST02399,35-44,Male,11961,451,71,9,1558.45,15668.11,,,,,
C003,New Product Launch,10-05-2026,YouTube,CUST01349,18-24,Male,16287,280,42,7,3008.39,9707.74,,,,,
C004,Monsoon Offers,09-04-2026,Facebook,CUST01313,25-34,Female,6120,112,24,2,918.46,3998.3,,,,,
C001,Summer Sale,13-01-2026,Google Ads,CUST00903,35-44,Male,8809,307,55,7,2432.8,18274.75,,,,,
C007,Diwali Mega Sale,18-05-2026,Facebook,CUST00420,35-44,Male,9232,259,42,7,1047.54,18613.51,,,,,
C001,Summer Sale,20-07-2026,Facebook,CUST01978,25-34,Female,7926,244,32,0,1109.36,0,,,,,
C006,Weekend Flash Sale,27-02-2026,Google Ads,CUST02190,35-44,Female,12311,409,85,18,2608.2,35169.08,,,,,
C002,Festive Bonanza,03-05-2026,Google Ads,CUST01373,18-24,Male,4200,162,39,5,1013.91,14585.57,,,,,
C005,Back to College,11-06-2026,Instagram,CUST01818,25-34,Male,7962,225,37,4,1335,8400.84,,,,,
C001,Summer Sale,15-05-2026,Instagram,CUST01553,25-34,Other,10022,284,52,3,1396.38,6209.41,,,,,
C004,Monsoon Offers,01-02-2026,Email,CUST02050,55+,Male,18513,1019,312,62,1024.84,158133.06,,,,,
C001,Summer Sale,25-08-2026,Instagram,CUST01866,45-54,Female,4235,127,21,1,800,1783.1,,,,,
C001,Summer Sale,21-02-2026,Instagram,CUST00556,25-34,Male,8818,232,38,8,1110.23,13176.59,,,,,
C001,Summer Sale,16-06-2026,Email,CUST01095,35-44,Female,5333,282,71,14,800,23475.91,,,,,
C007,Diwali Mega Sale,09-08-2026,Instagram,CUST02449,25-34,Male,6916,254,41,4,880.56,10048.84,,,,,
C004,Monsoon Offers,15-04-2026,Google Ads,CUST02196,35-44,Female,13784,639,129,22,3064.82,27349.09,,,,,
C003,New Product Launch,03-06-2026,Instagram,CUST02420,45-54,Male,22378,772,108,17,3688.29,37679.75,,,,,
C004,Monsoon Offers,14-02-2026,Facebook,CUST00322,45-54,Male,15764,561,71,9,1596.53,12474.92,,,,,
C004,Monsoon Offers,19-02-2026,YouTube,CUST02171,25-34,Male,4956,118,13,3,937.4,6849.72,,,,,
C007,Diwali Mega Sale,09-05-2026,Email,CUST00161,18-24,Female,10808,810,270,66,800,181601.74,,,,,
C003,New Product Launch,08-06-2026,Email,CUST01969,35-44,Female,3695,246,74,16,800,25876.33,,,,,
C008,Year End Clearance,15-03-2026,Google Ads,CUST01143,35-44,Male,8954,449,104,26,1803.21,69431.14,,,,,
C007,Diwali Mega Sale,30-04-2026,Instagram,CUST02082,25-34,Female,6260,254,35,3,1050.06,5253.62,,,,,
C002,Festive Bonanza,19-02-2026,YouTube,CUST01383,55+,Female,5088,134,16,1,840.95,1745.97,,,,,
C005,Back to College,24-01-2026,Google Ads,CUST01168,55+,Female,13694,684,157,31,2827.11,95393.67,,,,,
C003,New Product Launch,03-02-2026,Google Ads,CUST00710,18-24,Male,7003,360,84,13,1526.22,24083.04,,,,,
C007,Diwali Mega Sale,15-03-2026,Email,CUST01974,25-34,Male,18851,1175,349,105,991.65,268861.4,,,,,
C004,Monsoon Offers,19-06-2026,YouTube,CUST00978,35-44,Male,10154,201,15,1,1905.16,1419.34,,,,,
C007,Diwali Mega Sale,24-02-2026,Facebook,CUST00829,25-34,Female,5470,138,20,2,800,3358.99,,,,,
C005,Back to College,15-06-2026,Google Ads,CUST02419,55+,Female,4814,209,47,6,862.38,13196.96,,,,,
C006,Weekend Flash Sale,11-02-2026,YouTube,CUST00185,55+,Unknown,17819,401,49,5,3914.97,7415.67,,,,,
C004,Monsoon Offers,01-03-2026,Email,CUST02404,25-34,Male,23384,1734,524,102,1599.21,256088.17,,,,,
C007,Diwali Mega Sale,08-08-2026,Google Ads,CUST00501,25-34,Other,14303,714,152,24,3234.6,77332.16,,,,,
C002,Festive Bonanza,14-08-2026,YouTube,CUST02245,35-44,Male,16029,397,56,10,2354.09,19217.38,,,,,
C001,Summer Sale,23-06-2026,Instagram,CUST02388,25-34,Female,7917,319,46,5,1475.72,6698.98,,,,,
C001,Summer Sale,16-05-2026,Instagram,CUST00234,25-34,Male,6143,212,31,6,875.39,8284.22,,,,,
C008,Year End Clearance,31-07-2026,Facebook,CUST00956,45-54,Female,4790,152,22,5,800,14334.87,,,,,
C005,Back to College,15-06-2026,YouTube,CUST00992,18-24,Female,12220,228,28,4,1985.93,5457.83,,,,,
C005,Back to College,17-07-2026,Google Ads,CUST00017,25-34,Female,15894,751,163,30,2784.42,50000.87,,,,,
C001,Summer Sale,15-08-2026,Facebook,CUST00839,55+,Male,3764,93,14,2,800,3239.95,,,,,
C001,Summer Sale,18-01-2026,Instagram,CUST01856,35-44,Female,8657,205,29,3,1242.17,7075.26,,,,,
C001,Summer Sale,04-08-2026,Instagram,CUST01073,25-34,Female,7557,225,38,2,964.88,4572.46,,,,,
C001,Summer Sale,29-03-2026,Facebook,CUST01000,25-34,Male,3516,95,11,2,800,3885.93,,,,,
C003,New Product Launch,01-08-2026,Google Ads,CUST01979,18-24,Male,7195,252,54,13,1949.99,21433.4,,,,,
C002,Festive Bonanza,24-02-2026,Instagram,CUST01761,25-34,Other,5538,222,38,4,879.44,12733.9,,,,,
C003,New Product Launch,22-06-2026,Facebook,CUST00365,35-44,Female,10595,251,38,1,1471.32,2403.09,,,,,
C001,Summer Sale,26-03-2026,Instagram,CUST01708,25-34,Female,13250,539,86,13,2174.93,22931.02,,,,,
C008,Year End Clearance,03-05-2026,Email,CUST00649,18-24,Other,8352,286,74,17,800,52959,,,,,
C003,New Product Launch,14-05-2026,YouTube,CUST01952,25-34,Male,6552,196,22,3,1386.78,5710.4,,,,,
C008,Year End Clearance,08-06-2026,Google Ads,CUST00047,25-34,Male,28016,1756,387,64,7444.36,150826.53,,,,,
C008,Year End Clearance,05-06-2026,Google Ads,CUST01673,25-34,Male,3545,117,23,2,990.25,3297.13,,,,,
C007,Diwali Mega Sale,19-07-2026,Facebook,CUST01681,25-34,Female,6389,177,25,8,913.49,27189.89,,,,,
C004,Monsoon Offers,21-02-2026,Facebook,CUST01561,18-24,Female,7349,200,30,2,970.45,3752.46,,,,,
C001,Summer Sale,01-05-2026,Email,CUST01133,45-54,Female,10336,793,235,49,800,98206.45,,,,,
C004,Monsoon Offers,24-06-2026,YouTube,CUST01611,18-24,Male,5529,103,14,0,927.48,0,,,,,
C005,Back to College,01-02-2026,YouTube,CUST02135,45-54,Female,7028,196,26,2,1483.77,4696.1,,,,,
C001,Summer Sale,17-04-2026,Email,CUST00739,35-44,Female,10017,437,131,22,800,52734.36,,,,,
C007,Diwali Mega Sale,30-04-2026,Email,CUST00055,25-34,Female,12088,781,231,67,800,161955.55,,,,,
C004,Monsoon Offers,15-02-2026,Instagram,CUST01915,18-24,Female,11913,383,55,4,1867.58,6767.87,,,,,
C001,Summer Sale,11-04-2026,Google Ads,CUST02307,25-34,Male,5316,154,41,12,1454.64,20579.74,,,,,
C004,Monsoon Offers,25-03-2026,Instagram,CUST01937,45-54,Male,3396,121,21,3,800,3913.51,,,,,
C007,Diwali Mega Sale,03-05-2026,Google Ads,CUST00264,25-34,Female,10830,444,89,19,2795.98,64716.14,,,,,
C001,Summer Sale,05-03-2026,Email,CUST00701,25-34,Male,14635,1044,322,63,800,151460.81,,,,,
C007,Diwali Mega Sale,15-05-2026,Email,CUST02108,55+,Male,8543,697,194,54,800,177080.21,,,,,
C002,Festive Bonanza,19-04-2026,Facebook,CUST00716,25-34,Male,6764,196,28,4,800,6163.19,,,,,
C001,Summer Sale,13-04-2026,Email,CUST01855,55+,Female,9138,544,164,31,800,76093.72,,,,,
C007,Diwali Mega Sale,08-02-2026,Facebook,CUST00676,18-24,Male,4460,122,19,4,800,7998.84,,,,,
C005,Back to College,04-05-2026,Instagram,CUST02246,45-54,Male,7745,252,37,3,1357.32,5736.1,,,,,
C008,Year End Clearance,21-01-2026,Instagram,CUST01827,35-44,Male,10569,308,66,9,1550.4,14589.5,,,,,
C006,Weekend Flash Sale,08-02-2026,Email,CUST02222,45-54,Male,12999,744,232,57,829.36,207600.65,,,,,
C005,Back to College,08-05-2026,Facebook,CUST00124,35-44,Female,9931,280,33,5,1235.07,9001.94,,,,,
C002,Festive Bonanza,24-04-2026,Instagram,CUST00243,55+,Male,21383,746,137,22,3444.24,47036.11,,,,,
C004,Monsoon Offers,14-06-2026,Email,CUST02308,35-44,Male,15274,1082,333,47,967.53,104198.2,,,,,
C001,Summer Sale,24-04-2026,Facebook,CUST00277,45-54,Female,8234,221,35,5,1232.8,8488.18,,,,,
C002,Festive Bonanza,10-07-2026,Instagram,CUST00456,25-34,Female,5233,152,25,5,800,14169.5,,,,,
C004,Monsoon Offers,18-02-2026,Facebook,CUST00952,25-34,Female,38236,1197,145,15,4616.35,21154.41,,,,,
C003,New Product Launch,12-04-2026,YouTube,CUST01208,25-34,Female,4881,95,14,1,941.55,1358.1,,,,,
C002,Festive Bonanza,16-05-2026,Facebook,CUST00514,18-24,Male,11199,393,58,14,1818.87,29482.5,,,,,
C002,Festive Bonanza,23-02-2026,Google Ads,CUST01805,45-54,Female,11342,458,95,21,2147.69,44027.73,,,,,
C005,Back to College,04-08-2026,Email,CUST00117,18-24,Female,20730,1196,368,71,1387.65,240501.21,,,,,
C004,Monsoon Offers,11-03-2026,Instagram,CUST01031,25-34,Male,12480,240,33,4,1723.53,7118.36,,,,,
C006,Weekend Flash Sale,30-08-2026,Instagram,CUST02361,35-44,Female,11770,433,76,8,1326.54,18828.2,,,,,
C006,Weekend Flash Sale,03-04-2026,YouTube,CUST00187,45-54,Female,16305,390,44,5,2270.37,9766.58,,,,,
C002,Festive Bonanza,16-03-2026,YouTube,CUST00346,45-54,Male,5647,126,9,3,1256.26,6490.27,,,,,
C001,Summer Sale,07-06-2026,Google Ads,CUST00154,18-24,Female,6820,345,79,8,1750.39,13178.09,,,,,
C008,Year End Clearance,07-03-2026,YouTube,CUST00703,25-34,Female,8487,144,21,3,1780.64,4880.83,,,,,
C008,Year End Clearance,17-07-2026,Google Ads,CUST01846,18-24,Male,5242,211,52,6,1248.64,15988.35,,,,,
C007,Diwali Mega Sale,22-04-2026,Google Ads,CUST01383,35-44,Male,17173,799,177,36,3997.16,105830.25,,,,,
C006,Weekend Flash Sale,15-05-2026,Email,CUST01345,35-44,Female,3994,257,74,16,800,35893.23,,,,,
C002,Festive Bonanza,25-08-2026,YouTube,CUST01539,45-54,Other,15989,250,29,4,2672.05,6402.47,,,,,
C003,New Product Launch,16-06-2026,Instagram,CUST02246,18-24,Male,19592,501,89,14,2741.39,32101.52,,,,,
C004,Monsoon Offers,24-07-2026,Google Ads,CUST00488,25-34,Male,8211,239,53,10,1967.49,17047.05,,,,,
C005,Back to College,28-03-2026,Email,CUST00272,45-54,Male,2811,182,59,18,800,46525.64,,,,,
C004,Monsoon Offers,01-02-2026,Google Ads,CUST00166,45-54,Female,6630,278,66,10,1893.22,16308.66,,,,,
C004,Monsoon Offers,03-01-2026,Email,CUST01299,25-34,Male,10493,545,158,32,800,49389.22,,,,,
C007,Diwali Mega Sale,01-06-2026,YouTube,CUST01605,25-34,Female,4030,69,9,1,800,3050.42,,,,,
C006,Weekend Flash Sale,12-06-2026,Google Ads,CUST02480,25-34,Female,10743,588,128,20,1871.39,47628.42,,,,,
C005,Back to College,29-03-2026,Email,CUST01782,18-24,Female,11701,690,199,41,800,134480.72,,,,,
C006,Weekend Flash Sale,13-01-2026,Instagram,CUST02043,18-24,Male,6682,189,38,6,1008.13,13728.14,,,,,
C002,Festive Bonanza,24-07-2026,Instagram,CUST00084,25-34,Male,17960,508,81,17,2234.62,29005.32,,,,,
C007,Diwali Mega Sale,08-07-2026,Instagram,CUST02190,55+,Male,10861,443,62,11,1398.47,27339.98,,,,,
C001,Summer Sale,06-03-2026,Email,CUST01384,35-44,Male,5691,282,76,15,800,42653.76,,,,,
C008,Year End Clearance,05-06-2026,Facebook,CUST02007,55+,Female,5207,146,20,4,800,9576.77,,,,,
C003,New Product Launch,05-08-2026,Facebook,CUST01047,25-34,Male,11173,342,41,6,1506.28,12656.36,,,,,
C006,Weekend Flash Sale,09-01-2026,Facebook,CUST01070,25-34,Male,17714,596,72,6,2276.03,14716.54,,,,,
C005,Back to College,22-04-2026,Instagram,CUST02443,35-44,Male,28426,1018,159,19,3670.8,36384.04,,,,,
C008,Year End Clearance,19-01-2026,Email,CUST00852,18-24,Female,9576,696,216,39,800,84877.83,,,,,
C007,Diwali Mega Sale,10-02-2026,Instagram,CUST00067,35-44,Female,3525,97,10,1,800,3324.36,,,,,
C001,Summer Sale,21-05-2026,YouTube,CUST01337,55+,Male,12260,186,21,1,2653.92,1172.83,,,,,
C007,Diwali Mega Sale,26-04-2026,YouTube,CUST00144,18-24,Female,13928,257,39,7,2642.65,13351.25,,,,,
C003,New Product Launch,21-04-2026,Instagram,CUST00656,25-34,Female,11127,368,62,8,1410.32,17268.95,,,,,
C008,Year End Clearance,14-03-2026,Google Ads,CUST00744,25-34,Female,10974,394,72,19,2893.43,33969.42,,,,,
C007,Diwali Mega Sale,13-06-2026,Instagram,CUST00335,25-34,Female,12781,323,49,8,1751.19,15780.61,,,,,
C005,Back to College,06-05-2026,YouTube,CUST01903,25-34,Female,50399,950,114,12,9865.7,18916.59,,,,,
C006,Weekend Flash Sale,30-07-2026,Google Ads,CUST00146,35-44,Female,14240,549,144,22,3460.19,49692.83,,,,,
C001,Summer Sale,25-03-2026,Google Ads,CUST00565,45-54,Male,20820,1166,271,47,3915.51,60685.76,,,,,
C001,Summer Sale,05-03-2026,Google Ads,CUST01388,25-34,Male,8545,363,81,17,2400.23,27065.97,,,,,
C005,Back to College,16-04-2026,Instagram,CUST01242,35-44,Male,14555,565,87,9,2351.06,21118.32,,,,,
C001,Summer Sale,30-03-2026,Facebook,CUST01336,55+,Female,13880,299,57,11,1446.04,11775.94,,,,,
C008,Year End Clearance,26-06-2026,Facebook,CUST01303,25-34,Male,10478,271,34,3,1240.09,4895.06,,,,,
C004,Monsoon Offers,12-03-2026,Google Ads,CUST01101,35-44,Male,15107,581,150,21,4094.43,25404.71,,,,,
C003,New Product Launch,18-05-2026,Facebook,CUST01590,18-24,Male,22961,532,57,10,3711.82,24307.18,,,,,
C007,Diwali Mega Sale,10-01-2026,Instagram,CUST01157,18-24,Female,8679,342,57,6,1353.75,14198.44,,,,,
C005,Back to College,26-03-2026,YouTube,CUST00562,35-44,Female,8743,198,18,0,1840.19,0,,,,,
C004,Monsoon Offers,29-04-2026,Facebook,CUST00792,18-24,Male,12540,399,49,5,1373.37,7149.86,,,,,
C005,Back to College,25-05-2026,Facebook,CUST00014,25-34,Male,17953,507,80,8,2526.8,16632.39,,,,,
C001,Summer Sale,11-02-2026,Email,CUST00232,35-44,Female,7726,476,134,31,800,43502.65,,,,,
C002,Festive Bonanza,15-03-2026,Instagram,CUST00539,45-54,Female,20671,582,91,11,3600.57,18015,,,,,
C001,Summer Sale,02-05-2026,YouTube,CUST00236,35-44,Female,4965,112,17,1,1038.99,1800.25,,,,,
C004,Monsoon Offers,24-02-2026,Instagram,CUST02102,35-44,Other,13620,421,63,9,2382.31,13134.97,,,,,
C001,Summer Sale,22-07-2026,Facebook,CUST02271,25-34,Male,15536,314,41,4,2170.09,6959.58,,,,,
C001,Summer Sale,01-03-2026,YouTube,CUST00563,25-34,Male,7636,222,20,1,1659.83,1016.5,,,,,
C008,Year End Clearance,08-07-2026,Email,CUST01589,25-34,Female,4679,333,103,22,800,52627.78,,,,,
C004,Monsoon Offers,10-08-2026,YouTube,CUST01659,45-54,Male,14616,353,45,7,2141.13,11149.02,,,,,
C001,Summer Sale,07-02-2026,Facebook,CUST02208,35-44,Female,2531,71,10,2,800,3713.72,,,,,
C003,New Product Launch,11-03-2026,Email,CUST00093,25-34,Male,19022,854,247,45,800,98243.15,,,,,
C002,Festive Bonanza,14-01-2026,Instagram,CUST01988,18-24,Female,26353,740,126,21,3186.92,48764.14,,,,,
C002,Festive Bonanza,02-08-2026,YouTube,CUST02277,45-54,Male,5570,145,24,3,851.53,4552.21,,,,,
C003,New Product Launch,13-01-2026,YouTube,CUST00257,25-34,Female,26064,510,58,5,4741.44,8725.74,,,,,
C005,Back to College,28-05-2026,Facebook,CUST00481,18-24,Male,17624,607,72,8,2303.23,17611.52,,,,,
C006,Weekend Flash Sale,29-06-2026,Instagram,CUST01195,35-44,Female,6122,266,38,6,955.61,12912.4,,,,,
C006,Weekend Flash Sale,05-06-2026,YouTube,CUST01883,35-44,Female,2031,32,2,1,800,2893.88,,,,,
C004,Monsoon Offers,28-06-2026,Google Ads,CUST00419,25-34,Female,16137,735,179,27,3550.42,40620.44,,,,,
C004,Monsoon Offers,22-03-2026,Google Ads,CUST00161,18-24,Male,3986,178,30,7,800,14589.26,,,,,
C003,New Product Launch,17-04-2026,Google Ads,CUST00805,18-24,Male,8056,360,89,10,2057.61,22398.97,,,,,
C002,Festive Bonanza,09-06-2026,Email,CUST00131,35-44,Other,8017,399,123,28,800,58338.37,,,,,
C005,Back to College,14-01-2026,Instagram,CUST00776,45-54,Female,5742,171,33,9,938.44,16631.83,,,,,
C004,Monsoon Offers,19-08-2026,Email,CUST01233,25-34,Female,20059,1312,372,64,841.31,120731.71,,,,,
C008,Year End Clearance,10-01-2026,Facebook,CUST01748,45-54,Male,5534,188,25,3,819.71,5230.46,,,,,
C006,Weekend Flash Sale,30-05-2026,Instagram,CUST01852,45-54,Other,9571,457,73,5,1394.89,11926.41,,,,,
C008,Year End Clearance,05-08-2026,Google Ads,CUST02106,45-54,Male,6702,406,89,14,1399.98,35040.14,,,,,
C007,Diwali Mega Sale,09-01-2026,Email,CUST01810,35-44,Female,9168,683,195,49,800,156666.89,,,,,
C005,Back to College,26-06-2026,YouTube,CUST00615,25-34,Female,7360,144,18,2,1025.25,3686.59,,,,,
C003,New Product Launch,01-06-2026,YouTube,CUST02303,45-54,Male,13541,279,33,2,2475.38,2971.17,,,,,
C002,Festive Bonanza,11-02-2026,YouTube,CUST02037,45-54,Female,19735,348,33,3,4213.69,3599.39,,,,,
C005,Back to College,23-01-2026,Email,CUST00940,25-34,Female,6446,428,128,38,800,126934.08,,,,,
C001,Summer Sale,01-03-2026,Google Ads,CUST00696,45-54,Female,5655,167,38,9,1612.59,12098.87,,,,,
C007,Diwali Mega Sale,07-01-2026,YouTube,CUST02408,25-34,Male,13363,360,41,8,2201.15,20447.98,,,,,
C003,New Product Launch,25-05-2026,Email,CUST00726,45-54,Female,5282,266,93,20,800,66483.92,,,,,
C005,Back to College,12-01-2026,Google Ads,CUST01129,18-24,Other,8157,258,62,6,2308.32,18339.29,,,,,
C001,Summer Sale,14-06-2026,Google Ads,CUST00008,25-34,Male,14504,676,137,25,3631.07,45868.04,,,,,
C002,Festive Bonanza,14-08-2026,Email,CUST01221,35-44,Female,10125,640,199,47,800,123311.25,,,,,
C001,Summer Sale,23-08-2026,Instagram,CUST00936,35-44,Male,9249,309,48,6,1126.29,14051.48,,,,,
C005,Back to College,26-03-2026,YouTube,CUST00634,25-34,Male,5154,111,21,5,928.09,10650.68,,,,,
C005,Back to College,22-08-2026,Instagram,CUST01553,45-54,Male,9212,373,68,8,1161.1,18563.95,,,,,
C008,Year End Clearance,31-08-2026,Email,CUST01407,35-44,Female,6233,269,88,25,800,42181.07,,,,,
C002,Festive Bonanza,30-03-2026,Email,CUST00340,55+,Female,17726,1098,356,91,817.9,289828.13,,,,,
C008,Year End Clearance,26-06-2026,Email,CUST01490,25-34,Male,8598,510,141,36,800,73996.83,,,,,
C008,Year End Clearance,31-08-2026,Instagram,CUST01330,25-34,Female,4723,136,27,3,800,3327.47,,,,,
C003,New Product Launch,23-03-2026,Instagram,CUST00206,25-34,Male,16389,372,66,7,1861.46,13472.86,,,,,
C001,Summer Sale,24-03-2026,Google Ads,CUST00243,55+,Male,22276,1086,262,41,5651.9,65905.75,,,,,
C004,Monsoon Offers,05-06-2026,Instagram,CUST00098,18-24,Male,7632,243,34,6,887.47,8717.09,,,,,
C007,Diwali Mega Sale,02-02-2026,Google Ads,CUST01870,18-24,Female,5735,230,51,10,1015.83,30389.76,,,,,
C008,Year End Clearance,23-04-2026,Facebook,CUST00601,45-54,Male,20623,615,74,6,3353.51,7449.85,,,,,
C001,Summer Sale,21-08-2026,YouTube,CUST00328,35-44,Female,6870,154,16,0,1078.99,0,,,,,
C006,Weekend Flash Sale,12-05-2026,Google Ads,CUST00184,35-44,Male,7340,261,62,7,1324.58,20872.46,,,,,
C004,Monsoon Offers,10-04-2026,Google Ads,CUST01305,18-24,Female,6196,220,58,13,1546.53,29825.44,,,,,
C003,New Product Launch,01-08-2026,Email,CUST01145,25-34,Male,12549,1167,365,75,800,170333.9,,,,,
C004,Monsoon Offers,21-04-2026,Facebook,CUST02041,25-34,Male,10084,288,41,3,1678.85,3948.69,,,,,
C006,Weekend Flash Sale,31-01-2026,Instagram,CUST01757,35-44,Male,16158,573,89,7,2105.06,10243.64,,,,,
C004,Monsoon Offers,11-07-2026,Email,CUST02318,25-34,Male,11094,829,229,45,800,94900.67,,,,,
C008,Year End Clearance,06-06-2026,Instagram,CUST02359,35-44,Male,9210,341,53,6,1497.78,9786.72,,,,,
C003,New Product Launch,31-05-2026,Instagram,CUST02288,35-44,Female,7880,303,55,5,1123.92,8727.26,,,,,
C007,Diwali Mega Sale,22-08-2026,Google Ads,CUST00414,25-34,Female,5218,214,49,13,1385.32,27859.08,,,,,
C001,Summer Sale,11-05-2026,Instagram,CUST00086,45-54,Male,6618,292,60,8,847.29,19205.38,,,,,
C004,Monsoon Offers,26-05-2026,Google Ads,CUST01747,45-54,Male,8201,403,93,14,2026.99,17620.97,,,,,
C006,Weekend Flash Sale,06-04-2026,Email,CUST02431,25-34,Male,20356,1739,514,93,1095.07,199567.6,,,,,
C008,Year End Clearance,22-03-2026,Google Ads,CUST02032,18-24,Male,5125,210,51,6,1381.81,10732.02,,,,,
C008,Year End Clearance,12-04-2026,Google Ads,CUST02067,35-44,Female,9717,398,73,14,1850.38,27924.19,,,,,
C002,Festive Bonanza,11-07-2026,Facebook,CUST00142,35-44,Female,6966,215,32,9,998.35,16228.01,,,,,
C007,Diwali Mega Sale,10-05-2026,Email,CUST01096,35-44,Female,5857,311,106,25,800,68290.94,,,,,
C003,New Product Launch,05-05-2026,Google Ads,CUST00154,45-54,Male,24573,1580,331,59,4458.45,127406.97,,,,,
C008,Year End Clearance,14-08-2026,Facebook,CUST00379,35-44,Male,9899,266,34,5,1326.61,7522.2,,,,,
C004,Monsoon Offers,12-08-2026,Email,CUST01745,25-34,Female,9283,642,178,38,800,83183.65,,,,,
C001,Summer Sale,14-05-2026,YouTube,CUST00053,18-24,Male,6383,150,14,2,923.23,4080.14,,,,,
C004,Monsoon Offers,21-06-2026,Email,CUST01961,45-54,Female,9016,557,173,27,800,54794.77,,,,,
C001,Summer Sale,17-05-2026,Email,CUST01914,25-34,Male,7136,378,114,23,800,56347.16,,,,,
C001,Summer Sale,25-06-2026,Instagram,CUST02192,25-34,Female,12272,293,57,9,1495.49,18334.9,,,,,
C006,Weekend Flash Sale,28-07-2026,Instagram,CUST01238,25-34,Female,12285,529,80,10,1993.2,20997.99,,,,,
C006,Weekend Flash Sale,13-04-2026,Google Ads,CUST00537,55+,Female,16743,703,167,30,3267.41,54331.25,,,,,
C007,Diwali Mega Sale,13-04-2026,Email,CUST00724,25-34,Female,2493,194,65,26,800,67183.63,,,,,
C001,Summer Sale,10-06-2026,Instagram,CUST02332,55+,Female,11202,413,68,8,2071.22,11641.73,,,,,
C007,Diwali Mega Sale,19-02-2026,Google Ads,CUST00541,25-34,Female,4249,137,31,6,879.13,12656.65,,,,,
C008,Year End Clearance,14-05-2026,Email,CUST00407,18-24,Female,3371,238,65,12,800,38762.37,,,,,
C008,Year End Clearance,24-04-2026,Instagram,CUST02474,18-24,Female,7390,260,43,6,851.64,7530.45,,,,,
C007,Diwali Mega Sale,13-04-2026,Email,CUST01171,25-34,Female,5006,244,73,29,800,123036.42,,,,,
C001,Summer Sale,05-01-2026,Google Ads,CUST00478,18-24,Female,7172,388,87,11,1915.25,12682.58,,,,,
C007,Diwali Mega Sale,28-08-2026,Email,CUST00610,35-44,Female,13899,1101,340,91,889.83,418277.02,,,,,
C002,Festive Bonanza,05-01-2026,Instagram,CUST01449,45-54,Male,13119,370,59,8,1959.93,16305.87,,,,,
C008,Year End Clearance,04-03-2026,Email,CUST02318,18-24,Male,18697,1423,432,92,1000.26,210147.43,,,,,
C005,Back to College,30-08-2026,Google Ads,CUST00978,35-44,Female,8008,317,75,12,2214.14,26082.71,,,,,
C001,Summer Sale,11-06-2026,Facebook,CUST01642,25-34,Female,10786,300,48,6,1215.18,12671.37,,,,,
C004,Monsoon Offers,28-03-2026,Google Ads,CUST01160,25-34,Male,5284,80,21,5,1105.57,10358.57,,,,,
C003,New Product Launch,11-01-2026,Google Ads,CUST01450,18-24,Female,17203,702,148,25,4141.77,66741.35,,,,,
C001,Summer Sale,20-02-2026,Facebook,CUST01546,25-34,Male,26705,664,90,7,3267,12915.34,,,,,
C007,Diwali Mega Sale,12-03-2026,YouTube,CUST01140,25-34,Male,15233,265,35,9,2390.76,15790.36,,,,,
C001,Summer Sale,28-06-2026,YouTube,CUST01070,25-34,Other,20040,366,49,3,3627.34,6143.91,,,,,
C004,Monsoon Offers,18-08-2026,Facebook,CUST01988,18-24,Female,13868,373,44,6,2121.11,7524.02,,,,,
C004,Monsoon Offers,23-05-2026,YouTube,CUST00209,25-34,Male,8046,195,17,1,1790.59,1257.06,,,,,
C003,New Product Launch,16-07-2026,Facebook,CUST01414,18-24,Female,2440,67,5,0,800,0,,,,,
C005,Back to College,05-05-2026,Instagram,CUST02243,18-24,Male,16985,591,105,15,2646.22,31470.41,,,,,
C001,Summer Sale,21-03-2026,Google Ads,CUST02461,55+,Male,6745,409,93,14,1808.38,32247.67,,,,,
C005,Back to College,29-08-2026,YouTube,CUST01051,18-24,Male,4281,126,14,2,800,4461.26,,,,,
C003,New Product Launch,23-01-2026,Google Ads,CUST00482,35-44,Male,11125,287,63,13,2949.13,8776.11,,,,,
C003,New Product Launch,10-07-2026,Email,CUST01932,18-24,Male,8487,643,196,44,800,119117.68,,,,,
C003,New Product Launch,10-04-2026,Email,CUST02000,45-54,Male,10033,748,212,50,800,126349.61,,,,,
C005,Back to College,14-04-2026,Email,CUST01177,55+,Male,6840,349,110,27,800,71233.69,,,,,
C007,Diwali Mega Sale,16-07-2026,Instagram,CUST01825,25-34,Female,10894,370,51,9,1421.67,30948.77,,,,,
C008,Year End Clearance,29-08-2026,Instagram,CUST01599,35-44,Female,6446,179,31,6,1159.05,10668.96,,,,,
C007,Diwali Mega Sale,04-03-2026,Google Ads,CUST01767,25-34,Male,8992,415,79,15,1759.79,37645.28,,,,,
C002,Festive Bonanza,05-06-2026,Instagram,CUST01020,25-34,Male,11439,333,58,5,1920.91,10555.12,,,,,
C005,Back to College,11-07-2026,Facebook,CUST00326,55+,Female,5172,128,24,6,800,14511.27,,,,,
C004,Monsoon Offers,26-02-2026,Email,CUST00080,25-34,Female,24350,1700,505,86,1195.34,223565.95,,,,,
C001,Summer Sale,30-05-2026,Google Ads,CUST00730,45-54,Male,3569,128,33,7,800,14588.43,,,,,
C006,Weekend Flash Sale,06-05-2026,YouTube,CUST01578,25-34,Male,4020,82,7,0,900.87,0,,,,,
C002,Festive Bonanza,14-05-2026,Facebook,CUST00747,25-34,Female,13524,414,42,2,1667.98,4154.65,,,,,
C006,Weekend Flash Sale,25-03-2026,YouTube,CUST01077,45-54,Male,24082,505,62,7,5351.83,13866.88,,,,,
C003,New Product Launch,12-05-2026,Instagram,CUST01572,25-34,Male,8932,280,49,3,1341.95,2965.9,,,,,
C007,Diwali Mega Sale,10-08-2026,Email,CUST01155,55+,Female,5944,421,115,23,800,40784.8,,,,,
C004,Monsoon Offers,08-07-2026,Email,CUST02131,18-24,Female,6670,428,145,22,800,37937.85,,,,,
C001,Summer Sale,13-05-2026,Facebook,CUST01047,25-34,Male,8370,292,43,4,1244.24,5367.73,,,,,
C005,Back to College,18-03-2026,Instagram,CUST01478,45-54,Male,9309,361,68,13,1161.23,28868.66,,,,,
C006,Weekend Flash Sale,20-04-2026,Google Ads,CUST00214,45-54,Male,8236,514,108,23,2022.47,61450.68,,,,,
C005,Back to College,17-01-2026,Google Ads,CUST01766,35-44,Male,7857,394,79,11,1865.96,30790.88,,,,,
C002,Festive Bonanza,15-01-2026,Instagram,CUST01474,45-54,Male,9400,272,48,9,1421.55,30925.66,,,,,
C006,Weekend Flash Sale,02-08-2026,Instagram,CUST00586,18-24,Female,12988,383,68,13,2037.69,23826.23,,,,,
C008,Year End Clearance,10-01-2026,Instagram,CUST01890,45-54,Female,16404,631,110,11,2017.13,15787.66,,,,,
C001,Summer Sale,27-03-2026,Instagram,CUST01088,55+,Male,3792,128,17,1,800,1892.38,,,,,
C004,Monsoon Offers,20-06-2026,Email,CUST02416,35-44,Female,10136,584,174,27,800,79027.38,,,,,
C008,Year End Clearance,18-06-2026,Facebook,CUST02432,45-54,Male,8243,240,30,3,1223.06,5388.72,,,,,
C007,Diwali Mega Sale,02-01-2026,Email,CUST01975,55+,Female,9460,682,213,68,800,184228.82,,,,,
C004,Monsoon Offers,14-02-2026,YouTube,CUST01348,55+,Male,5652,114,17,0,954.79,0,,,,,
C005,Back to College,23-02-2026,Instagram,CUST00002,55+,Female,5092,179,19,3,929.11,4302.67,,,,,
C001,Summer Sale,08-04-2026,Instagram,CUST01879,25-34,Female,12919,391,60,5,1514.07,9057.72,,,,,
C003,New Product Launch,03-07-2026,YouTube,CUST00735,35-44,Male,5219,94,5,0,800,0,,,,,
C006,Weekend Flash Sale,08-03-2026,Facebook,CUST02388,25-34,Female,8546,156,19,1,1302.47,2196.76,,,,,
C005,Back to College,30-01-2026,Facebook,CUST00526,45-54,Male,14409,443,66,9,1928.57,20180.99,,,,,
C003,New Product Launch,15-06-2026,YouTube,CUST01734,25-34,Female,5064,148,18,0,1105.31,0,,,,,
C008,Year End Clearance,02-07-2026,Email,CUST00656,25-34,Male,8968,777,227,45,800,87218.67,,,,,
C005,Back to College,02-01-2026,Email,CUST02006,35-44,Male,12442,835,255,52,800,141094.57,,,,,
C005,Back to College,09-04-2026,Google Ads,CUST00666,25-34,Male,5915,308,64,16,1528.14,12701.27,,,,,
C002,Festive Bonanza,11-03-2026,Email,CUST01099,25-34,Female,6054,329,92,24,800,56234.32,,,,,
C004,Monsoon Offers,14-01-2026,Google Ads,CUST01485,25-34,Female,12935,625,135,19,2709.19,52132.13,,,,,
C004,Monsoon Offers,20-06-2026,YouTube,CUST02132,25-34,Male,6941,160,20,2,1255.24,3096.65,,,,,
C002,Festive Bonanza,10-01-2026,Email,CUST02074,18-24,Male,10524,801,258,64,800,195001.8,,,,,
C005,Back to College,26-01-2026,Google Ads,CUST00330,35-44,Female,15087,670,162,18,4109.96,51119.2,,,,,
C005,Back to College,10-01-2026,YouTube,CUST00873,18-24,Female,16427,377,46,9,3456.32,16906.87,,,,,
C008,Year End Clearance,03-04-2026,Instagram,CUST01215,18-24,Female,2393,61,7,2,800,2954.71,,,,,
C007,Diwali Mega Sale,10-08-2026,Facebook,CUST00875,55+,Female,6990,194,32,6,800,17568.2,,,,,
C004,Monsoon Offers,06-07-2026,Facebook,CUST02073,18-24,Female,9390,179,30,7,1462.72,10771.65,,,,,
C003,New Product Launch,22-03-2026,YouTube,CUST01557,25-34,Male,11645,262,34,6,2096.32,9605.46,,,,,
C007,Diwali Mega Sale,13-08-2026,YouTube,CUST02123,18-24,Other,14489,306,29,7,2867.66,18636.1,,,,,
C001,Summer Sale,16-03-2026,Instagram,CUST01121,35-44,Female,17506,529,100,18,3147.29,32308.57,,,,,
C006,Weekend Flash Sale,03-06-2026,Instagram,CUST02433,25-34,Male,5692,156,32,6,1036.87,17079.27,,,,,
C006,Weekend Flash Sale,09-06-2026,Instagram,CUST00918,25-34,Male,37215,1073,166,25,5428.62,43204.65,,,,,
C008,Year End Clearance,16-07-2026,Email,CUST01057,35-44,Male,13845,1119,322,63,800,144091.83,,,,,
C005,Back to College,20-02-2026,Facebook,CUST00152,25-34,Male,11911,383,59,5,1612.32,9222.86,,,,,
C006,Weekend Flash Sale,20-01-2026,Email,CUST00007,18-24,Male,24182,1634,496,118,1459.72,258534.64,,,,,
C002,Festive Bonanza,25-08-2026,Email,CUST01617,35-44,Male,24340,1664,510,130,1116.03,266392.73,,,,,
C005,Back to College,25-03-2026,Instagram,CUST00918,18-24,Female,7157,209,34,5,1022.09,9868.07,,,,,
C007,Diwali Mega Sale,15-08-2026,Facebook,CUST00833,25-34,Male,6250,150,21,2,977.48,3754.99,,,,,
C005,Back to College,05-04-2026,Facebook,CUST02059,35-44,Female,11019,271,42,0,1184.87,0,,,,,
C003,New Product Launch,26-08-2026,Facebook,CUST00621,18-24,Female,4964,134,26,3,800,6808.7,,,,,
C005,Back to College,16-06-2026,Google Ads,CUST02076,18-24,Female,11091,504,107,19,2905.7,43652.93,,,,,
C006,Weekend Flash Sale,13-01-2026,Email,CUST02229,35-44,Female,22944,1364,397,76,1070.05,238719.66,,,,,
C002,Festive Bonanza,08-07-2026,Google Ads,CUST00886,18-24,Male,4033,249,61,13,896.68,37224.56,,,,,
C001,Summer Sale,29-03-2026,Email,CUST02210,25-34,Male,4270,328,90,23,800,23191.96,,,,,
C001,Summer Sale,22-02-2026,Google Ads,CUST02285,35-44,Male,5209,222,54,6,1001.61,6157.45,,,,,
C007,Diwali Mega Sale,03-05-2026,Email,CUST01988,18-24,Female,7887,448,144,39,800,106429.68,,,,,
C001,Summer Sale,14-04-2026,Email,CUST00204,18-24,Male,14615,833,231,41,800,121669.72,,,,,
C002,Festive Bonanza,12-01-2026,Facebook,CUST01360,35-44,Female,11591,293,45,4,1952.74,10409.37,,,,,
C001,Summer Sale,09-07-2026,Facebook,CUST00012,35-44,Female,17937,483,69,12,2841.53,21675.75,,,,,
C008,Year End Clearance,05-05-2026,Instagram,CUST01891,18-24,Female,4527,159,14,0,800,0,,,,,
C006,Weekend Flash Sale,01-07-2026,Instagram,CUST01450,25-34,Female,23860,822,155,20,3100.31,53414.95,,,,,
C003,New Product Launch,08-04-2026,YouTube,CUST01345,18-24,Female,2712,76,17,5,800,7922,,,,,
C005,Back to College,11-03-2026,Email,CUST01559,18-24,Male,13895,999,298,62,800,143803.55,,,,,
C005,Back to College,27-03-2026,YouTube,CUST01891,35-44,Female,7761,159,20,0,1088.77,0,,,,,
C006,Weekend Flash Sale,14-06-2026,Google Ads,CUST02041,55+,Female,10742,502,112,17,2635.39,39832.61,,,,,
C002,Festive Bonanza,11-02-2026,Instagram,CUST00597,35-44,Female,10001,284,46,6,1771.31,14565.93,,,,,
C004,Monsoon Offers,08-08-2026,Facebook,CUST00331,25-34,Female,14002,565,96,13,2210.02,19334.67,,,,,
C002,Festive Bonanza,13-05-2026,YouTube,CUST02420,25-34,Male,3798,68,8,1,800,2830.43,,,,,
C008,Year End Clearance,11-07-2026,Google Ads,CUST02474,35-44,Female,3265,169,27,7,868.26,9979.58,,,,,
C002,Festive Bonanza,06-04-2026,Google Ads,CUST02333,25-34,Female,7861,420,84,17,1546,52486.75,,,,,
C002,Festive Bonanza,24-03-2026,Facebook,CUST00355,35-44,Male,8604,244,35,4,1112.95,7760.33,,,,,
C006,Weekend Flash Sale,02-08-2026,Email,CUST01213,25-34,Female,7735,425,119,33,800,92453.3,,,,,
C006,Weekend Flash Sale,16-06-2026,YouTube,CUST01614,25-34,Female,11361,158,17,4,1965.04,7670.62,,,,,
C004,Monsoon Offers,04-05-2026,Email,CUST00331,55+,Male,10336,776,242,46,800,60260.65,,,,,
C002,Festive Bonanza,28-04-2026,Instagram,CUST00195,55+,Male,7668,183,25,5,905.22,14233.25,,,,,
C001,Summer Sale,06-07-2026,YouTube,CUST00038,55+,Female,18264,412,49,6,3467.66,8322.31,,,,,
C006,Weekend Flash Sale,26-07-2026,Google Ads,CUST00389,25-34,Female,8558,428,98,25,1921.14,78610.83,,,,,
C004,Monsoon Offers,07-01-2026,Facebook,CUST00416,25-34,Female,8727,275,40,8,921.87,10545.49,,,,,
C005,Back to College,04-05-2026,Instagram,CUST01721,35-44,Female,7047,139,18,2,863.17,4084.57,,,,,
C007,Diwali Mega Sale,01-04-2026,Instagram,CUST01762,25-34,Male,5949,196,32,7,800,13837.39,,,,,
C004,Monsoon Offers,04-07-2026,Instagram,CUST00652,25-34,Female,21781,425,59,5,3956.86,9527.72,,,,,
C007,Diwali Mega Sale,19-02-2026,YouTube,CUST01419,25-34,Male,9813,205,32,5,2009.93,16021.12,,,,,
C007,Diwali Mega Sale,11-01-2026,Instagram,CUST01783,35-44,Male,4176,155,30,5,800,12957.01,,,,,
C005,Back to College,25-06-2026,Facebook,CUST01604,55+,Male,8861,290,38,4,1108.01,4546.15,,,,,
C006,Weekend Flash Sale,14-01-2026,Facebook,CUST02322,35-44,Male,20427,568,71,12,3128.43,19003.13,,,,,
C003,New Product Launch,23-04-2026,YouTube,CUST02498,18-24,Male,12362,360,46,5,2278.04,3956.84,,,,,
C008,Year End Clearance,15-05-2026,YouTube,CUST02251,18-24,Female,14942,173,19,1,3241.39,1399.4,,,,,
C006,Weekend Flash Sale,07-02-2026,Facebook,CUST02240,18-24,Female,9848,213,33,3,1110.85,8747,,,,,
C006,Weekend Flash Sale,18-08-2026,Instagram,CUST00714,25-34,Male,16313,478,90,14,2078.99,32257.48,,,,,
C007,Diwali Mega Sale,03-07-2026,Email,CUST01435,55+,Male,7058,519,160,39,800,195552.96,,,,,
C008,Year End Clearance,06-08-2026,Instagram,CUST00877,45-54,Female,5085,166,32,1,934.83,2694.55,,,,,
C006,Weekend Flash Sale,28-01-2026,Email,CUST00022,18-24,Male,35567,2070,640,137,1802.56,308326.57,,,,,
C007,Diwali Mega Sale,29-04-2026,Instagram,CUST01287,35-44,Male,14657,458,94,8,2461.9,12421.98,,,,,
C005,Back to College,01-08-2026,Email,CUST00378,25-34,Female,15088,1101,346,82,800,243880.17,,,,,
C004,Monsoon Offers,28-05-2026,Google Ads,CUST01133,25-34,Male,10957,534,120,14,2580.24,29680.32,,,,,
C004,Monsoon Offers,19-01-2026,Facebook,CUST01479,35-44,Male,9537,267,39,4,1413.87,3560.29,,,,,
C004,Monsoon Offers,16-07-2026,Instagram,CUST00706,55+,Female,10520,484,80,6,1742.06,12033.37,,,,,
C002,Festive Bonanza,29-06-2026,Instagram,CUST00605,25-34,Male,5196,137,15,3,800,6866.38,,,,,
C003,New Product Launch,10-03-2026,YouTube,CUST00761,25-34,Female,12323,256,35,3,2185.71,7124.3,,,,,
C004,Monsoon Offers,20-04-2026,Email,CUST01812,18-24,Female,3992,283,94,11,800,27789.64,,,,,
C002,Festive Bonanza,26-08-2026,Google Ads,CUST01728,45-54,Female,5861,261,52,6,1575.14,23443.12,,,,,
C005,Back to College,21-01-2026,Google Ads,CUST00729,18-24,Female,8639,194,45,9,2182.75,15264.05,,,,,
C005,Back to College,21-08-2026,Instagram,CUST01275,25-34,Male,22491,642,98,16,3999.95,38905.75,,,,,
C008,Year End Clearance,19-03-2026,Email,CUST01819,25-34,Female,7523,398,126,28,800,72307.02,,,,,
C007,Diwali Mega Sale,07-08-2026,Instagram,CUST02282,18-24,Female,10852,332,55,11,1933.86,28820.46,,,,,
C002,Festive Bonanza,28-04-2026,Google Ads,CUST00981,18-24,Male,6643,269,57,15,1596.83,48399.83,,,,,
C005,Back to College,23-03-2026,Email,CUST00149,45-54,Female,14225,885,272,75,800,123875.7,,,,,
C003,New Product Launch,31-05-2026,Email,CUST00656,35-44,Other,4821,262,68,9,800,22619.71,,,,,
C002,Festive Bonanza,06-05-2026,Google Ads,CUST01960,35-44,Female,10245,564,120,24,2683.18,66001.01,,,,,
C004,Monsoon Offers,04-02-2026,Google Ads,CUST01600,35-44,Male,5234,259,62,11,1415.47,22417.39,,,,,
C004,Monsoon Offers,23-01-2026,Email,CUST00317,25-34,Other,11732,924,259,38,800,86606.42,,,,,
C005,Back to College,02-03-2026,Instagram,CUST00088,55+,Female,7360,255,46,5,909.48,8058.61,,,,,
C001,Summer Sale,14-06-2026,Email,CUST02274,25-34,Female,9563,765,245,59,800,117946.8,,,,,
C002,Festive Bonanza,14-04-2026,Email,CUST00174,25-34,Female,7503,519,146,35,800,90073.1,,,,,
C007,Diwali Mega Sale,30-01-2026,Instagram,CUST01760,18-24,Male,20718,542,77,13,3320.64,30994.48,,,,,
C003,New Product Launch,22-08-2026,YouTube,CUST00737,35-44,Male,8931,238,27,2,1469.87,2985.75,,,,,
C008,Year End Clearance,30-07-2026,Google Ads,CUST00855,25-34,Male,7895,284,61,7,1407.68,9956.27,,,,,
C006,Weekend Flash Sale,15-06-2026,Instagram,CUST02491,35-44,Female,10935,330,61,7,1899.2,9302.7,,,,,
C001,Summer Sale,31-01-2026,Facebook,CUST00152,45-54,Female,4485,149,25,2,800,4121.68,,,,,
C001,Summer Sale,13-06-2026,YouTube,CUST01118,45-54,Female,16572,387,39,2,2453.49,4164.71,,,,,
C006,Weekend Flash Sale,18-06-2026,Instagram,CUST02043,25-34,Female,3476,132,17,1,800,2251.45,,,,,
C004,Monsoon Offers,10-04-2026,YouTube,CUST00076,35-44,Male,12340,358,43,3,1822.13,3062.49,,,,,
C006,Weekend Flash Sale,02-07-2026,Facebook,CUST01052,25-34,Female,11635,326,51,5,1650.2,9076.15,,,,,
C008,Year End Clearance,09-04-2026,Google Ads,CUST00798,55+,Female,4589,154,34,3,820.05,7723.84,,,,,
C005,Back to College,07-02-2026,Facebook,CUST01460,18-24,Male,10679,245,43,5,1400.93,8396.87,,,,,
C005,Back to College,14-03-2026,Google Ads,CUST01818,45-54,Male,8166,394,81,20,2225.58,59129.34,,,,,
C001,Summer Sale,28-07-2026,Facebook,CUST02100,25-34,Male,4968,130,19,1,800,2260.55,,,,,
C001,Summer Sale,01-06-2026,Email,CUST01510,18-24,Female,4751,278,74,18,800,34220.37,,,,,
C008,Year End Clearance,19-07-2026,YouTube,CUST01981,18-24,Female,20921,492,67,5,3186.42,8272.35,,,,,
C007,Diwali Mega Sale,04-07-2026,YouTube,CUST00693,25-34,Male,8183,155,19,3,1678.77,5420.23,,,,,
C003,New Product Launch,13-07-2026,Email,CUST00997,35-44,Female,17692,1165,350,78,852.48,267011.31,,,,,
C005,Back to College,08-02-2026,Facebook,CUST01851,25-34,Male,5260,157,25,5,800,6897.72,,,,,
C006,Weekend Flash Sale,01-04-2026,Google Ads,CUST01902,18-24,Female,13036,798,154,26,2491.46,55984.91,,,,,
C008,Year End Clearance,08-08-2026,Google Ads,CUST00321,25-34,Female,10580,497,112,17,2165.33,52855.38,,,,,
C006,Weekend Flash Sale,17-06-2026,Google Ads,CUST00655,18-24,Female,4757,172,37,4,1146.17,9535.6,,,,,
C002,Festive Bonanza,07-05-2026,Facebook,CUST01275,25-34,Male,31340,873,112,13,4618.29,42969.41,,,,,
C004,Monsoon Offers,04-05-2026,Instagram,CUST01739,45-54,Female,10697,312,59,6,1210.47,15015.27,,,,,
C004,Monsoon Offers,21-02-2026,Instagram,CUST00787,45-54,Male,10712,378,61,4,1251.51,7994.03,,,,,
C007,Diwali Mega Sale,09-08-2026,Email,CUST02435,35-44,Female,6976,612,195,74,800,298780.13,,,,,
C003,New Product Launch,24-08-2026,YouTube,CUST01153,18-24,Female,9968,293,39,6,1918.94,7286.89,,,,,
C004,Monsoon Offers,03-03-2026,Instagram,CUST01612,35-44,Male,8705,345,56,7,1267.01,15035.81,,,,,
C005,Back to College,14-04-2026,Instagram,CUST02033,35-44,Male,2824,97,14,1,800,1864.32,,,,,
C006,Weekend Flash Sale,13-07-2026,Instagram,CUST02332,45-54,Female,4324,152,26,4,800,8719.98,,,,,
C005,Back to College,26-04-2026,Facebook,CUST01489,18-24,Female,9731,282,37,6,1346.15,16001.57,,,,,
C007,Diwali Mega Sale,12-01-2026,Instagram,CUST01269,25-34,Female,7643,259,36,3,864.64,8935.74,,,,,
C001,Summer Sale,07-07-2026,YouTube,CUST00418,25-34,Male,25570,499,58,7,5639.76,12002.31,,,,,
C004,Monsoon Offers,29-07-2026,YouTube,CUST02442,35-44,Female,16035,265,27,7,3331.41,8541.16,,,,,
C008,Year End Clearance,19-07-2026,Google Ads,CUST00559,18-24,Male,30230,1097,248,36,5513.81,87208.91,,,,,
C008,Year End Clearance,09-02-2026,Instagram,CUST02081,35-44,Male,12997,354,64,10,1663.64,21165.21,,,,,
C002,Festive Bonanza,11-01-2026,Facebook,CUST01941,25-34,Other,10667,372,58,5,1342.1,8314.06,,,,,
C005,Back to College,28-04-2026,Facebook,CUST02457,25-34,Male,5715,191,27,3,800,3800.88,,,,,
C003,New Product Launch,02-07-2026,Instagram,CUST00114,45-54,Female,15320,518,106,13,2164.11,25299.23,,,,,
C008,Year End Clearance,18-01-2026,Facebook,CUST02476,45-54,Female,9425,224,27,3,1270.4,5161.95,,,,,
C004,Monsoon Offers,10-04-2026,YouTube,CUST02374,25-34,Female,11268,234,31,2,2461.65,3365.52,,,,,
C007,Diwali Mega Sale,28-03-2026,Email,CUST02217,25-34,Male,3237,245,68,18,800,55134.47,,,,,
C006,Weekend Flash Sale,18-07-2026,Email,CUST01151,18-24,Male,6735,397,113,23,800,51057.74,,,,,
C002,Festive Bonanza,22-04-2026,Email,CUST01905,55+,Male,18056,1105,307,80,860.32,206771.87,,,,,
C003,New Product Launch,14-02-2026,Facebook,CUST01211,35-44,Female,4955,165,21,1,800,1844.52,,,,,
C008,Year End Clearance,09-06-2026,Google Ads,CUST01085,18-24,Male,15671,834,184,36,2708.57,89226.07,,,,,
C001,Summer Sale,09-01-2026,YouTube,CUST00269,35-44,Male,3081,54,3,0,800,0,,,,,
C006,Weekend Flash Sale,21-04-2026,Email,CUST01366,45-54,Male,7417,437,138,36,800,119868.05,,,,,
C003,New Product Launch,18-07-2026,Instagram,CUST01569,25-34,Female,14520,488,99,9,1715.91,17340.53,,,,,
C004,Monsoon Offers,05-03-2026,Google Ads,CUST01476,18-24,Male,10985,442,105,13,2760.88,32448.78,,,,,
C006,Weekend Flash Sale,02-06-2026,Email,CUST00539,25-34,Male,12551,761,224,52,800,135994.85,,,,,
C005,Back to College,14-08-2026,Email,CUST00286,25-34,Female,11549,715,234,52,800,147418.25,,,,,
C002,Festive Bonanza,29-07-2026,Facebook,CUST02461,18-24,Female,5022,193,30,5,800,9374.55,,,,,
C004,Monsoon Offers,14-07-2026,Google Ads,CUST01010,25-34,Female,7026,400,82,14,1824.71,22670.64,,,,,
C004,Monsoon Offers,29-05-2026,Email,CUST02163,18-24,Female,10638,833,256,43,800,91870.32,,,,,
C004,Monsoon Offers,15-01-2026,Instagram,CUST00471,25-34,Female,13535,430,65,5,1596.78,7674.3,,,,,
C001,Summer Sale,20-01-2026,Google Ads,CUST00222,35-44,Male,18678,894,183,30,3360.28,61661.38,,,,,
C003,New Product Launch,08-02-2026,Instagram,CUST01108,45-54,Male,32270,1305,192,19,5719.86,30863.03,,,,,
C005,Back to College,24-04-2026,YouTube,CUST01293,55+,Male,4613,91,14,2,800,3991.5,,,,,
C006,Weekend Flash Sale,25-03-2026,Google Ads,CUST02484,55+,Male,9241,589,119,21,1866.14,39384.14,,,,,
C001,Summer Sale,04-07-2026,Google Ads,CUST00708,18-24,Female,12161,612,128,22,2666.53,59020.12,,,,,
C002,Festive Bonanza,31-07-2026,Facebook,CUST02241,25-34,Male,7301,162,29,6,900.11,9966.98,,,,,
C006,Weekend Flash Sale,27-02-2026,YouTube,CUST01658,45-54,Other,5416,82,9,0,800,0,,,,,
C001,Summer Sale,21-07-2026,Facebook,CUST01717,35-44,Male,6345,171,30,2,800,4204.07,,,,,
C006,Weekend Flash Sale,20-03-2026,Email,CUST02387,25-34,Female,7567,358,105,26,800,45174.49,,,,,
C002,Festive Bonanza,22-02-2026,Google Ads,CUST02130,35-44,Female,21967,925,176,51,3889.24,155343.52,,,,,
C005,Back to College,26-08-2026,Instagram,CUST01299,25-34,Male,7740,319,67,10,1256.66,17625.17,,,,,
C002,Festive Bonanza,08-07-2026,Google Ads,CUST02035,25-34,Female,8569,341,79,14,1667.82,30877.02,,,,,
C001,Summer Sale,15-01-2026,YouTube,CUST00918,35-44,Male,9388,213,26,3,1807.38,3297.05,,,,,
C005,Back to College,23-02-2026,Facebook,CUST02473,25-34,Male,16945,579,87,5,2453.41,10624.91,,,,,
C006,Weekend Flash Sale,15-08-2026,Email,CUST00521,45-54,Male,8938,475,136,35,800,101947.79,,,,,
C002,Festive Bonanza,10-08-2026,Instagram,CUST02353,35-44,Male,5720,129,17,2,871.62,3294.24,,,,,
C007,Diwali Mega Sale,01-04-2026,Instagram,CUST01783,55+,Male,7388,245,51,6,1112.6,12484.72,,,,,
C003,New Product Launch,11-01-2026,Google Ads,CUST01637,18-24,Male,13418,548,128,22,3063.74,64779.92,,,,,
C008,Year End Clearance,21-07-2026,Facebook,CUST02274,18-24,Male,4334,118,20,2,800,3763.15,,,,,
C004,Monsoon Offers,06-07-2026,Email,CUST00085,35-44,Male,1816,91,23,4,800,10506.97,,,,,
C002,Festive Bonanza,17-08-2026,Facebook,CUST02397,45-54,Female,7504,189,24,1,1039.68,2055.92,,,,,
C008,Year End Clearance,31-08-2026,YouTube,CUST00077,45-54,Male,11156,302,41,3,2131.52,6743.74,,,,,
C008,Year End Clearance,05-01-2026,Google Ads,CUST00404,55+,Male,11155,627,130,25,2074.57,51127.53,,,,,
C006,Weekend Flash Sale,22-07-2026,Instagram,CUST01859,45-54,Female,5170,143,28,5,800,11818.36,,,,,
C003,New Product Launch,12-03-2026,Facebook,CUST00285,25-34,Male,2736,69,9,2,800,4402.02,,,,,
C003,New Product Launch,15-05-2026,Instagram,CUST00769,18-24,Female,9321,280,40,5,1291.43,9888.56,,,,,
C005,Back to College,31-05-2026,YouTube,CUST02105,25-34,Male,5586,89,8,0,890.23,0,,,,,
C006,Weekend Flash Sale,14-06-2026,Instagram,CUST01773,45-54,Female,5301,168,25,3,800,7291.7,,,,,
C003,New Product Launch,24-04-2026,Google Ads,CUST00952,55+,Female,5318,305,48,15,1196.42,30543.53,,,,,
C001,Summer Sale,19-01-2026,YouTube,CUST02119,25-34,Female,9240,230,27,0,1987.84,0,,,,,
C007,Diwali Mega Sale,21-07-2026,Google Ads,CUST00419,35-44,Female,7151,312,76,23,1303.18,48550.87,,,,,
C004,Monsoon Offers,02-07-2026,Instagram,CUST00826,18-24,Male,9221,270,43,11,1337.27,17789.78,,,,,
C006,Weekend Flash Sale,30-07-2026,YouTube,CUST00762,25-34,Male,7450,164,24,1,1478.01,1960.24,,,,,
C001,Summer Sale,30-06-2026,Google Ads,CUST00381,25-34,Male,7381,390,81,17,1999.33,19048.43,,,,,
C007,Diwali Mega Sale,02-05-2026,Google Ads,CUST00226,45-54,Male,17239,429,107,21,4628.92,48061,,,,,
C003,New Product Launch,25-08-2026,Instagram,CUST00143,45-54,Female,14557,403,71,8,2603.12,18900.38,,,,,
C008,Year End Clearance,01-07-2026,YouTube,CUST01060,45-54,Female,4594,91,16,1,800,1640.69,,,,,
C003,New Product Launch,21-02-2026,YouTube,CUST01351,25-34,Female,11650,320,48,7,1809.21,11216.81,,,,,
C001,Summer Sale,07-02-2026,Facebook,CUST02478,18-24,Female,9563,286,42,5,1030.63,13233.75,,,,,
C001,Summer Sale,31-07-2026,Instagram,CUST01912,18-24,Female,27186,995,150,23,3302.73,40250.94,,,,,
C002,Festive Bonanza,24-08-2026,Google Ads,CUST02346,18-24,Male,5145,186,42,11,1106.95,22307.77,,,,,
C008,Year End Clearance,21-06-2026,Instagram,CUST01910,55+,Male,8430,165,37,8,1066.14,16741.16,,,,,
C001,Summer Sale,10-05-2026,Facebook,CUST02406,25-34,Male,9515,196,15,3,972.39,5084.05,,,,,
C004,Monsoon Offers,13-03-2026,Email,CUST00988,35-44,Male,7031,355,100,16,800,49812.64,,,,,
C003,New Product Launch,21-03-2026,Instagram,CUST00997,45-54,Female,11088,315,55,10,1346.04,23366.92,,,,,
C008,Year End Clearance,19-08-2026,Facebook,CUST01360,35-44,Male,4809,130,22,1,800,1454.38,,,,,
C007,Diwali Mega Sale,11-03-2026,Instagram,CUST00077,45-54,Male,8637,261,36,6,1095.38,10645.66,,,,,
C003,New Product Launch,25-05-2026,Facebook,CUST02324,35-44,Female,6867,207,38,5,800,10319.12,,,,,
C002,Festive Bonanza,20-05-2026,Instagram,CUST00531,55+,Female,7395,212,40,6,1075.71,13141.69,,,,,
C004,Monsoon Offers,01-06-2026,Google Ads,CUST01100,55+,Female,7039,344,72,12,1934.45,17821.29,,,,,
C005,Back to College,16-06-2026,Facebook,CUST01237,25-34,Male,14442,329,44,3,1970.87,6100.76,,,,,
C001,Summer Sale,08-05-2026,YouTube,CUST00415,35-44,Female,6209,200,29,2,1109.94,2245.05,,,,,
C005,Back to College,11-02-2026,Google Ads,CUST01209,25-34,Male,7655,180,44,10,1478.73,29452.68,,,,,
C002,Festive Bonanza,06-04-2026,Google Ads,CUST01228,55+,Male,5161,257,62,12,1414.28,38477.07,,,,,
C008,Year End Clearance,22-05-2026,Google Ads,CUST01657,25-34,Male,16010,883,200,33,4350.41,82748.91,,,,,
C006,Weekend Flash Sale,07-01-2026,Facebook,CUST00314,25-34,Other,7521,190,31,6,1019.05,14198.16,,,,,
C004,Monsoon Offers,24-08-2026,Facebook,CUST01740,35-44,Male,5034,142,24,2,800,4918.47,,,,,
C007,Diwali Mega Sale,17-08-2026,Facebook,CUST01160,18-24,Female,7926,183,31,4,1025.5,7641.76,,,,,
C005,Back to College,20-03-2026,Google Ads,CUST02033,25-34,Male,18092,830,187,36,4913.68,58231.31,,,,,
C007,Diwali Mega Sale,21-03-2026,Email,CUST01892,18-24,Male,16971,1021,283,86,1059.98,414370.88,,,,,
C008,Year End Clearance,17-02-2026,Email,CUST02029,35-44,Female,10044,673,218,46,800,113730.07,,,,,
C003,New Product Launch,26-03-2026,Instagram,CUST00101,55+,Female,10394,313,48,7,1647.55,10713.53,,,,,
C006,Weekend Flash Sale,02-01-2026,Facebook,CUST02065,45-54,Male,14318,439,56,6,2163.44,12834.65,,,,,
C004,Monsoon Offers,18-08-2026,Instagram,CUST01786,18-24,Male,6856,308,47,3,1236.95,5044.05,,,,,
C008,Year End Clearance,08-01-2026,Facebook,CUST00409,25-34,Male,9846,238,27,3,1077.98,5382.89,,,,,
C005,Back to College,11-04-2026,YouTube,CUST00326,35-44,Male,3646,67,10,1,800,2351.91,,,,,
C003,New Product Launch,10-01-2026,Google Ads,CUST00733,25-34,Male,7490,358,87,14,2079.81,23556.65,,,,,
C007,Diwali Mega Sale,19-01-2026,Email,CUST01170,45-54,Female,6211,513,150,38,800,212699.64,,,,,
C002,Festive Bonanza,07-08-2026,Google Ads,CUST00557,35-44,Male,7930,358,75,22,1395.41,59958.45,,,,,
C008,Year End Clearance,24-08-2026,Instagram,CUST02492,45-54,Male,17076,739,113,16,2404.73,15117.35,,,,,
C006,Weekend Flash Sale,09-06-2026,Google Ads,CUST00174,25-34,Female,16191,757,164,30,3278.72,91697.74,,,,,
C003,New Product Launch,21-05-2026,Email,CUST00344,35-44,Female,5215,415,120,29,800,63427.96,,,,,
C005,Back to College,08-08-2026,Instagram,CUST01385,25-34,Male,11387,420,53,7,1558.38,14730.34,,,,,
C005,Back to College,16-01-2026,Email,CUST00142,35-44,Other,8585,585,186,42,800,131058.56,,,,,
C005,Back to College,02-08-2026,Facebook,CUST02342,45-54,Male,11685,405,52,8,1501.76,16839.13,,,,,
C002,Festive Bonanza,22-01-2026,Google Ads,CUST02383,25-34,Female,11860,300,68,12,2327.82,24442.54,,,,,
C008,Year End Clearance,17-04-2026,Facebook,CUST00174,18-24,Female,12194,334,48,7,1488.03,17413.46,,,,,
C006,Weekend Flash Sale,19-05-2026,Google Ads,CUST00433,18-24,Male,15448,815,162,32,4258.99,49858.32,,,,,
C001,Summer Sale,28-08-2026,Instagram,CUST01417,35-44,Female,9118,316,43,8,1679.38,9723.25,,,,,
C005,Back to College,15-05-2026,Email,CUST00974,45-54,Female,8557,432,140,36,800,116085.7,,,,,
C007,Diwali Mega Sale,23-06-2026,Google Ads,CUST00390,25-34,Other,10497,562,120,26,2263.85,60345.47,,,,,
C003,New Product Launch,23-03-2026,Email,CUST00492,45-54,Male,4449,362,114,22,800,53860.51,,,,,
C006,Weekend Flash Sale,30-04-2026,Instagram,CUST01080,45-54,Female,9699,253,37,4,1624.2,9616.34,,,,,
C001,Summer Sale,25-01-2026,Email,CUST00332,25-34,Female,9471,606,187,35,800,58706.54,,,,,
C006,Weekend Flash Sale,09-05-2026,Facebook,CUST02162,25-34,Male,14318,486,63,6,1620.13,9709.51,,,,,
C003,New Product Launch,26-02-2026,Google Ads,CUST00552,35-44,Other,23172,1107,227,40,4447.82,81236.15,,,,,
C001,Summer Sale,20-05-2026,Email,CUST00513,45-54,Male,5178,300,86,23,800,52085.38,,,,,
C003,New Product Launch,16-06-2026,Facebook,CUST01101,18-24,Male,21152,485,80,13,2295.74,30198,,,,,
C005,Back to College,16-05-2026,Instagram,CUST00168,18-24,Male,9120,325,56,9,1215.34,9679.91,,,,,
C004,Monsoon Offers,08-03-2026,YouTube,CUST01284,25-34,Female,10277,257,34,2,2176.65,3934.48,,,,,
C004,Monsoon Offers,31-01-2026,Google Ads,CUST00680,25-34,Female,7877,420,90,12,1578.97,25261.26,,,,,
C006,Weekend Flash Sale,28-05-2026,Email,CUST01555,25-34,Female,16431,1056,314,85,1012.08,227701.87,,,,,
C001,Summer Sale,25-08-2026,Instagram,CUST02202,35-44,Male,16391,718,109,13,1996.46,23624.74,,,,,
C006,Weekend Flash Sale,30-08-2026,Email,CUST01440,18-24,Female,13198,726,209,40,801.61,137714.86,,,,,
C007,Diwali Mega Sale,20-08-2026,Instagram,CUST01742,25-34,Female,4196,112,21,1,800,3250.63,,,,,
C004,Monsoon Offers,27-06-2026,Instagram,CUST00788,45-54,Female,5838,192,38,3,911.74,7278.46,,,,,
C005,Back to College,18-01-2026,Instagram,CUST01033,18-24,Female,3378,122,21,3,800,4834.9,,,,,
C007,Diwali Mega Sale,19-02-2026,Instagram,CUST01886,25-34,Male,6426,181,34,6,823.94,12614.82,,,,,
C004,Monsoon Offers,08-07-2026,Google Ads,CUST00067,25-34,Female,8613,463,89,11,1594.72,16618.44,,,,,
C007,Diwali Mega Sale,24-06-2026,Instagram,CUST01399,35-44,Female,4060,119,21,2,800,6993.41,,,,,
C006,Weekend Flash Sale,03-02-2026,Facebook,CUST02472,35-44,Male,17295,406,51,6,2870.16,17024.87,,,,,
C004,Monsoon Offers,21-01-2026,Instagram,CUST01283,18-24,Male,3486,122,13,1,800,1478.15,,,,,
C001,Summer Sale,10-07-2026,Google Ads,CUST00195,35-44,Female,24201,870,200,32,5675.46,53108.69,,,,,
C005,Back to College,08-08-2026,Facebook,CUST00572,25-34,Female,4879,151,22,1,800,1871.06,,,,,
C005,Back to College,18-06-2026,Google Ads,CUST01896,18-24,Male,8531,262,74,17,2331.75,32356.23,,,,,
C005,Back to College,26-02-2026,Instagram,CUST00773,25-34,Male,7126,280,37,8,845.12,18260.36,,,,,
C007,Diwali Mega Sale,07-07-2026,Instagram,CUST00248,25-34,Female,8274,254,35,3,1198.99,6523.77,,,,,
C008,Year End Clearance,17-01-2026,YouTube,CUST01611,25-34,Female,8750,220,29,4,1295.67,7841.75,,,,,
C001,Summer Sale,22-01-2026,Facebook,CUST02059,25-34,Female,11431,433,67,8,1362.83,18793.09,,,,,
C006,Weekend Flash Sale,22-04-2026,Facebook,CUST01706,25-34,Female,4174,82,11,3,800,5366.84,,,,,
C004,Monsoon Offers,11-03-2026,Google Ads,CUST00682,35-44,Female,5310,208,47,8,1366.19,11924.78,,,,,
C008,Year End Clearance,20-02-2026,Instagram,CUST01895,25-34,Female,6420,183,24,0,800,0,,,,,
C005,Back to College,23-08-2026,Instagram,CUST00790,25-34,Female,5543,173,22,4,800,7792.77,,,,,
C003,New Product Launch,22-02-2026,Instagram,CUST01778,25-34,Male,10890,301,41,4,1998.57,8332.49,,,,,
C005,Back to College,31-08-2026,Instagram,CUST02469,25-34,Male,13465,390,61,8,1764.85,14314.24,,,,,
C002,Festive Bonanza,20-03-2026,Google Ads,CUST02104,25-34,Male,6541,333,68,15,1246.61,34815.45,,,,,
C002,Festive Bonanza,01-03-2026,Instagram,CUST01677,35-44,Female,8181,272,41,6,1276.83,20660.3,,,,,
C007,Diwali Mega Sale,11-05-2026,Instagram,CUST01916,18-24,Male,8193,287,44,4,1200.81,10483.32,,,,,
C008,Year End Clearance,26-03-2026,YouTube,CUST01351,35-44,Male,16581,281,34,4,3057.28,4789.68,,,,,
C004,Monsoon Offers,15-06-2026,Instagram,CUST00771,45-54,Female,5116,168,29,2,940.36,3578.4,,,,,
C001,Summer Sale,06-07-2026,Google Ads,CUST00121,35-44,Male,6135,334,73,18,1134.41,41951.54,,,,,
C004,Monsoon Offers,11-06-2026,Instagram,CUST02350,55+,Male,12743,376,63,12,1514.97,18858.05,,,,,
C008,Year End Clearance,17-08-2026,Google Ads,CUST02397,18-24,Female,2521,98,24,4,800,9559.45,,,,,
C001,Summer Sale,30-05-2026,Email,CUST00169,25-34,Female,16527,1188,354,64,800,139571.78,,,,,
C003,New Product Launch,09-01-2026,Email,CUST00906,35-44,Male,5471,460,151,27,800,65252.76,,,,,
C004,Monsoon Offers,06-07-2026,Google Ads,CUST00421,35-44,Female,13161,409,100,10,3349.82,19462.98,,,,,
C005,Back to College,27-07-2026,Instagram,CUST00204,55+,Female,7215,223,32,4,1156.98,9397.7,,,,,
C008,Year End Clearance,04-07-2026,Facebook,CUST01069,18-24,Male,9659,273,37,9,1176.08,17566.15,,,,,
C008,Year End Clearance,25-05-2026,Google Ads,CUST00908,35-44,Female,14125,651,137,22,3767.13,43017.1,,,,,
C008,Year End Clearance,25-01-2026,Facebook,CUST00052,18-24,Male,7601,240,32,5,1109.56,11976.35,,,,,
C002,Festive Bonanza,07-07-2026,Facebook,CUST00053,25-34,Male,4070,112,11,0,800,0,,,,,
C008,Year End Clearance,06-01-2026,YouTube,CUST00262,25-34,Female,9138,200,30,2,1567.11,3857.02,,,,,
C003,New Product Launch,28-06-2026,Instagram,CUST00513,45-54,Male,12570,405,67,4,1763.7,7861.15,,,,,
C007,Diwali Mega Sale,27-03-2026,Google Ads,CUST01034,18-24,Female,7865,322,73,7,1860.57,15492.57,,,,,
C006,Weekend Flash Sale,05-04-2026,Facebook,CUST02378,25-34,Female,21288,626,92,14,2298.89,25094.69,,,,,
C006,Weekend Flash Sale,29-01-2026,Google Ads,CUST01139,18-24,Male,8118,529,110,22,2004.43,60216.95,,,,,
C005,Back to College,06-03-2026,Instagram,CUST00126,25-34,Female,6890,220,40,2,1046.16,3946.12,,,,,
C004,Monsoon Offers,17-05-2026,YouTube,CUST00450,45-54,Female,9811,256,28,4,1749.22,6685.74,,,,,
C007,Diwali Mega Sale,06-02-2026,YouTube,CUST00842,35-44,Female,12323,268,29,2,1938.37,4899.92,,,,,
C005,Back to College,20-08-2026,Facebook,CUST00096,25-34,Female,9813,311,39,3,1569.63,5277,,,,,
C003,New Product Launch,26-08-2026,Google Ads,CUST00827,18-24,Female,6319,235,45,10,1409.35,25597.61,,,,,
C005,Back to College,01-03-2026,Facebook,CUST00658,25-34,Male,9626,294,37,1,1534.86,2003.05,,,,,
C002,Festive Bonanza,16-04-2026,Instagram,CUST01032,18-24,Male,4278,131,27,6,800,8098.55,,,,,
C008,Year End Clearance,11-01-2026,YouTube,CUST00329,55+,Female,8364,165,22,4,1505.64,5957.54,,,,,
C002,Festive Bonanza,30-06-2026,Instagram,CUST02101,18-24,Male,4993,105,20,3,804.99,7146.29,,,,,
C003,New Product Launch,21-02-2026,Instagram,CUST00757,55+,Male,7574,240,41,5,1133.21,10916.3,,,,,
C002,Festive Bonanza,05-02-2026,Instagram,CUST00253,25-34,Female,22805,753,117,15,3905.01,28951.17,,,,,
C002,Festive Bonanza,20-08-2026,Instagram,CUST01673,35-44,Male,5440,212,39,6,972.13,11177.73,,,,,
C001,Summer Sale,16-08-2026,YouTube,CUST02481,25-34,Male,8697,176,26,3,1404.3,4996.09,,,,,
C003,New Product Launch,16-07-2026,Instagram,CUST02040,25-34,Male,4239,146,31,6,800,14028.68,,,,,
C006,Weekend Flash Sale,19-08-2026,Instagram,CUST00791,25-34,Male,8743,273,32,2,1076.99,4229.11,,,,,
C001,Summer Sale,09-06-2026,Instagram,CUST00970,25-34,Female,5448,205,30,1,819.74,2197.61,,,,,
C001,Summer Sale,25-08-2026,Instagram,CUST00201,35-44,Female,4984,145,25,3,800,5546.09,,,,,
C004,Monsoon Offers,11-05-2026,YouTube,CUST01164,18-24,Female,13087,289,28,2,2639.72,3050.86,,,,,
C005,Back to College,23-01-2026,YouTube,CUST00336,35-44,Female,7962,144,18,0,1399.24,0,,,,,
C002,Festive Bonanza,18-03-2026,YouTube,CUST00025,18-24,Male,8760,156,19,1,1944.29,1768.33,,,,,
C004,Monsoon Offers,31-05-2026,Facebook,CUST00407,35-44,Female,5896,163,23,2,984.91,3574.18,,,,,
C002,Festive Bonanza,28-01-2026,Instagram,CUST01663,45-54,Male,18257,532,82,12,2104.57,27901.27,,,,,
C006,Weekend Flash Sale,19-02-2026,Google Ads,CUST01125,25-34,Female,5499,266,47,10,1556.51,22943.74,,,,,
C003,New Product Launch,24-04-2026,Instagram,CUST00589,25-34,Male,3744,120,17,2,800,4523.01,,,,,
C001,Summer Sale,15-05-2026,Instagram,CUST02093,25-34,Male,7400,138,29,0,1229.7,0,,,,,
C008,Year End Clearance,27-08-2026,Google Ads,CUST00557,18-24,Male,13200,482,91,10,3676.57,25850.72,,,,,
C004,Monsoon Offers,12-07-2026,Instagram,CUST00579,25-34,Male,16464,721,112,17,2830.43,28479.58,,,,,
C006,Weekend Flash Sale,29-01-2026,YouTube,CUST00095,18-24,Female,8935,139,21,5,1585.11,9085.55,,,,,
C002,Festive Bonanza,15-05-2026,Email,CUST01023,18-24,Male,19410,1306,392,106,1064.36,236448.44,,,,,
C005,Back to College,26-03-2026,Instagram,CUST01801,25-34,Female,8926,255,42,6,1406.94,9670.18,,,,,
C002,Festive Bonanza,07-07-2026,Email,CUST01122,25-34,Male,7656,691,184,51,800,103841.81,,,,,
C007,Diwali Mega Sale,09-02-2026,YouTube,CUST01989,25-34,Female,10970,215,28,1,1660.27,2079.63,,,,,
C002,Festive Bonanza,15-06-2026,Instagram,CUST00756,25-34,Male,32854,1037,167,26,3742.97,50937.82,,,,,
C005,Back to College,07-04-2026,Instagram,CUST00730,18-24,Male,11401,382,49,3,2031.63,6555.27,,,,,
C007,Diwali Mega Sale,03-05-2026,Instagram,CUST00240,45-54,Male,7670,303,48,7,1225.68,22452.62,,,,,
C005,Back to College,03-01-2026,Instagram,CUST01015,35-44,Male,8497,356,49,12,1117.67,26545.96,,,,,
C005,Back to College,31-05-2026,Email,CUST00270,45-54,Male,8323,722,217,49,800,157089.92,,,,,
C001,Summer Sale,05-06-2026,Email,CUST01021,55+,Male,11898,777,254,49,800,139425.68,,,,,
C006,Weekend Flash Sale,10-01-2026,Instagram,CUST00606,35-44,Female,5092,122,18,3,893.67,6787.79,,,,,
C007,Diwali Mega Sale,06-03-2026,Email,CUST00185,25-34,Female,9338,575,166,38,800,174228.61,,,,,
C001,Summer Sale,25-06-2026,Facebook,CUST00347,18-24,Female,9522,243,31,5,1125.13,9180.67,,,,,
C002,Festive Bonanza,19-07-2026,Google Ads,CUST02298,45-54,Male,10885,477,96,11,2689.32,31189.08,,,,,
C007,Diwali Mega Sale,22-02-2026,Google Ads,CUST01404,25-34,Male,11349,451,103,19,2565.9,68558.07,,,,,
C003,New Product Launch,13-06-2026,YouTube,CUST00467,25-34,Female,22986,327,44,3,4088.6,5748.23,,,,,
C002,Festive Bonanza,12-07-2026,YouTube,CUST01339,55+,Male,11994,235,34,7,1908.34,13406.91,,,,,
C002,Festive Bonanza,09-08-2026,YouTube,CUST00685,35-44,Female,8500,227,20,2,1739.89,3909.38,,,,,
C008,Year End Clearance,08-04-2026,Instagram,CUST00966,18-24,Female,14164,479,59,11,1662.42,28244.9,,,,,
C001,Summer Sale,15-02-2026,Google Ads,CUST02119,35-44,Male,15065,821,157,21,3691.3,41099.78,,,,,
C001,Summer Sale,04-08-2026,Facebook,CUST02374,18-24,Female,7476,287,32,1,1139.95,2119.86,,,,,
C008,Year End Clearance,24-03-2026,Instagram,CUST01835,35-44,Male,17314,636,108,12,2835.55,24818.65,,,,,
C002,Festive Bonanza,11-03-2026,Email,CUST00534,18-24,Female,10144,770,230,66,800,197525.76,,,,,
C004,Monsoon Offers,29-01-2026,Facebook,CUST02141,55+,Male,4077,101,10,1,800,1696.19,,,,,
C001,Summer Sale,11-07-2026,Google Ads,CUST01171,55+,Female,10771,540,111,18,2733.08,24684.75,,,,,
C005,Back to College,20-02-2026,YouTube,CUST01154,25-34,Male,9861,193,20,1,2027.64,1326.65,,,,,
C007,Diwali Mega Sale,30-05-2026,Google Ads,CUST00217,55+,Female,9667,377,89,16,2176.52,51998.74,,,,,
C005,Back to College,02-08-2026,Instagram,CUST00069,35-44,Male,19682,666,105,12,3565.78,18479.96,,,,,
C007,Diwali Mega Sale,04-04-2026,Email,CUST02095,35-44,Male,7530,521,136,31,800,98257.81,,,,,
C007,Diwali Mega Sale,01-08-2026,Instagram,CUST01405,25-34,Male,8915,262,45,6,1660.86,12755.74,,,,,
C003,New Product Launch,19-01-2026,Google Ads,CUST00325,55+,Male,7435,442,96,18,1324.13,21402.58,,,,,
C005,Back to College,27-06-2026,Google Ads,CUST01691,55+,Female,16314,775,163,22,3495.19,60648.76,,,,,
C006,Weekend Flash Sale,17-08-2026,YouTube,CUST00861,25-34,Male,4286,85,16,1,882.85,2192.98,,,,,
C005,Back to College,23-05-2026,Google Ads,CUST00905,35-44,Female,12154,450,105,21,2953.93,40251.89,,,,,
C008,Year End Clearance,10-04-2026,Instagram,CUST01420,25-34,Female,9156,391,69,10,1130.36,21864.18,,,,,
C007,Diwali Mega Sale,17-06-2026,Facebook,CUST01899,35-44,Female,12008,342,48,4,1939.91,9734.03,,,,,
C007,Diwali Mega Sale,10-08-2026,Facebook,CUST00377,25-34,Female,5287,156,27,3,800,6820.14,,,,,
C001,Summer Sale,25-03-2026,Facebook,CUST02473,25-34,Female,5096,119,14,4,827.6,8043.72,,,,,
C007,Diwali Mega Sale,12-08-2026,Google Ads,CUST02203,35-44,Male,6112,346,87,18,1228.6,72010.27,,,,,
C008,Year End Clearance,21-02-2026,YouTube,CUST01043,25-34,Male,15481,235,27,3,2608.71,5197.13,,,,,
C008,Year End Clearance,05-03-2026,Facebook,CUST02260,18-24,Male,5869,179,26,2,800,3932.33,,,,,
C006,Weekend Flash Sale,18-07-2026,YouTube,CUST00335,45-54,Female,9049,183,18,2,1494.5,3501.45,,,,,
C004,Monsoon Offers,05-06-2026,Facebook,CUST01713,18-24,Female,4626,156,23,1,800,1294.92,,,,,
C006,Weekend Flash Sale,30-03-2026,Email,CUST01115,35-44,Male,6695,480,138,25,800,62299.34,,,,,
C006,Weekend Flash Sale,14-04-2026,Google Ads,CUST01050,45-54,Female,9257,472,80,14,1832.82,46147.73,,,,,
C003,New Product Launch,30-03-2026,Email,CUST00086,18-24,Male,11383,824,242,52,800,123096.19,,,,,
C002,Festive Bonanza,11-04-2026,Email,CUST00602,45-54,Female,16347,883,262,53,925.11,157653.58,,,,,
C008,Year End Clearance,29-07-2026,Facebook,CUST00893,35-44,Male,14601,455,64,11,1810.95,23387.35,,,,,
C007,Diwali Mega Sale,06-01-2026,Facebook,CUST02439,18-24,Male,9692,253,29,3,1148.48,3855.04,,,,,
C001,Summer Sale,18-05-2026,Instagram,CUST01997,25-34,Male,8437,406,67,4,961.76,6352.31,,,,,
C004,Monsoon Offers,11-02-2026,Google Ads,CUST00048,55+,Male,4695,200,53,6,1121.75,7751.95,,,,,
C007,Diwali Mega Sale,11-07-2026,Instagram,CUST01727,25-34,Male,11175,238,38,8,1484.85,18426.61,,,,,
C005,Back to College,23-05-2026,YouTube,CUST01794,18-24,Female,5359,130,13,1,800,2058.72,,,,,
C006,Weekend Flash Sale,10-03-2026,Facebook,CUST00640,18-24,Female,6918,166,30,4,1096.57,9403.13,,,,,
C006,Weekend Flash Sale,07-04-2026,Instagram,CUST00209,25-34,Other,18662,548,74,10,3353.67,17706.83,,,,,
C002,Festive Bonanza,24-05-2026,YouTube,CUST00029,45-54,Female,3011,88,9,0,800,0,,,,,
C007,Diwali Mega Sale,14-02-2026,Facebook,CUST00625,35-44,Female,11127,316,45,7,1368.01,19563.77,,,,,
C007,Diwali Mega Sale,29-03-2026,Email,CUST00189,18-24,Male,6256,421,142,40,800,127305.73,,,,,
C005,Back to College,20-01-2026,Google Ads,CUST01600,45-54,Male,4600,177,42,7,1211.83,14060.65,,,,,
C004,Monsoon Offers,21-03-2026,Facebook,CUST01866,35-44,Female,24572,598,89,6,3971.44,7314.2,,,,,
C003,New Product Launch,05-06-2026,YouTube,CUST01050,55+,Female,4095,83,8,1,801.7,1471.3,,,,,
C008,Year End Clearance,26-07-2026,Instagram,CUST01607,35-44,Male,5912,228,36,3,1052.79,6404.63,,,,,
C002,Festive Bonanza,26-08-2026,YouTube,CUST01540,35-44,Female,4139,119,16,1,800,1710.6,,,,,
C005,Back to College,11-01-2026,YouTube,CUST01660,45-54,Female,3310,72,10,1,800,1417.45,,,,,
C002,Festive Bonanza,21-08-2026,Google Ads,CUST02441,55+,Female,11311,503,117,31,2300.09,81117.21,,,,,
C005,Back to College,04-02-2026,YouTube,CUST01249,18-24,Male,11200,203,26,4,2147.16,5303.06,,,,,
C002,Festive Bonanza,30-08-2026,Facebook,CUST01819,25-34,Female,7252,168,23,7,1198.01,14057.04,,,,,
C008,Year End Clearance,06-01-2026,Facebook,CUST01950,55+,Other,15413,330,44,8,2257.21,23645.51,,,,,
C007,Diwali Mega Sale,21-03-2026,Facebook,CUST02471,25-34,Male,6650,158,25,2,1096.4,3340.45,,,,,
C001,Summer Sale,07-01-2026,Email,CUST01295,25-34,Male,16621,1070,322,66,1020.12,112761.99,,,,,
C001,Summer Sale,27-05-2026,Google Ads,CUST01288,25-34,Female,13054,531,114,20,2883.27,59558.46,,,,,
C001,Summer Sale,24-07-2026,Google Ads,CUST00446,25-34,Male,6584,274,59,5,1515.2,11042.92,,,,,
C003,New Product Launch,21-03-2026,Email,CUST01032,18-24,Female,11944,891,271,74,812.15,176683.48,,,,,
C004,Monsoon Offers,27-07-2026,Email,CUST01767,35-44,Male,10944,717,220,36,800,76581.86,,,,,
C008,Year End Clearance,24-02-2026,Instagram,CUST00748,45-54,Male,1815,54,7,2,800,5979.52,,,,,
C002,Festive Bonanza,21-05-2026,Email,CUST00602,18-24,Female,10243,734,208,48,800,175269.6,,,,,
C003,New Product Launch,18-05-2026,Instagram,CUST01798,55+,Female,16637,518,77,10,3020.44,16008.48,,,,,
C001,Summer Sale,19-06-2026,Email,CUST01875,25-34,Female,13592,850,241,51,800,138803.56,,,,,
C002,Festive Bonanza,06-04-2026,Google Ads,CUST01531,18-24,Female,16047,536,117,21,2943.11,53404.24,,,,,
C004,Monsoon Offers,21-07-2026,Email,CUST00240,25-34,Male,11368,537,156,26,800,65284,,,,,
C008,Year End Clearance,29-05-2026,Facebook,CUST00004,35-44,Female,8117,253,39,6,1320.55,9532.11,,,,,
C002,Festive Bonanza,30-08-2026,Facebook,CUST01382,25-34,Female,4958,122,14,0,800,0,,,,,
C001,Summer Sale,26-04-2026,Instagram,CUST02374,35-44,Male,4309,150,23,2,800,7257.55,,,,,
C004,Monsoon Offers,11-05-2026,Email,CUST00467,35-44,Female,8625,599,187,39,800,74717.34,,,,,
C008,Year End Clearance,04-04-2026,Email,CUST00531,45-54,Male,10757,747,217,49,800,119923.59,,,,,
C002,Festive Bonanza,28-01-2026,Instagram,CUST01180,35-44,Female,24164,780,137,16,3955.13,18612.59,,,,,
C001,Summer Sale,10-06-2026,Instagram,CUST01909,25-34,Male,9924,271,45,9,1403.05,18365.75,,,,,
C001,Summer Sale,28-02-2026,Email,CUST02463,18-24,Female,21571,1222,360,68,1165.51,108323.32,,,,,
C005,Back to College,06-06-2026,Instagram,CUST02128,35-44,Female,5866,141,22,4,831.27,5087.84,,,,,
C002,Festive Bonanza,13-04-2026,Google Ads,CUST01135,35-44,Female,10910,558,110,17,1939.19,44811.34,,,,,
C001,Summer Sale,22-02-2026,Instagram,CUST00225,45-54,Male,4895,230,35,6,800,9219.73,,,,,
C003,New Product Launch,18-06-2026,Facebook,CUST02166,25-34,Other,4705,131,13,2,800,3508.65,,,,,
C008,Year End Clearance,28-04-2026,Email,CUST02387,35-44,Male,10252,694,206,38,800,107377.75,,,,,
C001,Summer Sale,11-02-2026,Google Ads,CUST00528,35-44,Female,9658,466,95,16,2344.26,35171.41,,,,,
C001,Summer Sale,25-06-2026,Instagram,CUST02027,25-34,Male,10501,332,31,1,1676.73,1483.98,,,,,
C004,Monsoon Offers,17-06-2026,Facebook,CUST01015,35-44,Female,10425,342,49,8,1214.97,11764.52,,,,,
C006,Weekend Flash Sale,23-07-2026,Email,CUST01513,18-24,Female,9872,681,200,54,800,145706.31,,,,,
C001,Summer Sale,11-04-2026,YouTube,CUST00007,25-34,Male,11966,257,32,0,2343.61,0,,,,,
C006,Weekend Flash Sale,30-01-2026,Facebook,CUST01106,25-34,Male,6396,121,19,1,811.12,1187.95,,,,,
C008,Year End Clearance,10-02-2026,Email,CUST00667,55+,Male,6393,485,137,35,800,81939.04,,,,,
C001,Summer Sale,13-01-2026,Instagram,CUST02411,55+,Male,15588,487,76,8,2406.72,16832.45,,,,,
C005,Back to College,03-02-2026,Email,CUST00062,55+,Male,15832,873,257,57,1078.95,172861.58,,,,,
C002,Festive Bonanza,24-04-2026,YouTube,CUST01202,45-54,Female,5242,128,11,1,800,2192.87,,,,,
C004,Monsoon Offers,25-02-2026,Email,CUST02100,35-44,Female,11250,845,219,45,800,84478.62,,,,,
C005,Back to College,18-06-2026,Facebook,CUST02123,45-54,Male,8072,213,35,2,1197.37,3079.94,,,,,
C006,Weekend Flash Sale,30-04-2026,Facebook,CUST01489,45-54,Female,7518,206,28,4,864.73,7432.13,,,,,
C001,Summer Sale,29-08-2026,Instagram,CUST02138,35-44,Female,8245,256,52,8,1029.22,12953.65,,,,,
C007,Diwali Mega Sale,29-03-2026,Facebook,CUST02015,25-34,Female,10361,340,42,13,1127.73,29484.26,,,,,
C008,Year End Clearance,18-04-2026,Facebook,CUST01720,35-44,Female,9962,228,40,3,1569.45,4809.96,,,,,
C004,Monsoon Offers,12-07-2026,Email,CUST02401,45-54,Female,3702,319,83,19,800,49735.24,,,,,
C008,Year End Clearance,10-07-2026,YouTube,CUST01339,25-34,Male,14296,430,57,5,2782.73,7901.66,,,,,
C006,Weekend Flash Sale,18-08-2026,YouTube,CUST00362,18-24,Male,6627,122,9,3,968.09,5645.39,,,,,
C002,Festive Bonanza,16-03-2026,Facebook,CUST01287,18-24,Female,11103,297,37,3,1429.86,6761.05,,,,,
C008,Year End Clearance,18-02-2026,Facebook,CUST00712,35-44,Male,9998,351,59,10,1567.4,24661.31,,,,,
C006,Weekend Flash Sale,01-01-2026,Google Ads,CUST02103,18-24,Other,17652,714,146,28,3195.98,72532.58,,,,,
C005,Back to College,24-02-2026,Facebook,CUST02094,45-54,Male,16932,404,44,6,2808.09,11970.92,,,,,
C004,Monsoon Offers,03-02-2026,Facebook,CUST01325,18-24,Female,6892,139,12,1,882.05,1769.89,,,,,
C004,Monsoon Offers,01-03-2026,Email,CUST01537,55+,Female,7054,495,148,27,800,73471.2,,,,,
C007,Diwali Mega Sale,12-04-2026,Google Ads,CUST00393,55+,Male,11979,311,69,14,2888.35,26465.33,,,,,
C005,Back to College,02-04-2026,Instagram,CUST00105,25-34,Male,13636,579,80,14,1991.95,28754.57,,,,,
C007,Diwali Mega Sale,06-05-2026,Google Ads,CUST02401,25-34,Female,6182,397,89,19,1491.24,58351.47,,,,,
C005,Back to College,02-05-2026,Email,CUST00302,25-34,Male,33191,2293,660,150,2120.82,382002.01,,,,,
C002,Festive Bonanza,07-04-2026,Instagram,CUST00388,25-34,Male,6803,177,37,5,1223.62,13066.22,,,,,
C008,Year End Clearance,01-03-2026,YouTube,CUST01663,18-24,Male,6980,138,13,1,1542.6,1550.08,,,,,
C008,Year End Clearance,15-07-2026,Facebook,CUST00407,25-34,Male,12415,332,45,10,1712.72,12960.22,,,,,
C006,Weekend Flash Sale,19-06-2026,YouTube,CUST00702,18-24,Male,12171,298,38,2,2494.34,4018.41,,,,,
C004,Monsoon Offers,24-05-2026,Facebook,CUST01642,25-34,Male,12423,300,53,8,1711.71,11532.21,,,,,
C003,New Product Launch,17-04-2026,Instagram,CUST02224,25-34,Male,5026,174,23,5,800,10477.23,,,,,
C002,Festive Bonanza,30-03-2026,Google Ads,CUST00847,18-24,Male,6485,317,57,9,1778.66,22371.34,,,,,
C005,Back to College,25-05-2026,Email,CUST02164,25-34,Male,6541,306,83,18,800,46457.32,,,,,
C003,New Product Launch,04-01-2026,Instagram,CUST01570,25-34,Male,14540,438,77,8,1842.01,21403.79,,,,,
C006,Weekend Flash Sale,07-03-2026,Instagram,CUST01068,25-34,Male,7699,213,35,6,1233.38,16015.28,,,,,
C006,Weekend Flash Sale,25-01-2026,Facebook,CUST02354,35-44,Female,22227,712,101,6,2533.38,16200.83,,,,,
C004,Monsoon Offers,19-04-2026,YouTube,CUST01584,35-44,Female,6484,114,13,4,1131.68,7833.69,,,,,
C007,Diwali Mega Sale,23-07-2026,Facebook,CUST01725,45-54,Male,7351,199,27,3,800,8169.96,,,,,
C005,Back to College,05-08-2026,Google Ads,CUST01556,35-44,Female,9686,371,80,13,2659.45,33351.69,,,,,
C001,Summer Sale,05-05-2026,Email,CUST01037,35-44,Male,7222,639,203,41,800,101507.12,,,,,
C001,Summer Sale,31-03-2026,Instagram,CUST00270,18-24,Female,17337,536,72,7,2045.69,6666.72,,,,,
C001,Summer Sale,19-06-2026,Instagram,CUST00540,25-34,Female,22818,816,113,11,3508.98,17671.13,,,,,
C003,New Product Launch,10-08-2026,Google Ads,CUST01212,45-54,Male,13713,604,130,21,3619.64,59906.39,,,,,
C007,Diwali Mega Sale,30-03-2026,Google Ads,CUST00590,45-54,Male,4258,252,69,18,1125,78900.01,,,,,
C006,Weekend Flash Sale,09-05-2026,YouTube,CUST00352,45-54,Other,8893,156,11,4,1905.39,9369.07,,,,,
C004,Monsoon Offers,17-07-2026,Google Ads,CUST00016,45-54,Female,11725,634,141,19,2360.89,35677.3,,,,,
C003,New Product Launch,30-06-2026,YouTube,CUST01691,18-24,Female,6380,121,15,2,1223.15,2316.67,,,,,
C002,Festive Bonanza,28-01-2026,Email,CUST01926,18-24,Female,24846,1085,298,83,1254.59,233565.58,,,,,
C005,Back to College,01-01-2026,Email,CUST02431,25-34,Male,15107,1161,358,73,800,148003.56,,,,,
C002,Festive Bonanza,17-04-2026,Facebook,CUST01930,35-44,Male,16601,504,79,13,1727.96,30253.17,,,,,
C005,Back to College,18-08-2026,YouTube,CUST02397,35-44,Male,6362,127,16,2,929.21,4079.5,,,,,
C004,Monsoon Offers,18-04-2026,Instagram,CUST01061,25-34,Male,10698,279,48,1,1365.69,1104.64,,,,,
C008,Year End Clearance,31-07-2026,Instagram,CUST00274,25-34,Female,13258,361,66,14,2358.89,27936.74,,,,,
C002,Festive Bonanza,24-04-2026,YouTube,CUST01687,25-34,Female,6149,131,13,0,1104.44,0,,,,,
C001,Summer Sale,07-07-2026,Facebook,CUST00831,18-24,Female,8638,270,37,3,1262.63,3217.06,,,,,
C007,Diwali Mega Sale,06-06-2026,Facebook,CUST02377,25-34,Female,6570,241,37,5,800,11947.53,,,,,
C001,Summer Sale,28-04-2026,Google Ads,CUST01693,25-34,Male,10559,616,132,24,2573.05,36720.5,,,,,
C004,Monsoon Offers,12-06-2026,Instagram,CUST00340,18-24,Male,11416,425,64,4,1348.77,6524.66,,,,,
C006,Weekend Flash Sale,30-03-2026,Facebook,CUST00432,55+,Male,11449,269,42,7,1583.61,13607.75,,,,,
C007,Diwali Mega Sale,05-02-2026,Instagram,CUST01060,25-34,Male,5335,169,24,4,961.6,7929.4,,,,,
C008,Year End Clearance,21-07-2026,Instagram,CUST01307,55+,Female,4996,177,33,1,836.95,2222.03,,,,,
C003,New Product Launch,30-06-2026,Instagram,CUST00656,25-34,Female,9903,264,36,4,1841.29,5102,,,,,
C003,New Product Launch,04-07-2026,Email,CUST01629,35-44,Male,9024,706,238,44,800,83643.81,,,,,
C001,Summer Sale,03-01-2026,YouTube,CUST02131,25-34,Female,3338,66,10,0,800,0,,,,,
C007,Diwali Mega Sale,09-03-2026,YouTube,CUST01278,45-54,Female,6241,159,22,4,1067.79,8288.73,,,,,
C007,Diwali Mega Sale,14-07-2026,Instagram,CUST01087,35-44,Female,12829,393,66,9,1699.45,20452.89,,,,,
C001,Summer Sale,12-05-2026,Facebook,CUST00333,25-34,Male,16948,458,61,5,1831.63,8974.93,,,,,
C005,Back to College,03-03-2026,Instagram,CUST00287,18-24,Male,33644,983,162,29,6095.39,90195.88,,,,,
C003,New Product Launch,26-06-2026,Email,CUST02119,18-24,Male,6239,402,119,21,800,49779.42,,,,,
C007,Diwali Mega Sale,19-05-2026,Instagram,CUST01363,45-54,Male,20883,778,143,26,2766.87,51736.25,,,,,
C004,Monsoon Offers,09-05-2026,Instagram,CUST02040,35-44,Male,3536,111,22,0,800,0,,,,,
C007,Diwali Mega Sale,05-07-2026,Instagram,CUST00392,35-44,Female,8724,257,42,3,1040.1,7044.91,,,,,
C004,Monsoon Offers,10-07-2026,Instagram,CUST00076,18-24,Female,5817,188,27,3,800,3389.21,,,,,
C006,Weekend Flash Sale,01-02-2026,Facebook,CUST01902,25-34,Male,9204,255,30,4,1222.02,10074.62,,,,,
C002,Festive Bonanza,30-07-2026,Facebook,CUST01466,35-44,Male,6497,211,32,7,844.1,12499.2,,,,,
C007,Diwali Mega Sale,28-02-2026,Google Ads,CUST01261,55+,Female,13304,596,132,28,2808.82,61238.22,,,,,
C006,Weekend Flash Sale,29-01-2026,Google Ads,CUST01694,18-24,Other,11690,579,116,23,2322.86,34910.99,,,,,
C006,Weekend Flash Sale,20-05-2026,Google Ads,CUST00552,18-24,Female,8076,408,83,14,2114.49,42065.02,,,,,
C003,New Product Launch,23-08-2026,YouTube,CUST02322,45-54,Male,11717,262,33,2,1794.92,4578.7,,,,,
C006,Weekend Flash Sale,17-01-2026,Email,CUST00116,18-24,Female,7525,596,164,35,800,113354.18,,,,,
C003,New Product Launch,04-08-2026,YouTube,CUST01827,25-34,Female,10136,298,40,6,1890.39,12484.32,,,,,
C007,Diwali Mega Sale,08-07-2026,Email,CUST01589,25-34,Other,6409,608,190,51,800,143835.47,,,,,
C002,Festive Bonanza,06-04-2026,Google Ads,CUST02367,25-34,Male,8735,401,97,20,2023.04,41263.62,,,,,
C006,Weekend Flash Sale,28-05-2026,Instagram,CUST01593,18-24,Female,8529,294,46,8,1396.97,14760.08,,,,,
C004,Monsoon Offers,10-07-2026,Facebook,CUST01002,25-34,Male,13172,298,42,6,1471.86,9259.85,,,,,
C001,Summer Sale,20-05-2026,Email,CUST01679,18-24,Female,10437,447,135,22,800,41957.62,,,,,
C003,New Product Launch,12-07-2026,Google Ads,CUST00669,35-44,Female,8048,276,57,12,1604.23,28882.61,,,,,
C003,New Product Launch,14-02-2026,Email,CUST02360,18-24,Female,18587,1298,377,95,1071.64,192638.63,,,,,
C005,Back to College,13-04-2026,Google Ads,CUST02001,18-24,Female,12838,641,156,24,3373.78,39729.05,,,,,
C001,Summer Sale,26-04-2026,Google Ads,CUST00522,25-34,Female,12453,530,111,23,2183.36,31479.26,,,,,
C006,Weekend Flash Sale,24-07-2026,Facebook,CUST01620,35-44,Male,4763,121,17,1,800,2508.5,,,,,
C003,New Product Launch,08-07-2026,Instagram,CUST01783,45-54,Female,12215,389,61,6,2036.63,10870.03,,,,,
C006,Weekend Flash Sale,30-06-2026,Email,CUST02463,25-34,Male,3775,286,93,19,800,50913.41,,,,,
C002,Festive Bonanza,23-06-2026,Google Ads,CUST02233,35-44,Other,8107,402,72,10,2125.22,24807.03,,,,,
C006,Weekend Flash Sale,22-05-2026,Instagram,CUST01228,35-44,Male,8401,230,42,9,1002.94,26344.71,,,,,
C008,Year End Clearance,26-07-2026,Email,CUST02455,35-44,Male,8960,579,176,41,800,101335.79,,,,,
C003,New Product Launch,04-06-2026,Google Ads,CUST00534,25-34,Female,7658,327,85,11,1942.25,14332.13,,,,,
C006,Weekend Flash Sale,20-08-2026,Email,CUST01563,35-44,Male,7574,700,198,53,800,153514.76,,,,,
C002,Festive Bonanza,20-01-2026,Facebook,CUST00773,35-44,Female,6870,199,26,4,1086.99,8328.7,,,,,
C008,Year End Clearance,26-04-2026,Google Ads,CUST01891,18-24,Male,16836,623,139,23,4662.19,48243.96,,,,,
C008,Year End Clearance,10-03-2026,Google Ads,CUST01714,45-54,Female,37628,2007,409,64,8770.87,125929.28,,,,,
C008,Year End Clearance,15-07-2026,Instagram,CUST02303,55+,Male,22869,790,140,17,3443.48,29593.64,,,,,
C004,Monsoon Offers,01-01-2026,Instagram,CUST01792,35-44,Male,13931,505,68,8,2311.48,10803.51,,,,,
C008,Year End Clearance,23-02-2026,Email,CUST01434,18-24,Female,2138,131,49,14,800,32623.73,,,,,
C006,Weekend Flash Sale,11-03-2026,Facebook,CUST01591,45-54,Male,7124,199,30,5,800,9414.99,,,,,
C008,Year End Clearance,18-04-2026,YouTube,CUST02455,25-34,Female,9264,320,26,0,1980.76,0,,,,,
C001,Summer Sale,11-05-2026,Google Ads,CUST00717,55+,Female,15626,483,104,15,3467.99,36361.46,,,,,
C005,Back to College,01-06-2026,Instagram,CUST02448,25-34,Female,9316,333,53,10,1605.22,16719.96,,,,,
C002,Festive Bonanza,14-03-2026,Instagram,CUST00028,18-24,Female,19067,721,126,27,3573.48,68506.49,,,,,
C004,Monsoon Offers,28-05-2026,Google Ads,CUST00574,18-24,Male,7249,413,88,6,1423.16,11447.97,,,,,
C001,Summer Sale,09-01-2026,Instagram,CUST01899,18-24,Male,6374,128,23,3,1086.98,5600.68,,,,,
C006,Weekend Flash Sale,23-05-2026,Facebook,CUST00018,45-54,Female,7768,216,30,5,1011.94,11563.3,,,,,
C002,Festive Bonanza,04-01-2026,Facebook,CUST00247,35-44,Female,6119,142,13,3,932.68,2833.94,,,,,
C001,Summer Sale,06-07-2026,Instagram,CUST02239,25-34,Female,8883,263,39,4,1082.24,6855.77,,,,,
C001,Summer Sale,29-06-2026,Google Ads,CUST02330,25-34,Male,7723,329,79,16,2205.54,31152.66,,,,,
C002,Festive Bonanza,08-06-2026,YouTube,CUST02105,25-34,Male,14198,280,28,2,2200.86,3964.83,,,,,
C007,Diwali Mega Sale,22-05-2026,Instagram,CUST00420,25-34,Male,15367,634,109,15,1902.73,40380.59,,,,,
C005,Back to College,13-03-2026,Google Ads,CUST00452,18-24,Female,18123,831,178,31,3363.84,72422.85,,,,,
C007,Diwali Mega Sale,23-03-2026,Facebook,CUST01095,45-54,Male,4239,108,21,4,800,6710.95,,,,,
C002,Festive Bonanza,20-02-2026,Google Ads,CUST02461,18-24,Female,6920,297,57,15,1926.94,30610.82,,,,,
C003,New Product Launch,09-06-2026,Google Ads,CUST00346,35-44,Female,10554,350,72,9,2481.79,18550.39,,,,,
C005,Back to College,13-02-2026,Email,CUST02195,18-24,Female,7836,502,161,38,800,140800.62,,,,,
C007,Diwali Mega Sale,27-04-2026,Email,CUST01429,45-54,Male,5075,317,97,29,800,51854.42,,,,,
C003,New Product Launch,08-05-2026,Google Ads,CUST02349,25-34,Male,7537,334,80,14,1744.91,20474.71,,,,,
C006,Weekend Flash Sale,08-07-2026,Instagram,CUST00289,25-34,Female,9178,373,60,8,1638.27,14977.64,,,,,
C002,Festive Bonanza,02-07-2026,Google Ads,CUST01059,25-34,Male,9779,272,62,7,2124.36,15252.83,,,,,
C001,Summer Sale,23-02-2026,Facebook,CUST01218,25-34,Female,6539,149,21,1,800,2736.81,,,,,
C005,Back to College,16-04-2026,Instagram,CUST01615,45-54,Female,8750,266,44,6,1039.58,10194.76,,,,,
C001,Summer Sale,09-06-2026,Facebook,CUST00724,55+,Male,12720,249,36,2,1983.82,2337.36,,,,,
C003,New Product Launch,27-04-2026,YouTube,CUST00530,35-44,Male,9414,163,14,3,1845.35,6896.99,,,,,
C008,Year End Clearance,09-03-2026,Facebook,CUST01506,35-44,Male,8150,208,32,3,1174.01,6409.35,,,,,
C002,Festive Bonanza,21-07-2026,Instagram,CUST02406,25-34,Female,5873,236,32,2,809.83,4541.64,,,,,
C003,New Product Launch,21-01-2026,Email,CUST01871,25-34,Male,12967,660,167,45,800,138191.21,,,,,
C005,Back to College,24-03-2026,Email,CUST00937,25-34,Female,11947,965,261,68,800,231071.39,,,,,
C006,Weekend Flash Sale,11-02-2026,Instagram,CUST00380,25-34,Male,11300,429,63,11,1976.13,20686.61,,,,,
C004,Monsoon Offers,20-06-2026,Instagram,CUST00061,18-24,Male,11945,370,76,11,1994.47,14617.98,,,,,
C008,Year End Clearance,16-01-2026,Instagram,CUST00050,25-34,Female,1984,61,4,2,800,2333.83,,,,,
C005,Back to College,13-03-2026,Facebook,CUST00980,25-34,Male,5802,177,27,2,829.26,4251.21,,,,,
C001,Summer Sale,05-04-2026,Google Ads,CUST00615,18-24,Male,5169,217,48,8,1322.74,15809.23,,,,,
C006,Weekend Flash Sale,25-02-2026,YouTube,CUST00164,35-44,Female,4417,91,10,0,903.2,0,,,,,
C004,Monsoon Offers,30-01-2026,Google Ads,CUST00158,55+,Male,21228,539,139,21,5990.7,38068.1,,,,,
C006,Weekend Flash Sale,27-04-2026,Email,CUST01898,25-34,Female,15261,665,192,46,923.64,137003.13,,,,,
C002,Festive Bonanza,06-05-2026,YouTube,CUST02245,25-34,Male,7450,120,17,3,1646.18,5298.06,,,,,
C004,Monsoon Offers,14-04-2026,Email,CUST02003,35-44,Male,10327,846,243,27,800,41940.17,,,,,
C005,Back to College,14-04-2026,Email,CUST01659,25-34,Male,10899,616,191,39,800,111705.58,,,,,
C003,New Product Launch,14-06-2026,Instagram,CUST01065,45-54,Female,14264,499,95,14,2195.33,23844.61,,,,,
C005,Back to College,14-07-2026,Google Ads,CUST00794,25-34,Female,5807,264,34,5,1368.73,13645.27,,,,,
C003,New Product Launch,09-05-2026,YouTube,CUST01546,18-24,Female,5063,112,11,0,863.39,0,,,,,
C008,Year End Clearance,05-08-2026,Google Ads,CUST01494,45-54,Male,10004,582,133,24,1985.18,60143.74,,,,,
C007,Diwali Mega Sale,12-04-2026,Google Ads,CUST00711,25-34,Male,14045,565,131,28,3747.75,83793.38,,,,,
C004,Monsoon Offers,04-05-2026,Email,CUST02163,55+,Male,27672,1949,578,105,1638.46,260287.78,,,,,
C005,Back to College,23-02-2026,Instagram,CUST00319,35-44,Other,7187,228,32,4,1262.8,7948.54,,,,,
C005,Back to College,02-04-2026,Facebook,CUST00743,35-44,Female,14300,359,47,3,2221.7,4111.29,,,,,
C005,Back to College,02-08-2026,Email,CUST01582,18-24,Female,8455,463,145,27,800,74144.37,,,,,
C005,Back to College,27-04-2026,Google Ads,CUST01030,35-44,Female,21797,982,219,31,3969.42,87282.02,,,,,
C004,Monsoon Offers,07-06-2026,Google Ads,CUST00828,25-34,Male,20501,944,196,25,4387.43,46136.52,,,,,
C006,Weekend Flash Sale,31-03-2026,Instagram,CUST00395,45-54,Male,22388,375,56,10,3143.74,14481.58,,,,,
C005,Back to College,13-05-2026,Facebook,CUST00432,25-34,Female,11877,236,28,7,1892.2,18376.92,,,,,
C006,Weekend Flash Sale,01-01-2026,Facebook,CUST02393,45-54,Female,10023,319,52,5,1258.9,17654.02,,,,,
C003,New Product Launch,30-01-2026,Instagram,CUST01500,35-44,Female,10614,324,60,7,1877.37,10579.12,,,,,
C005,Back to College,09-04-2026,YouTube,CUST01011,18-24,Male,14258,258,26,4,2534.12,5670.67,,,,,
C004,Monsoon Offers,09-07-2026,YouTube,CUST00179,35-44,Female,5145,103,8,1,975.5,1469.94,,,,,
C005,Back to College,29-06-2026,Instagram,CUST02098,25-34,Female,6851,283,44,8,800,16502.79,,,,,
C001,Summer Sale,04-03-2026,Facebook,CUST00686,55+,Female,6527,177,18,1,864.92,1392.21,,,,,
C001,Summer Sale,14-02-2026,Instagram,CUST01730,25-34,Male,11206,219,30,6,1496.87,9790.8,,,,,
C007,Diwali Mega Sale,15-01-2026,YouTube,CUST01524,45-54,Female,12117,229,29,4,1954.67,6566.37,,,,,
C008,Year End Clearance,24-08-2026,Email,CUST01281,35-44,Female,8210,460,153,28,800,39580.41,,,,,
C002,Festive Bonanza,13-07-2026,Instagram,CUST01640,35-44,Female,7129,185,24,3,1258.84,8736.24,,,,,
C002,Festive Bonanza,30-06-2026,Instagram,CUST00588,25-34,Male,8848,270,48,6,1404.74,12469.08,,,,,
C001,Summer Sale,27-06-2026,Google Ads,CUST00358,55+,Male,6151,224,49,7,1124.83,14519.51,,,,,
C007,Diwali Mega Sale,10-07-2026,Facebook,CUST00427,18-24,Male,6679,167,15,1,1107.06,2948.56,,,,,
C002,Festive Bonanza,23-04-2026,Google Ads,CUST01213,35-44,Male,7915,444,103,24,2068.32,38595.17,,,,,
C002,Festive Bonanza,23-07-2026,Instagram,CUST01511,18-24,Male,9334,238,46,7,1151.49,18738.92,,,,,
C001,Summer Sale,06-05-2026,Email,CUST02099,35-44,Male,15938,1038,294,63,939.2,96104.97,,,,,
C001,Summer Sale,07-04-2026,Email,CUST01460,55+,Female,2397,201,63,12,800,23035.98,,,,,
C008,Year End Clearance,18-05-2026,Instagram,CUST00404,25-34,Female,4126,145,18,2,800,3531.36,,,,,
C004,Monsoon Offers,10-05-2026,Instagram,CUST01468,45-54,Female,5797,144,32,2,800,2888.21,,,,,
C003,New Product Launch,20-05-2026,Email,CUST00578,35-44,Female,6700,491,146,37,800,137444.98,,,,,
C005,Back to College,18-07-2026,Google Ads,CUST00186,25-34,Male,5156,267,56,8,1045.45,20479.83,,,,,
C006,Weekend Flash Sale,18-04-2026,Email,CUST01017,35-44,Male,1862,95,25,6,800,18994.46,,,,,
C004,Monsoon Offers,27-02-2026,Google Ads,CUST00722,35-44,Male,8145,327,76,14,1859.33,20388.36,,,,,
C001,Summer Sale,06-01-2026,Google Ads,CUST02087,25-34,Female,5012,205,44,8,1003.58,11625.28,,,,,
C007,Diwali Mega Sale,19-02-2026,Email,CUST01775,25-34,Male,6893,444,132,43,800,129850.95,,,,,
C003,New Product Launch,15-03-2026,Email,CUST01356,18-24,Male,11595,599,176,39,800,71198.31,,,,,
C001,Summer Sale,04-06-2026,Email,CUST01930,18-24,Female,5349,423,130,21,800,53926.91,,,,,
C006,Weekend Flash Sale,27-03-2026,Google Ads,CUST01392,25-34,Female,7818,356,61,11,2121.97,18655.09,,,,,
C002,Festive Bonanza,06-04-2026,YouTube,CUST01026,18-24,Other,5310,131,15,2,871.46,4108.33,,,,,
C002,Festive Bonanza,25-05-2026,Email,CUST02194,25-34,Other,3021,155,43,8,800,26154.42,,,,,
C001,Summer Sale,08-07-2026,Google Ads,CUST01942,55+,Female,6563,356,71,11,1583.81,22768.61,,,,,
C002,Festive Bonanza,13-04-2026,Google Ads,CUST00904,35-44,Male,7006,238,59,15,1458.47,33533.74,,,,,
C002,Festive Bonanza,06-01-2026,Google Ads,CUST00770,25-34,Female,15433,528,125,27,3629.97,82247.14,,,,,
C005,Back to College,17-02-2026,Facebook,CUST00872,35-44,Female,2217,60,8,0,800,0,,,,,
C005,Back to College,20-08-2026,YouTube,CUST00733,45-54,Female,27686,481,55,11,4509.42,27120.09,,,,,
C006,Weekend Flash Sale,19-07-2026,Facebook,CUST01157,35-44,Male,13446,428,59,5,1564.95,11871.68,,,,,
C001,Summer Sale,10-04-2026,YouTube,CUST00117,18-24,Male,4258,82,7,1,800,2130.91,,,,,
C006,Weekend Flash Sale,21-02-2026,YouTube,CUST01589,35-44,Female,5637,159,16,2,809.76,3294.32,,,,,
C002,Festive Bonanza,27-01-2026,Facebook,CUST02461,35-44,Male,11259,367,61,9,1225.85,20202.84,,,,,
C003,New Product Launch,02-07-2026,YouTube,CUST00792,18-24,Female,9335,244,34,2,1391.05,3002.33,,,,,
C001,Summer Sale,13-02-2026,YouTube,CUST00766,25-34,Male,12594,392,46,3,1945.52,4083.09,,,,,
C007,Diwali Mega Sale,24-08-2026,Google Ads,CUST02240,25-34,Male,19674,920,206,55,3421.02,70130.31,,,,,
C003,New Product Launch,01-04-2026,Email,CUST00618,18-24,Female,5356,311,89,19,800,45632.81,,,,,
C008,Year End Clearance,15-03-2026,Instagram,CUST01038,18-24,Female,11060,424,78,10,1535.31,22218.3,,,,,
C006,Weekend Flash Sale,07-01-2026,Instagram,CUST02326,25-34,Male,12168,532,80,6,1756.01,15047,,,,,
C002,Festive Bonanza,25-02-2026,Instagram,CUST02280,25-34,Female,4792,152,20,5,897.52,13661.64,,,,,
C003,New Product Launch,29-04-2026,Facebook,CUST00380,35-44,Female,21248,794,126,14,2818.1,26106.94,,,,,
C004,Monsoon Offers,09-07-2026,Facebook,CUST02444,35-44,Female,9159,308,30,3,1446.55,5794.62,,,,,
C002,Festive Bonanza,07-02-2026,Google Ads,CUST00886,18-24,Male,26936,1588,365,69,6469.64,184566.89,,,,,
C003,New Product Launch,05-05-2026,Google Ads,CUST01241,25-34,Male,27196,1530,327,40,5296.85,96931.76,,,,,
C006,Weekend Flash Sale,12-08-2026,Google Ads,CUST00601,45-54,Male,9324,309,79,16,2355.22,26962.96,,,,,
C006,Weekend Flash Sale,06-03-2026,Google Ads,CUST00520,25-34,Female,7493,366,91,22,1515.79,50044.75,,,,,
C002,Festive Bonanza,28-01-2026,Google Ads,CUST02458,18-24,Male,13838,485,116,16,2434.33,45436.12,,,,,
C007,Diwali Mega Sale,09-01-2026,Google Ads,CUST01778,45-54,Other,5673,248,58,17,1294.87,61068.83,,,,,
C007,Diwali Mega Sale,18-02-2026,YouTube,CUST00492,25-34,Female,11906,241,34,6,1887.03,17762.52,,,,,
C007,Diwali Mega Sale,03-03-2026,Email,CUST00569,18-24,Male,14477,1050,315,77,802.24,248517.17,,,,,
C004,Monsoon Offers,25-08-2026,YouTube,CUST00860,18-24,Male,11616,203,24,2,1951.49,2386.75,,,,,
C005,Back to College,06-03-2026,Email,CUST01948,18-24,Female,2174,127,28,3,800,8446.71,,,,,
C008,Year End Clearance,25-05-2026,Facebook,CUST02104,35-44,Male,11257,252,42,1,1398.09,1682.32,,,,,
C004,Monsoon Offers,16-02-2026,Instagram,CUST00918,25-34,Female,6087,173,26,2,848.23,3264.38,,,,,
C007,Diwali Mega Sale,23-06-2026,Instagram,CUST00240,55+,Female,4792,229,30,5,800,9792.67,,,,,
C002,Festive Bonanza,26-08-2026,Instagram,CUST00675,45-54,Male,17173,414,76,7,2036.97,19639.64,,,,,
C003,New Product Launch,12-01-2026,Email,CUST01376,55+,Male,5222,312,97,20,800,56125.01,,,,,
C005,Back to College,21-01-2026,Google Ads,CUST01101,45-54,Male,8756,461,103,21,2361.89,38589.07,,,,,
C008,Year End Clearance,10-05-2026,Google Ads,CUST00135,25-34,Male,11092,401,77,19,2485.83,51431.86,,,,,
C002,Festive Bonanza,07-01-2026,YouTube,CUST02123,18-24,Male,22402,531,55,2,3386.4,3518.04,,,,,
C006,Weekend Flash Sale,19-05-2026,Email,CUST00374,35-44,Male,6184,381,102,22,800,56489.7,,,,,
C007,Diwali Mega Sale,23-01-2026,Email,CUST01515,35-44,Male,5154,455,125,35,800,99665.96,,,,,
C008,Year End Clearance,08-07-2026,Google Ads,CUST01787,25-34,Female,3857,186,31,5,992.47,7583.5,,,,,
C005,Back to College,10-05-2026,Instagram,CUST02417,35-44,Male,7106,217,35,4,1015.39,7191.95,,,,,
C002,Festive Bonanza,04-07-2026,Facebook,CUST00173,25-34,Male,13965,313,34,5,2242.63,8886.04,,,,,
C002,Festive Bonanza,10-01-2026,Google Ads,CUST02037,25-34,Female,8021,448,107,15,1423.73,36436.52,,,,,
C008,Year End Clearance,12-04-2026,Facebook,CUST01751,25-34,Male,4913,72,8,2,800,2704.46,,,,,
C005,Back to College,29-04-2026,Google Ads,CUST02095,18-24,Other,11640,542,118,24,3275.41,57449.82,,,,,
C004,Monsoon Offers,14-04-2026,Email,CUST01714,25-34,Male,12602,825,268,51,833.03,77424.21,,,,,
C008,Year End Clearance,15-02-2026,Instagram,CUST01014,18-24,Male,9317,272,53,5,1089.77,9794.41,,,,,
C006,Weekend Flash Sale,05-02-2026,Google Ads,CUST02100,18-24,Male,6867,289,60,11,1353.11,28205.53,,,,,
C001,Summer Sale,24-07-2026,Facebook,CUST00699,45-54,Male,6080,212,40,7,841.5,13817.71,,,,,
C006,Weekend Flash Sale,13-08-2026,Instagram,CUST02015,25-34,Male,12056,585,90,11,1513.44,20734.1,,,,,
C007,Diwali Mega Sale,16-05-2026,Email,CUST02283,45-54,Female,26365,1851,544,145,1555.35,388215.98,,,,,
C001,Summer Sale,14-03-2026,Instagram,CUST01741,55+,Male,23774,734,117,15,3283.46,19939.56,,,,,
C001,Summer Sale,31-08-2026,Instagram,CUST00511,18-24,Female,6815,142,24,1,1173.1,1630.99,,,,,
C001,Summer Sale,10-06-2026,Instagram,CUST01506,25-34,Male,6207,233,40,4,807.54,10857.42,,,,,
C002,Festive Bonanza,15-02-2026,Email,CUST00064,45-54,Female,13833,1102,317,78,800,198630.56,,,,,
C001,Summer Sale,19-05-2026,Instagram,CUST01033,25-34,Male,7814,241,27,6,1456.91,13779.33,,,,,
C006,Weekend Flash Sale,21-07-2026,Facebook,CUST01689,55+,Male,14820,444,64,9,2207.14,10621.58,,,,,
C006,Weekend Flash Sale,13-07-2026,Instagram,CUST00367,25-34,Male,26536,797,122,16,3205.21,42231.68,,,,,
C008,Year End Clearance,12-02-2026,Instagram,CUST01253,25-34,Female,5509,163,26,6,912.33,11181.03,,,,,
C003,New Product Launch,22-07-2026,YouTube,CUST00587,25-34,Male,29166,705,96,11,4238.78,17727.48,,,,,
C001,Summer Sale,20-03-2026,Instagram,CUST01271,25-34,Female,9302,342,64,10,1732.19,12585.15,,,,,
C003,New Product Launch,28-05-2026,YouTube,CUST02010,35-44,Male,16607,423,47,7,3422.87,8764.87,,,,,
C003,New Product Launch,01-03-2026,Google Ads,CUST01310,25-34,Female,4467,186,54,8,1008.5,10065.98,,,,,
C004,Monsoon Offers,20-05-2026,Google Ads,CUST02214,25-34,Female,3775,212,41,5,828.42,10526.46,,,,,
C001,Summer Sale,28-06-2026,YouTube,CUST01950,18-24,Male,10157,182,17,3,1858.5,3837.77,,,,,
C008,Year End Clearance,25-06-2026,Instagram,CUST00301,18-24,Male,3578,120,18,2,800,4630.4,,,,,
C001,Summer Sale,12-05-2026,YouTube,CUST02471,35-44,Male,4954,99,16,2,800,3580.61,,,,,
C005,Back to College,14-08-2026,Google Ads,CUST01740,35-44,Male,5686,227,48,5,1490.47,5001.79,,,,,
C002,Festive Bonanza,31-03-2026,Instagram,CUST01736,25-34,Female,6672,248,39,7,961.58,14753.25,,,,,
C003,New Product Launch,04-08-2026,Email,CUST00557,35-44,Male,2744,218,77,13,800,26283.8,,,,,
C005,Back to College,06-06-2026,YouTube,CUST00871,18-24,Male,1945,63,7,0,800,0,,,,,
C003,New Product Launch,18-08-2026,Instagram,CUST01229,35-44,Female,26354,756,136,20,4827.56,25351.88,,,,,
C003,New Product Launch,15-02-2026,Google Ads,CUST02466,25-34,Female,5872,250,47,12,1310.3,19433.72,,,,,
C007,Diwali Mega Sale,23-08-2026,Google Ads,CUST00774,25-34,Male,16944,635,138,31,4369.82,46818.84,,,,,
C001,Summer Sale,11-05-2026,Instagram,CUST00066,25-34,Female,15035,556,89,8,1996,11922.87,,,,,
C007,Diwali Mega Sale,25-05-2026,Facebook,CUST00750,35-44,Female,15856,462,56,10,1745.85,25106.72,,,,,
C006,Weekend Flash Sale,06-08-2026,YouTube,CUST01839,45-54,Male,7656,144,14,0,1144.11,0,,,,,
C006,Weekend Flash Sale,26-05-2026,Google Ads,CUST01988,35-44,Female,9705,414,83,18,2715.08,39503.28,,,,,
C003,New Product Launch,10-06-2026,Facebook,CUST00910,35-44,Female,15756,577,85,7,1888.33,10962.95,,,,,
C001,Summer Sale,05-02-2026,Email,CUST00772,25-34,Male,9259,740,206,43,800,72655.51,,,,,
C008,Year End Clearance,08-01-2026,Google Ads,CUST02073,25-34,Female,7390,267,61,12,1906.13,41293.59,,,,,
C008,Year End Clearance,07-01-2026,Facebook,CUST00448,35-44,Female,3692,112,15,2,800,4334.71,,,,,
C002,Festive Bonanza,25-07-2026,Google Ads,CUST00966,25-34,Male,10697,429,98,18,2210.51,45553.04,,,,,
C005,Back to College,16-07-2026,Facebook,CUST00440,45-54,Female,4282,69,10,4,800,10094.41,,,,,
C008,Year End Clearance,08-06-2026,Email,CUST01986,35-44,Female,10260,706,229,52,800,186861.64,,,,,
C004,Monsoon Offers,14-02-2026,Google Ads,CUST00353,18-24,Male,23703,1117,242,35,6668.16,46951.12,,,,,
C001,Summer Sale,19-06-2026,YouTube,CUST01818,35-44,Female,3901,86,14,1,800,1580.21,,,,,
C008,Year End Clearance,24-02-2026,Google Ads,CUST01260,55+,Male,9930,519,126,18,2579.75,49213.73,,,,,
C001,Summer Sale,02-03-2026,Instagram,CUST00417,45-54,Male,9190,333,54,10,1493.54,18172.76,,,,,
C004,Monsoon Offers,07-05-2026,YouTube,CUST02373,55+,Male,11960,323,45,2,1742.24,3735.13,,,,,
C008,Year End Clearance,23-01-2026,Facebook,CUST02343,35-44,Male,8651,226,27,3,951.19,6031.92,,,,,
C001,Summer Sale,16-04-2026,Google Ads,CUST01929,18-24,Male,7712,311,65,12,1625.7,26217.12,,,,,
C006,Weekend Flash Sale,30-07-2026,Instagram,CUST01255,25-34,Male,12526,541,80,13,1631.68,32589.32,,,,,
C003,New Product Launch,30-07-2026,Instagram,CUST01660,18-24,Female,8928,394,66,7,1183.08,12105.3,,,,,
C001,Summer Sale,02-04-2026,YouTube,CUST00821,18-24,Male,8772,258,29,3,1283.69,5989.35,,,,,
C007,Diwali Mega Sale,20-05-2026,Instagram,CUST00544,25-34,Female,4539,163,24,6,800,18038.18,,,,,
C005,Back to College,28-06-2026,Email,CUST00063,35-44,Female,21711,1300,385,55,1364.65,138229.74,,,,,
C007,Diwali Mega Sale,22-08-2026,Email,CUST01916,18-24,Male,8894,626,182,51,800,168094.68,,,,,
C004,Monsoon Offers,07-02-2026,Email,CUST00890,35-44,Female,21121,1546,433,95,1131.98,168101,,,,,
C002,Festive Bonanza,24-02-2026,Google Ads,CUST02221,35-44,Male,6928,300,61,10,1462.53,32061.09,,,,,
C007,Diwali Mega Sale,10-08-2026,Instagram,CUST00582,18-24,Male,7595,298,58,9,1392.72,22868.66,,,,,
C001,Summer Sale,13-07-2026,YouTube,CUST00987,45-54,Male,7719,102,12,3,1552.45,3514.06,,,,,
C008,Year End Clearance,13-04-2026,YouTube,CUST02478,45-54,Male,13512,216,25,7,2043.62,9793.84,,,,,
C007,Diwali Mega Sale,09-03-2026,Facebook,CUST00441,18-24,Female,11641,169,36,10,1246.38,31092.86,,,,,
C005,Back to College,19-07-2026,Instagram,CUST01947,25-34,Male,3766,123,19,1,800,2152.82,,,,,
C007,Diwali Mega Sale,25-02-2026,Google Ads,CUST01420,25-34,Female,4549,265,67,9,1248.34,33640.28,,,,,
C001,Summer Sale,20-03-2026,YouTube,CUST01329,35-44,Female,7420,129,17,3,1430.32,4654.85,,,,,
C005,Back to College,04-08-2026,Google Ads,CUST01248,25-34,Male,15171,696,169,31,3618.75,93527.64,,,,,
C008,Year End Clearance,07-04-2026,Facebook,CUST01834,25-34,Male,23704,681,89,13,3927.84,27632.09,,,,,
C007,Diwali Mega Sale,21-05-2026,Google Ads,CUST02230,25-34,Male,7023,276,55,20,1813.38,51403.56,,,,,
C006,Weekend Flash Sale,11-02-2026,Facebook,CUST01238,18-24,Female,5422,187,24,1,800,1442.23,,,,,
C006,Weekend Flash Sale,05-08-2026,Google Ads,CUST00717,35-44,Male,4786,180,37,10,1188.58,22661.75,,,,,
C006,Weekend Flash Sale,14-08-2026,Instagram,CUST01483,25-34,Female,11594,463,77,15,1413.91,41392.73,,,,,
C002,Festive Bonanza,26-08-2026,Facebook,CUST01915,35-44,Male,12983,411,64,11,1443.03,18033.12,,,,,
C002,Festive Bonanza,08-02-2026,YouTube,CUST00359,18-24,Male,11861,270,28,1,1632.54,2398.09,,,,,
C006,Weekend Flash Sale,17-04-2026,Instagram,CUST02065,45-54,Male,9311,455,72,5,1258.36,14421.44,,,,,
C004,Monsoon Offers,04-01-2026,Google Ads,CUST00051,35-44,Male,11411,569,128,13,2860.72,26007.72,,,,,
C006,Weekend Flash Sale,29-05-2026,YouTube,CUST01349,25-34,Male,13094,244,29,2,2487.96,2590.97,,,,,
C005,Back to College,17-04-2026,Instagram,CUST02079,45-54,Female,20416,461,71,8,3579.73,12584.57,,,,,
C002,Festive Bonanza,09-02-2026,Email,CUST02456,25-34,Male,28005,2281,687,185,1838.04,444487.07,,,,,
C001,Summer Sale,17-08-2026,YouTube,CUST00581,25-34,Male,8963,140,14,2,1219.65,3867.97,,,,,
C007,Diwali Mega Sale,11-05-2026,Email,CUST00926,45-54,Female,5598,340,94,20,800,79051.92,,,,,
C006,Weekend Flash Sale,09-04-2026,Instagram,CUST01907,45-54,Male,14864,450,74,11,2193.9,17662.99,,,,,
C004,Monsoon Offers,16-07-2026,YouTube,CUST01878,55+,Female,8058,161,21,1,1717.73,1548.14,,,,,
C004,Monsoon Offers,03-06-2026,YouTube,CUST01015,45-54,Female,6295,131,9,2,980.49,4493.66,,,,,
C003,New Product Launch,23-04-2026,YouTube,CUST00015,45-54,Male,12178,321,45,5,1875.96,11753.15,,,,,
C008,Year End Clearance,15-04-2026,Instagram,CUST01979,18-24,Female,4779,153,24,3,856.87,7052.21,,,,,
C008,Year End Clearance,02-05-2026,Google Ads,CUST02220,25-34,Male,11211,558,123,21,2738.79,61437.1,,,,,
C001,Summer Sale,03-05-2026,Facebook,CUST00740,25-34,Female,10215,259,28,3,1466.2,7367.25,,,,,
C008,Year End Clearance,26-01-2026,Google Ads,CUST01194,25-34,Other,9279,375,73,7,2178.3,21138.41,,,,,
C005,Back to College,26-05-2026,Google Ads,CUST00666,35-44,Female,12050,440,96,12,2848.65,25677.26,,,,,
C001,Summer Sale,19-01-2026,Google Ads,CUST02434,35-44,Female,8863,438,83,13,2008.87,24602.04,,,,,
C006,Weekend Flash Sale,12-02-2026,Google Ads,CUST02019,35-44,Male,3066,162,37,5,827.2,11206.29,,,,,
C003,New Product Launch,27-03-2026,Google Ads,CUST01858,18-24,Male,11019,546,125,27,2448.79,41857.97,,,,,
C001,Summer Sale,31-05-2026,Google Ads,CUST00421,25-34,Male,10982,468,88,14,2758.27,32264.42,,,,,
C004,Monsoon Offers,01-01-2026,Instagram,CUST02083,25-34,Male,9001,260,39,3,1439.39,4047.33,,,,,
C004,Monsoon Offers,15-06-2026,Google Ads,CUST01853,45-54,Male,6438,380,72,10,1617.83,15906.49,,,,,
C002,Festive Bonanza,21-06-2026,Google Ads,CUST01612,55+,Male,9101,315,73,17,2566.05,54475.7,,,,,
C004,Monsoon Offers,27-02-2026,Email,CUST00590,35-44,Male,11671,596,165,31,800,56396.41,,,,,
C003,New Product Launch,30-07-2026,Instagram,CUST02308,55+,Female,7876,275,46,5,1385.68,9766.6,,,,,
C002,Festive Bonanza,05-06-2026,Google Ads,CUST00025,25-34,Female,5234,271,50,5,999.69,9037.01,,,,,
C005,Back to College,23-02-2026,Instagram,CUST01627,45-54,Female,9346,367,53,5,1443.14,12797.46,,,,,
C003,New Product Launch,17-04-2026,Google Ads,CUST01097,45-54,Female,21235,961,216,27,6013.94,98339.3,,,,,
C006,Weekend Flash Sale,10-05-2026,YouTube,CUST00250,55+,Male,20700,239,27,2,4185.69,3905.66,,,,,
C007,Diwali Mega Sale,27-06-2026,Instagram,CUST01162,25-34,Female,14835,501,88,20,2088.95,36654.95,,,,,
C001,Summer Sale,14-08-2026,Facebook,CUST00438,25-34,Male,6632,231,30,4,800,6569.23,,,,,
C002,Festive Bonanza,01-01-2026,Email,CUST01195,18-24,Male,7348,747,213,43,800,112671.72,,,,,
C003,New Product Launch,22-02-2026,Email,CUST02087,18-24,Female,8388,499,148,31,800,78940.77,,,,,
C007,Diwali Mega Sale,30-01-2026,Facebook,CUST02329,25-34,Male,9140,229,36,10,1459.75,21186.35,,,,,
C005,Back to College,25-05-2026,Google Ads,CUST01576,45-54,Male,7562,411,89,12,2111.64,38800.95,,,,,
C005,Back to College,19-01-2026,Google Ads,CUST02001,45-54,Male,9699,541,129,22,1915.19,57129.82,,,,,
C008,Year End Clearance,22-01-2026,Email,CUST01908,18-24,Female,10957,646,202,46,800,125812.34,,,,,
C003,New Product Launch,16-08-2026,YouTube,CUST01179,25-34,Male,4690,92,12,3,1032.53,3959.99,,,,,
C002,Festive Bonanza,12-03-2026,Facebook,CUST00475,35-44,Male,24015,854,131,16,3862.97,28852.16,,,,,
C002,Festive Bonanza,06-06-2026,Instagram,CUST01968,35-44,Female,9789,286,46,9,1104.17,19655.4,,,,,
C008,Year End Clearance,29-06-2026,Facebook,CUST02340,35-44,Male,9069,370,52,3,1148.16,6663.25,,,,,
C006,Weekend Flash Sale,23-08-2026,Instagram,CUST00200,25-34,Female,8405,416,65,11,950.41,15817.23,,,,,
C005,Back to College,22-05-2026,Google Ads,CUST01131,18-24,Female,5707,190,44,5,1536.6,10034.33,,,,,
C005,Back to College,15-04-2026,Instagram,CUST01278,45-54,Male,7107,195,40,4,1008.85,6796.81,,,,,
C005,Back to College,06-02-2026,Instagram,CUST00711,18-24,Female,5682,219,32,6,802.46,13583.82,,,,,
C004,Monsoon Offers,14-01-2026,Google Ads,CUST01167,35-44,Male,18215,939,190,22,3767.22,33909.9,,,,,
C003,New Product Launch,26-05-2026,YouTube,CUST01054,45-54,Female,9670,290,35,3,1932.42,3529.14,,,,,
C003,New Product Launch,29-05-2026,Facebook,CUST00667,25-34,Male,26325,730,101,9,3046.06,16951.11,,,,,
C006,Weekend Flash Sale,20-05-2026,Google Ads,CUST01532,18-24,Male,21135,1061,232,37,4910.37,77067.69,,,,,
C003,New Product Launch,29-04-2026,Instagram,CUST02377,45-54,Male,10121,317,56,3,1834.85,5564.56,,,,,
C003,New Product Launch,19-07-2026,Google Ads,CUST02327,45-54,Female,12364,591,142,28,2746.87,43252.58,,,,,
C007,Diwali Mega Sale,24-05-2026,Instagram,CUST01640,35-44,Male,10510,380,60,10,1254.46,31140.07,,,,,
C005,Back to College,30-03-2026,Facebook,CUST00030,25-34,Male,4703,130,17,2,800,3144.15,,,,,
C001,Summer Sale,16-01-2026,Instagram,CUST00214,35-44,Male,4584,140,26,1,800,1730.03,,,,,
C008,Year End Clearance,10-04-2026,Facebook,CUST00315,18-24,Other,23347,684,101,15,3880.2,26769.86,,,,,
C001,Summer Sale,19-08-2026,instagram,CUST01125,55+,Female,8339,190,20,3,1330.4,7790.34,,,,,
C008,Year End Clearance,19-08-2026,Google Ads,CUST01231,55+,Female,22426,640,130,22,5882.89,48434.31,,,,,
C006,Weekend Flash Sale,08-05-2026,Instagram,CUST01468,35-44,Female,29015,846,142,23,5183.36,56911.94,,,,,
C008,Year End Clearance,31-08-2026,Instagram,CUST02211,35-44,Female,37240,1497,243,30,4492.89,66051.4,,,,,
C002,Festive Bonanza,17-01-2026,Email,CUST00646,18-24,Male,17384,1095,318,86,1024.81,266288.14,,,,,
C007,Diwali Mega Sale,05-03-2026,Email,CUST01630,35-44,Male,8908,629,184,46,800,146619.25,,,,,
C005,Back to College,13-08-2026,Instagram,CUST00779,35-44,Female,8014,222,50,4,927.22,8900.57,,,,,
C006,Weekend Flash Sale,23-02-2026,Instagram,CUST01506,25-34,Male,9072,388,72,9,1050.87,18977.1,,,,,
C007,Diwali Mega Sale,30-04-2026,YouTube,CUST00538,25-34,Female,5129,90,14,3,800,6278.66,,,,,
C003,New Product Launch,25-06-2026,Google Ads,CUST01140,18-24,Other,13879,535,127,20,2400.25,36886.49,,,,,
C008,Year End Clearance,21-01-2026,Google Ads,CUST00040,25-34,Male,5171,203,53,15,1349.39,21260.56,,,,,
C004,Monsoon Offers,18-06-2026,Google Ads,CUST01569,35-44,Male,8853,335,75,9,2152.89,21210.76,,,,,
C004,Monsoon Offers,09-05-2026,Facebook,CUST01087,25-34,Male,4383,116,14,2,800,3866.04,,,,,
C004,Monsoon Offers,20-02-2026,Instagram,CUST02008,45-54,Female,2103,53,5,0,800,0,,,,,
C002,Festive Bonanza,24-06-2026,Instagram,CUST02094,55+,Male,6865,226,34,2,875.71,4940.26,,,,,
C006,Weekend Flash Sale,15-01-2026,Google Ads,CUST02045,55+,Female,6224,268,55,7,1631.1,23462.69,,,,,
C007,Diwali Mega Sale,08-03-2026,Instagram,CUST00868,55+,Female,7127,204,35,4,1247.4,7723.16,,,,,
C002,Festive Bonanza,27-01-2026,Email,CUST01899,18-24,Male,12270,909,284,73,800,249464.16,,,,,
C004,Monsoon Offers,13-01-2026,Email,CUST01910,35-44,Male,7283,547,157,33,800,54520.26,,,,,
C005,Back to College,03-01-2026,Facebook,CUST02006,25-34,Male,14018,513,76,9,2354.27,14738.01,,,,,
C001,Summer Sale,15-08-2026,Instagram,CUST00777,45-54,Female,13661,427,57,4,2508.31,7288.2,,,,,
C001,Summer Sale,26-06-2026,Facebook,CUST02123,55+,Male,4221,70,15,1,800,2522.75,,,,,
C003,New Product Launch,17-06-2026,YouTube,CUST02365,18-24,Male,7761,162,19,0,1664.88,0,,,,,
C002,Festive Bonanza,21-08-2026,Facebook,CUST01341,55+,Male,10931,267,37,5,1235.65,8176.22,,,,,
C001,Summer Sale,01-03-2026,YouTube,CUST01261,18-24,Female,9082,260,24,2,1627.94,4043.57,,,,,
C007,Diwali Mega Sale,23-03-2026,Google Ads,CUST00105,25-34,Male,6710,251,64,22,1703.73,60898.26,,,,,
C006,Weekend Flash Sale,04-01-2026,Facebook,CUST00747,25-34,Male,23620,706,101,7,3972.13,13675.09,,,,,
C003,New Product Launch,03-01-2026,Instagram,CUST01451,55+,Female,6383,138,22,2,1046.63,3703.81,,,,,
C005,Back to College,11-06-2026,Google Ads,CUST01391,45-54,Male,7786,455,97,21,1545.07,43153.46,,,,,
C004,Monsoon Offers,15-06-2026,Google Ads,CUST01462,18-24,Female,9803,460,97,17,2263.27,18382.71,,,,,
C008,Year End Clearance,14-03-2026,Instagram,CUST01378,25-34,Unknown,5641,207,27,0,800,0,,,,,
C001,Summer Sale,25-04-2026,Email,CUST01344,25-34,Male,9273,664,197,37,800,82253.74,,,,,
C007,Diwali Mega Sale,15-01-2026,Google Ads,CUST00004,18-24,Female,7081,326,77,18,1446.74,55958.85,,,,,
C007,Diwali Mega Sale,11-05-2026,Facebook,CUST01913,18-24,Female,4914,157,26,4,800,6919.69,,,,,
C008,Year End Clearance,30-08-2026,YouTube,CUST01899,18-24,Other,15829,265,37,3,2641.19,4501.65,,,,,
C002,Festive Bonanza,24-03-2026,Facebook,CUST01481,35-44,Male,17417,460,61,6,2843.45,18679.77,,,,,
C005,Back to College,07-05-2026,Google Ads,CUST01215,25-34,Male,17703,893,230,41,4133.69,94291.72,,,,,
C006,Weekend Flash Sale,25-08-2026,YouTube,CUST02072,35-44,Male,9751,301,33,2,1464.44,2562.06,,,,,
C004,Monsoon Offers,30-08-2026,Google Ads,CUST00448,45-54,Female,23185,859,186,22,6524.81,38184.83,,,,,
C004,Monsoon Offers,08-01-2026,Instagram,CUST02467,35-44,Female,29680,736,116,12,4014.58,18532.93,,,,,
C007,Diwali Mega Sale,25-06-2026,YouTube,CUST01187,35-44,Male,10210,270,30,6,1544.71,10669.25,,,,,
C001,Summer Sale,01-06-2026,Google Ads,CUST00336,35-44,Female,13863,648,137,17,3386.61,27218.14,,,,,
C002,Festive Bonanza,27-03-2026,Instagram,CUST00508,18-24,Female,5264,157,27,5,800,12725.89,,,,,
C001,Summer Sale,12-05-2026,Email,CUST02332,25-34,Unknown,14520,753,230,48,800,133660.68,,,,,
C001,Summer Sale,10-06-2026,YouTube,CUST00757,45-54,Female,6994,121,12,3,1194.05,5117.64,,,,,
C002,Festive Bonanza,27-04-2026,Facebook,CUST02291,35-44,Male,5108,168,30,6,800,11062.12,,,,,
C004,Monsoon Offers,23-07-2026,Facebook,CUST00471,35-44,Female,5456,130,9,4,800,5093.06,,,,,
C008,Year End Clearance,23-05-2026,Google Ads,CUST01245,55+,Female,12188,623,115,19,3016.72,39835.72,,,,,
C005,Back to College,08-04-2026,YouTube,CUST00467,45-54,Female,28515,535,62,5,4767.37,11418.08,,,,,
C005,Back to College,28-07-2026,Email,CUST00864,35-44,Male,10299,887,257,69,800,198300.7,,,,,
C008,Year End Clearance,10-03-2026,Facebook,CUST01366,55+,Male,13369,342,54,8,1575.9,13775.59,,,,,
C006,Weekend Flash Sale,27-04-2026,Email,CUST02391,25-34,Male,24184,1572,480,106,1599.67,327152.72,,,,,
C008,Year End Clearance,10-04-2026,Facebook,CUST01375,35-44,Male,7004,175,30,4,906.98,8267.65,,,,,
C003,New Product Launch,27-01-2026,Google Ads,CUST00907,25-34,Male,6339,275,52,11,1522.37,32430.9,,,,,
C005,Back to College,03-03-2026,YouTube,CUST00675,25-34,Female,6819,178,20,0,1497.76,0,,,,,
C006,Weekend Flash Sale,04-02-2026,Instagram,CUST01019,55+,Female,10297,327,47,5,1737.78,10393.92,,,,,
C008,Year End Clearance,15-06-2026,Facebook,CUST01877,18-24,Female,4707,126,18,5,800,8563.85,,,,,
C001,Summer Sale,13-01-2026,Instagram,CUST02179,25-34,Female,6180,272,35,4,800,5677.79,,,,,
C005,Back to College,28-03-2026,Instagram,CUST00620,18-24,Male,8381,167,28,4,1290.84,6763.64,,,,,
C008,Year End Clearance,05-01-2026,Facebook,CUST00023,45-54,Female,6339,185,25,2,800,2549.19,,,,,
C002,Festive Bonanza,05-02-2026,Email,CUST02098,35-44,Female,4874,435,136,32,800,103557.98,,,,,
C006,Weekend Flash Sale,14-07-2026,Google Ads,CUST01529,45-54,Female,24351,1338,290,53,6434.59,143350.78,,,,,
C007,Diwali Mega Sale,18-02-2026,Email,CUST00251,18-24,Female,9789,528,152,47,800,113647.19,,,,,
C002,Festive Bonanza,13-05-2026,YouTube,CUST01448,25-34,Male,6175,129,18,2,1026.89,4459.83,,,,,
C002,Festive Bonanza,13-05-2026,Google Ads,CUST00357,55+,Other,2453,134,19,6,800,13630.52,,,,,
C005,Back to College,26-02-2026,Email,CUST00620,18-24,Female,9871,766,243,40,800,154637.17,,,,,
C001,Summer Sale,17-08-2026,YouTube,CUST00719,25-34,Male,6771,165,18,4,915.4,7686.41,,,,,
C008,Year End Clearance,16-04-2026,Instagram,CUST00425,45-54,Male,8578,312,51,4,1526.05,7548.2,,,,,
C008,Year End Clearance,28-01-2026,Google Ads,CUST00170,18-24,Male,2918,204,46,6,800,8783.26,,,,,
C001,Summer Sale,17-02-2026,Instagram,CUST02103,18-24,Female,9514,355,47,5,1333.73,9127.84,,,,,
C005,Back to College,10-03-2026,Email,CUST00995,45-54,Female,6880,495,158,32,800,76582.08,,,,,
C005,Back to College,17-03-2026,Facebook,CUST01215,18-24,Female,9972,264,29,5,1362.15,11078.23,,,,,
C002,Festive Bonanza,19-03-2026,Facebook,CUST01271,55+,Male,3639,57,6,0,800,0,,,,,
C002,Festive Bonanza,17-06-2026,Facebook,CUST00523,18-24,Male,6473,146,16,2,1020.75,3665.02,,,,,
C005,Back to College,03-06-2026,YouTube,CUST00898,55+,Male,4986,76,15,1,800,1966.91,,,,,
C001,Summer Sale,16-05-2026,Instagram,CUST01406,35-44,Female,8360,301,47,8,1132.38,11735.79,,,,,
C007,Diwali Mega Sale,30-04-2026,Google Ads,CUST01896,25-34,Female,5931,230,53,14,1637.13,29134.78,,,,,
C006,Weekend Flash Sale,08-05-2026,Google Ads,CUST01048,25-34,Male,22607,698,159,25,5007.09,26310.56,,,,,
C003,New Product Launch,16-06-2026,Email,CUST00379,25-34,Female,7515,488,140,39,800,86125.72,,,,,
C002,Festive Bonanza,02-01-2026,Google Ads,CUST02316,25-34,Male,11309,569,132,23,3032.7,75608.95,,,,,
C003,New Product Launch,10-03-2026,Google Ads,CUST00898,18-24,Male,13358,634,137,24,3696.44,58692.21,,,,,
C002,Festive Bonanza,27-04-2026,Instagram,CUST00020,35-44,Male,19798,533,95,19,3276.12,56292.22,,,,,
C007,Diwali Mega Sale,11-01-2026,YouTube,CUST01910,25-34,Male,27801,682,80,15,4134.53,20823.23,,,,,
C004,Monsoon Offers,06-05-2026,Google Ads,CUST00082,25-34,Female,14868,659,144,21,4241.23,27495.71,,,,,
C007,Diwali Mega Sale,29-04-2026,Facebook,CUST00098,18-24,Male,5459,118,23,3,861.81,4115.98,,,,,
C001,Summer Sale,25-08-2026,Instagram,CUST00059,25-34,Male,15529,438,63,8,2021.05,15743.65,,,,,
C007,Diwali Mega Sale,03-05-2026,Email,CUST01157,35-44,Female,13783,981,310,83,856.08,209976.93,,,,,
C003,New Product Launch,13-04-2026,Google Ads,CUST00628,25-34,Male,3724,146,33,11,917.54,30580.62,,,,,
C005,Back to College,26-03-2026,YouTube,CUST00588,55+,Female,7079,100,8,2,1166.13,4933.62,,,,,
C006,Weekend Flash Sale,03-01-2026,Facebook,CUST00074,35-44,Female,6285,171,24,2,820.37,3360.36,,,,,
C003,New Product Launch,19-02-2026,Email,CUST00539,45-54,Female,9914,638,199,43,800,106477.02,,,,,
C003,New Product Launch,29-01-2026,Google Ads,CUST00317,25-34,Male,14043,397,80,16,3062.94,35589.38,,,,,
C008,Year End Clearance,29-03-2026,Facebook,CUST01087,18-24,Male,2671,59,6,1,800,1625.94,,,,,
C004,Monsoon Offers,17-03-2026,Email,CUST00734,25-34,Male,18019,984,304,36,878.47,73552.28,,,,,
C007,Diwali Mega Sale,30-05-2026,YouTube,CUST00903,25-34,Female,4628,112,17,2,869.82,4869.11,,,,,
C003,New Product Launch,30-03-2026,Instagram,CUST01799,18-24,Female,6769,143,28,4,862.09,5836.59,,,,,
C004,Monsoon Offers,05-03-2026,Instagram,CUST02324,25-34,Male,4624,148,33,7,800,13394.96,,,,,
C004,Monsoon Offers,08-06-2026,Facebook,CUST02303,18-24,Male,14805,366,57,7,2353.51,12687.55,,,,,
C005,Back to College,15-04-2026,Google Ads,CUST01665,25-34,Female,4819,171,33,7,1011.74,12130.81,,,,,
C007,Diwali Mega Sale,30-04-2026,Google Ads,CUST00780,25-34,Male,31569,1342,254,60,6331.3,107069.01,,,,,
C004,Monsoon Offers,15-06-2026,YouTube,CUST00696,25-34,Female,16462,327,36,5,2449.07,8645.02,,,,,
C007,Diwali Mega Sale,11-04-2026,Facebook,CUST00303,25-34,Male,12301,226,32,7,1328.99,17098.67,,,,,
C003,New Product Launch,05-05-2026,Facebook,CUST02027,25-34,Female,5286,156,22,1,868.11,1513.71,,,,,
C006,Weekend Flash Sale,15-04-2026,YouTube,CUST00958,18-24,Female,13444,318,33,4,2231.54,8251.82,,,,,
C002,Festive Bonanza,18-07-2026,Google Ads,CUST02017,25-34,Male,5415,283,54,8,1279.16,24305.37,,,,,
C003,New Product Launch,30-08-2026,Email,CUST02280,18-24,Female,5463,253,77,14,800,34527.62,,,,,
C005,Back to College,08-02-2026,Facebook,CUST02479,45-54,Male,13223,390,48,7,2211.62,14229.61,,,,,
C008,Year End Clearance,19-05-2026,Instagram,CUST00604,25-34,Female,11664,355,58,12,2182.76,26141.68,,,,,
C006,Weekend Flash Sale,27-02-2026,Google Ads,CUST00447,55+,Female,15012,834,188,31,3730.84,109730.79,,,,,
C006,Weekend Flash Sale,21-06-2026,Facebook,CUST02455,55+,Male,14889,358,48,8,2186.56,17800.28,,,,,
C004,Monsoon Offers,01-01-2026,Facebook,CUST01373,45-54,Female,9579,230,34,6,986.76,9070.76,,,,,
C007,Diwali Mega Sale,02-05-2026,YouTube,CUST00107,25-34,Female,4050,115,14,0,826.71,0,,,,,
C008,Year End Clearance,24-07-2026,YouTube,CUST00031,35-44,Female,5640,124,15,2,800,4267.58,,,,,
C008,Year End Clearance,05-05-2026,Instagram,CUST02025,25-34,Male,13874,454,74,6,1643.54,15976.6,,,,,
C001,Summer Sale,21-01-2026,Instagram,CUST01734,25-34,Female,7981,301,52,9,1210.29,12551.59,,,,,
C002,Festive Bonanza,13-03-2026,Instagram,CUST01256,25-34,Female,11569,444,69,8,1309.15,17573.9,,,,,
C001,Summer Sale,16-08-2026,Email,CUST00136,45-54,Female,7127,579,173,34,800,74368.51,,,,,
C003,New Product Launch,14-01-2026,Facebook,CUST00509,35-44,Male,5305,149,14,2,800,2790.89,,,,,
C005,Back to College,10-01-2026,Google Ads,CUST00763,18-24,Female,4767,203,49,6,992.92,17031.45,,,,,
C008,Year End Clearance,25-08-2026,Instagram,CUST02383,35-44,Male,27797,807,125,15,3669.89,26373.52,,,,,
C007,Diwali Mega Sale,04-06-2026,Instagram,CUST00732,25-34,Male,5959,150,23,2,1087.08,3789.43,,,,,
C007,Diwali Mega Sale,21-07-2026,YouTube,CUST00228,25-34,Male,7243,156,20,0,1482.86,0,,,,,
C006,Weekend Flash Sale,13-03-2026,Facebook,CUST00166,18-24,Female,23429,835,109,12,3354.94,20358.52,,,,,
C002,Festive Bonanza,28-04-2026,YouTube,CUST00650,35-44,Female,5290,108,13,1,800,2317.05,,,,,
C005,Back to College,23-01-2026,Instagram,CUST00608,18-24,Female,16893,408,71,9,2813.27,12656.83,,,,,
C001,Summer Sale,08-04-2026,Instagram,CUST00611,35-44,Female,9404,246,46,8,1596.25,12262.44,,,,,
C007,Diwali Mega Sale,13-06-2026,Email,CUST02139,45-54,Male,9204,545,160,51,800,71724.47,,,,,
C005,Back to College,03-06-2026,Instagram,CUST01348,25-34,Female,7044,190,35,4,886.01,7833.83,,,,,
C007,Diwali Mega Sale,20-08-2026,Email,CUST00372,18-24,Male,6748,395,109,27,800,113362.02,,,,,
C006,Weekend Flash Sale,24-04-2026,Google Ads,CUST00283,55+,Male,5146,194,46,8,1296.21,19878.2,,,,,
C007,Diwali Mega Sale,23-05-2026,Google Ads,CUST01619,18-24,Female,12576,505,108,28,2700.88,101345.97,,,,,
C002,Festive Bonanza,11-07-2026,Facebook,CUST01568,25-34,Female,15784,375,50,8,2360.74,12362.17,,,,,
C003,New Product Launch,11-08-2026,Google Ads,CUST01218,18-24,Female,9944,484,120,24,1734.19,54031.89,,,,,
C008,Year End Clearance,22-07-2026,Google Ads,CUST01632,18-24,Female,3401,181,40,5,880.03,13973.48,,,,,
C002,Festive Bonanza,01-08-2026,Facebook,CUST01089,35-44,Male,9781,253,41,5,1520.5,11562.88,,,,,
C006,Weekend Flash Sale,07-03-2026,Google Ads,CUST01366,35-44,Male,9231,351,103,17,1845.54,43226.05,,,,,
C001,Summer Sale,12-01-2026,Google Ads,CUST01623,45-54,Female,7184,335,69,14,1968.48,34543.46,,,,,
C001,Summer Sale,11-05-2026,YouTube,CUST01521,35-44,Male,13746,393,62,8,2216.29,14199.65,,,,,
C008,Year End Clearance,21-03-2026,Facebook,CUST01565,25-34,Other,4435,111,11,1,800,2101.83,,,,,
C001,Summer Sale,24-01-2026,YouTube,CUST02270,25-34,Male,9335,237,26,2,1660.93,4225.71,,,,,
C004,Monsoon Offers,30-03-2026,Instagram,CUST02216,45-54,Male,13129,374,62,5,1944.04,8923.18,,,,,
C001,Summer Sale,06-04-2026,YouTube,CUST02211,18-24,Male,17691,230,29,3,2520.2,4573.08,,,,,
C005,Back to College,09-04-2026,Email,CUST00632,25-34,Female,5070,387,106,23,800,76625.56,,,,,
C006,Weekend Flash Sale,11-06-2026,Instagram,CUST01183,25-34,Female,16937,455,75,14,2637,27640.27,,,,,
C003,New Product Launch,01-04-2026,Google Ads,CUST01294,55+,Female,9136,604,136,19,2079.51,38727.82,,,,,
C007,Diwali Mega Sale,25-04-2026,Facebook,CUST00429,18-24,Female,7138,235,35,7,1038.07,20212.58,,,,,
C006,Weekend Flash Sale,23-06-2026,Instagram,CUST01176,55+,Male,5519,235,36,4,823.72,4119.76,,,,,
C007,Diwali Mega Sale,04-08-2026,Instagram,CUST01435,18-24,Female,3046,66,13,1,800,3720.16,,,,,
C001,Summer Sale,31-03-2026,Facebook,CUST00580,35-44,Male,12530,261,43,7,1794.64,11035.21,,,,,
C004,Monsoon Offers,13-06-2026,Google Ads,CUST01033,55+,Male,8916,474,109,10,1728.4,16829.44,,,,,
C007,Diwali Mega Sale,07-05-2026,Email,CUST02432,25-34,Female,4415,289,80,18,800,54601.89,,,,,
C007,Diwali Mega Sale,12-04-2026,Google Ads,CUST01899,25-34,Male,37472,1469,301,66,6467.84,141048.92,,,,,
C001,Summer Sale,18-04-2026,YouTube,CUST01086,25-34,Male,3786,80,9,1,800,2191.54,,,,,
C004,Monsoon Offers,07-02-2026,Email,CUST01685,18-24,Female,5289,296,98,17,800,44568.67,,,,,
C007,Diwali Mega Sale,19-05-2026,Google Ads,CUST02125,25-34,Female,13748,732,191,31,3549.45,71160.61,,,,,
C007,Diwali Mega Sale,04-05-2026,Facebook,CUST00877,18-24,Male,10395,396,43,9,1624.46,24302.43,,,,,
C007,Diwali Mega Sale,16-06-2026,YouTube,CUST00810,45-54,Male,14957,340,29,2,2703,4158.51,,,,,
C008,Year End Clearance,09-01-2026,Facebook,CUST02126,45-54,Female,4830,115,8,1,800,2612.61,,,,,
C005,Back to College,25-07-2026,Email,CUST02001,25-34,Male,22932,1508,452,99,1219.25,389340.07,,,,,
C003,New Product Launch,22-01-2026,YouTube,CUST00028,25-34,Female,14060,329,36,4,2426.97,7240.19,,,,,
C001,Summer Sale,19-08-2026,Google Ads,CUST02282,25-34,Male,13195,428,98,19,2898.84,55195.16,,,,,
C004,Monsoon Offers,04-07-2026,Google Ads,CUST01578,55+,Female,17215,1034,233,37,3782.26,71732.88,,,,,
C002,Festive Bonanza,07-06-2026,Google Ads,CUST01495,25-34,Male,13721,759,175,30,3739.73,75393.25,,,,,
C006,Weekend Flash Sale,16-01-2026,Google Ads,CUST02124,35-44,Female,2160,82,18,6,800,16400.09,,,,,
C002,Festive Bonanza,11-04-2026,Facebook,CUST00609,18-24,Male,15546,489,59,7,2619.95,7927.83,,,,,
C006,Weekend Flash Sale,11-01-2026,YouTube,CUST01958,25-34,Female,17051,332,30,4,3446.91,8119.4,,,,,
C001,Summer Sale,19-04-2026,YouTube,CUST01804,25-34,Female,34144,549,67,7,5141.98,11621.41,,,,,
C006,Weekend Flash Sale,26-08-2026,Facebook,CUST00115,18-24,Female,10975,310,43,7,1824.03,13933.52,,,,,
C005,Back to College,07-04-2026,Email,CUST02034,25-34,Female,8066,620,187,42,800,124379.23,,,,,
C001,Summer Sale,29-05-2026,YouTube,CUST00963,25-34,Male,17926,461,52,5,3816.78,7987.68,,,,,
C006,Weekend Flash Sale,28-02-2026,YouTube,CUST01811,25-34,Male,5509,119,20,3,1127.09,5696.21,,,,,
C003,New Product Launch,21-08-2026,Facebook,CUST01579,18-24,Female,11793,324,46,4,1788.78,6648.46,,,,,
C003,New Product Launch,26-07-2026,Instagram,CUST00569,18-24,Female,6669,203,33,3,1159.25,5672.74,,,,,
C008,Year End Clearance,26-03-2026,Google Ads,CUST00909,18-24,Female,9325,411,85,9,2116.13,17483.31,,,,,
C005,Back to College,09-08-2026,Email,CUST00325,18-24,Male,4150,246,88,26,800,51570.09,,,,,
C001,Summer Sale,14-07-2026,YouTube,CUST00839,45-54,Female,7667,135,20,2,1677.99,4431.11,,,,,
C003,New Product Launch,14-07-2026,YouTube,CUST02346,35-44,Female,4058,90,8,2,800,3187.2,,,,,
C005,Back to College,14-05-2026,YouTube,CUST02307,45-54,Female,12294,272,32,5,2424.55,10497.6,,,,,
C001,Summer Sale,27-04-2026,Google Ads,CUST00487,35-44,Male,17408,888,201,31,3383.24,53051.01,,,,,
C004,Monsoon Offers,04-06-2026,Email,CUST02217,55+,Female,6234,366,125,30,800,38431.82,,,,,
C004,Monsoon Offers,13-03-2026,Google Ads,CUST01840,45-54,Male,3340,159,41,6,857.88,15281.38,,,,,
C002,Festive Bonanza,12-07-2026,Facebook,CUST01208,18-24,Male,8330,259,45,2,1169.06,4408.43,,,,,
C008,Year End Clearance,10-05-2026,Instagram,CUST01637,45-54,Male,4513,156,24,3,800,8519.68,,,,,
C008,Year End Clearance,12-01-2026,Facebook,CUST02444,55+,Male,12120,257,31,5,1627.57,10634.2,,,,,
C008,Year End Clearance,04-06-2026,Facebook,CUST02339,18-24,Female,11591,278,29,2,1813.87,4439.24,,,,,
C002,Festive Bonanza,01-04-2026,Instagram,CUST00422,45-54,Female,4777,125,21,2,800,4475.03,,,,,
C005,Back to College,08-07-2026,YouTube,CUST01032,18-24,Male,7094,124,12,2,1356.68,4544.16,,,,,
C007,Diwali Mega Sale,24-01-2026,Google Ads,CUST00225,18-24,Female,5487,221,51,11,1144.07,30263.3,,,,,
C001,Summer Sale,01-05-2026,Instagram,CUST01056,55+,Male,4223,87,19,3,800,5758.83,,,,,
C008,Year End Clearance,19-05-2026,YouTube,CUST00806,45-54,Female,2394,40,2,0,800,0,,,,,
C003,New Product Launch,11-02-2026,YouTube,CUST01068,35-44,Female,20645,440,63,6,4470.21,13082.83,,,,,
C006,Weekend Flash Sale,08-04-2026,Email,CUST02036,25-34,Female,8782,596,195,44,800,108574.19,,,,,
C008,Year End Clearance,31-05-2026,Instagram,CUST02330,55+,Female,5009,199,33,6,800,12370.29,,,,,
C008,Year End Clearance,16-02-2026,Google Ads,CUST01757,35-44,Female,11106,538,112,18,2793.77,44999.8,,,,,
C005,Back to College,05-05-2026,Email,CUST02029,18-24,Male,12346,1001,289,61,800,231803.07,,,,,
C008,Year End Clearance,18-02-2026,Instagram,CUST00507,45-54,Female,9864,271,54,7,1319.64,10324.88,,,,,
C008,Year End Clearance,14-08-2026,Instagram,CUST00619,35-44,Male,7828,355,54,7,1114.7,12442.77,,,,,
C008,Year End Clearance,10-02-2026,Instagram,CUST00069,35-44,Female,7459,240,37,9,1064.71,16877.86,,,,,
C003,New Product Launch,21-04-2026,Email,CUST01244,25-34,Male,16474,974,295,54,1095.56,84232.49,,,,,
C007,Diwali Mega Sale,07-03-2026,Google Ads,CUST00875,45-54,Male,3402,137,30,8,800,17905.52,,,,,
C007,Diwali Mega Sale,14-02-2026,Instagram,CUST02205,18-24,Female,5671,127,30,7,800,16311.61,,,,,
C001,Summer Sale,21-07-2026,Instagram,CUST02438,25-34,Other,14054,504,91,13,1939.28,19563.1,,,,,
C001,Summer Sale,08-04-2026,Facebook,CUST00577,25-34,Female,8153,208,35,2,1273.87,3878.21,,,,,
C005,Back to College,13-01-2026,Facebook,CUST00061,18-24,Female,43166,1266,182,20,6307.86,26420.05,,,,,
C002,Festive Bonanza,14-06-2026,Facebook,CUST00529,25-34,Male,5701,164,20,2,800,4493.12,,,,,
C003,New Product Launch,26-06-2026,Facebook,CUST01901,18-24,Male,9909,383,59,4,1037.31,7257.53,,,,,
C007,Diwali Mega Sale,30-06-2026,Facebook,CUST00939,35-44,Female,17165,425,62,7,2569.62,15055.79,,,,,
C006,Weekend Flash Sale,20-03-2026,Google Ads,CUST02106,35-44,Female,7285,375,79,16,1398.46,42012.03,,,,,
C007,Diwali Mega Sale,03-02-2026,Facebook,CUST00581,25-34,Male,5130,170,30,9,800,25001.6,,,,,
C005,Back to College,23-01-2026,YouTube,CUST00755,35-44,Male,17128,388,48,5,2798.48,8696.08,,,,,
C001,Summer Sale,27-02-2026,YouTube,CUST00337,25-34,Female,8158,215,21,3,1705.76,5861.53,,,,,
C008,Year End Clearance,09-06-2026,YouTube,CUST00075,18-24,Male,4822,112,17,2,800,3751.19,,,,,
C008,Year End Clearance,16-03-2026,Email,CUST00259,35-44,Female,10235,562,170,31,800,89897.2,,,,,
C006,Weekend Flash Sale,19-04-2026,Instagram,CUST02399,55+,Female,10998,331,42,5,1508.29,12012.46,,,,,
C006,Weekend Flash Sale,16-03-2026,Instagram,CUST00102,18-24,Female,5230,143,18,3,800,3943.25,,,,,
C001,Summer Sale,22-07-2026,Instagram,CUST01360,18-24,Male,4306,126,24,2,800,3066.83,,,,,
C002,Festive Bonanza,12-03-2026,Instagram,CUST00984,25-34,Male,8805,257,39,4,1063.8,12121.95,,,,,
C005,Back to College,01-02-2026,Instagram,CUST01530,35-44,Male,6513,256,39,4,819.46,8791.86,,,,,
C006,Weekend Flash Sale,18-08-2026,Email,CUST01691,25-34,Male,6959,552,145,27,800,68882.96,,,,,
C006,Weekend Flash Sale,14-02-2026,Email,CUST01878,25-34,Female,11790,642,199,53,800,138761.95,,,,,
C003,New Product Launch,17-03-2026,YouTube,CUST01238,45-54,Female,15753,430,51,7,2128.25,8150.06,,,,,
C005,Back to College,17-06-2026,Facebook,CUST00482,18-24,Male,7531,282,31,4,1096.77,6167.05,,,,,
C003,New Product Launch,31-03-2026,Google Ads,CUST00493,45-54,Female,9208,404,86,18,2429.23,38669.19,,,,,
C007,Diwali Mega Sale,24-03-2026,Instagram,CUST00732,55+,Male,15196,535,75,14,2764.71,33809.16,,,,,
C004,Monsoon Offers,22-04-2026,Google Ads,CUST01514,25-34,Female,16254,836,191,23,4267.35,36848.51,,,,,
C005,Back to College,15-06-2026,YouTube,CUST00167,45-54,Male,34361,521,81,10,7284.55,26114.36,,,,,
C002,Festive Bonanza,25-07-2026,YouTube,CUST00090,25-34,Male,3968,88,8,1,800,2058.62,,,,,
C008,Year End Clearance,25-06-2026,Email,CUST00470,25-34,Female,6492,490,146,38,800,54492.15,,,,,
C001,Summer Sale,27-03-2026,Google Ads,CUST01987,25-34,Male,4589,267,57,7,857.81,10346.28,,,,,
C008,Year End Clearance,30-05-2026,Google Ads,CUST00678,25-34,Female,4312,182,48,11,1214.73,25118.54,,,,,
C004,Monsoon Offers,20-08-2026,Google Ads,CUST02251,18-24,Female,5225,146,36,8,1293.73,15146.7,,,,,
C007,Diwali Mega Sale,12-03-2026,Google Ads,CUST00120,18-24,Female,8144,276,59,17,2021.01,42432.53,,,,,
C004,Monsoon Offers,30-01-2026,Instagram,CUST01325,18-24,Male,6591,245,37,5,945.39,5628.97,,,,,
C004,Monsoon Offers,26-01-2026,YouTube,CUST00324,35-44,Male,14427,359,50,5,2578.77,6666.22,,,,,
C004,Monsoon Offers,31-05-2026,YouTube,CUST02444,25-34,Male,10878,242,31,5,1976.62,6488.65,,,,,
C001,Summer Sale,08-08-2026,Email,CUST01938,18-24,Male,6899,441,127,17,800,63446.41,,,,,
C008,Year End Clearance,10-06-2026,Facebook,CUST02462,35-44,Female,10667,369,47,6,1501.67,10650.75,,,,,
C005,Back to College,21-08-2026,Instagram,CUST01359,45-54,Female,13148,377,64,11,1962.85,18901.71,,,,,
C003,New Product Launch,10-07-2026,Email,CUST02418,25-34,Female,8213,612,184,33,800,72340.62,,,,,
C001,Summer Sale,06-05-2026,Facebook,CUST00259,25-34,Male,13472,292,52,7,1429.1,11265.07,,,,,
C006,Weekend Flash Sale,28-08-2026,Google Ads,CUST02327,25-34,Female,6051,268,67,17,1460.62,35421.51,,,,,
C003,New Product Launch,29-07-2026,Email,CUST01369,18-24,Female,7115,531,163,27,800,60927.18,,,,,
C003,New Product Launch,08-08-2026,Instagram,CUST02463,25-34,Male,13810,384,53,5,1556.79,8295.05,,,,,
C001,Summer Sale,05-03-2026,Facebook,CUST02322,25-34,Other,28617,525,70,7,3910.65,15183.66,,,,,
C005,Back to College,17-05-2026,Google Ads,CUST01731,18-24,Female,4541,239,47,11,971.02,31717.5,,,,,
C001,Summer Sale,29-06-2026,Email,CUST01679,35-44,Male,6741,455,145,27,800,38407.84,,,,,
C001,Summer Sale,13-07-2026,YouTube,CUST00726,18-24,Male,19778,418,42,3,2971.2,5194.3,,,,,
C001,Summer Sale,17-05-2026,Instagram,CUST01706,35-44,Male,16217,628,106,16,2507.55,42139.6,,,,,
C005,Back to College,10-08-2026,Instagram,CUST01657,35-44,Female,2679,65,7,1,800,1809.5,,,,,
C006,Weekend Flash Sale,21-05-2026,Google Ads,CUST00631,25-34,Male,9334,370,71,14,2332.41,34263.37,,,,,
C007,Diwali Mega Sale,10-08-2026,Email,CUST01946,35-44,Male,7895,450,133,32,800,123641.35,,,,,
C003,New Product Launch,06-04-2026,YouTube,CUST00587,25-34,Female,3022,79,11,3,800,2627.17,,,,,
C002,Festive Bonanza,26-06-2026,Email,CUST01800,25-34,Female,7775,364,97,21,800,71548.23,,,,,
C007,Diwali Mega Sale,02-07-2026,YouTube,CUST00119,25-34,Male,5064,72,5,0,1093.91,0,,,,,
C007,Diwali Mega Sale,16-06-2026,Google Ads,CUST01653,25-34,Male,17427,888,186,41,3868.73,74709.32,,,,,
C001,Summer Sale,16-04-2026,Google Ads,CUST00540,35-44,Female,16676,828,177,37,4136.36,82500.19,,,,,
C001,Summer Sale,25-03-2026,YouTube,CUST01787,45-54,Male,13925,316,47,5,2385.98,6536.32,,,,,
C007,Diwali Mega Sale,13-04-2026,Facebook,CUST00221,35-44,Male,4315,138,20,2,800,5191.17,,,,,
C004,Monsoon Offers,17-05-2026,Email,CUST01523,25-34,Female,5927,323,102,25,800,31047.33,,,,,
C008,Year End Clearance,22-02-2026,YouTube,CUST01467,35-44,Male,8258,146,21,3,1324.47,5897.45,,,,,
C008,Year End Clearance,28-04-2026,Facebook,CUST00747,25-34,Female,13242,404,55,7,1921.08,13567.78,,,,,
C003,New Product Launch,15-02-2026,Google Ads,CUST00205,18-24,Female,7168,327,59,11,1726.54,23385.7,,,,,
C007,Diwali Mega Sale,16-04-2026,YouTube,CUST00376,18-24,Female,14621,320,29,3,2861.58,9373.29,,,,,
C007,Diwali Mega Sale,05-08-2026,Instagram,CUST00571,45-54,Male,9876,270,47,10,1130.75,19269.5,,,,,
C008,Year End Clearance,02-07-2026,Google Ads,CUST01864,25-34,Male,11222,632,128,20,3106.49,32467.3,,,,,
C002,Festive Bonanza,31-03-2026,Email,CUST00889,35-44,Female,4995,374,106,40,800,123921.93,,,,,
C006,Weekend Flash Sale,06-04-2026,Instagram,CUST01248,55+,Male,7553,260,42,2,960.38,2539.8,,,,,
C004,Monsoon Offers,03-01-2026,Google Ads,CUST01420,35-44,Male,11054,431,94,14,2721.25,32088.58,,,,,
C007,Diwali Mega Sale,21-03-2026,Google Ads,CUST01587,45-54,Female,9051,417,94,27,2244.3,79878.6,,,,,
C004,Monsoon Offers,21-08-2026,Google Ads,CUST01453,18-24,Male,7888,302,67,11,1994.2,20531.19,,,,,
C006,Weekend Flash Sale,05-06-2026,YouTube,CUST01549,35-44,Male,9519,186,25,4,1367.44,6808.09,,,,,
C003,New Product Launch,04-02-2026,Facebook,CUST00095,25-34,Male,3583,151,27,4,800,8891.51,,,,,
C003,New Product Launch,17-04-2026,Email,CUST01862,18-24,Female,8901,570,173,33,800,128747.5,,,,,
C004,Monsoon Offers,21-01-2026,Google Ads,CUST01426,35-44,Female,7076,252,52,13,1584.62,15852.51,,,,,
C006,Weekend Flash Sale,01-06-2026,Google Ads,CUST00160,18-24,Male,5855,304,69,14,1473.13,32339.41,,,,,
C007,Diwali Mega Sale,10-05-2026,Facebook,CUST01950,18-24,Female,6658,183,30,3,1072.25,8967.67,,,,,
C001,Summer Sale,18-02-2026,YouTube,CUST01942,25-34,Female,16596,345,31,3,3510.69,3552.43,,,,,
C008,Year End Clearance,07-01-2026,YouTube,CUST01533,25-34,Female,6788,175,20,0,1342.03,0,,,,,
C005,Back to College,13-05-2026,Google Ads,CUST02432,25-34,Female,7371,267,76,14,1976.12,30295.05,,,,,
C008,Year End Clearance,20-01-2026,Email,CUST02224,35-44,Male,8720,559,179,37,800,95893.03,,,,,
C001,Summer Sale,13-01-2026,Facebook,CUST01995,25-34,Female,14349,462,61,6,1666.89,10038.24,,,,,
C002,Festive Bonanza,12-08-2026,Google Ads,CUST01639,25-34,Female,10758,376,85,18,1874,44892.28,,,,,
C001,Summer Sale,21-06-2026,Google Ads,CUST02347,18-24,Female,13849,769,174,26,3956.54,76145.91,,,,,
C001,Summer Sale,28-05-2026,Facebook,CUST00978,35-44,Female,9449,243,35,7,1149.39,14749.95,,,,,
C002,Festive Bonanza,16-01-2026,Google Ads,CUST00826,55+,Female,3298,152,39,7,800,20905.76,,,,,
C005,Back to College,13-04-2026,Instagram,CUST01116,18-24,Male,19419,554,74,14,3175.06,19320.12,,,,,
C008,Year End Clearance,09-08-2026,Instagram,CUST01453,25-34,Male,24542,819,130,17,3303.79,29425.76,,,,,
C007,Diwali Mega Sale,21-04-2026,Facebook,CUST00775,25-34,Female,8527,249,35,6,1002.21,19755.17,,,,,
C005,Back to College,26-04-2026,Facebook,CUST02192,18-24,Female,8172,249,34,2,871.61,3446.3,,,,,
C003,New Product Launch,01-01-2026,YouTube,CUST01071,25-34,Male,7142,180,14,1,1161.47,1967.72,,,,,
C006,Weekend Flash Sale,17-02-2026,Facebook,CUST00241,45-54,Male,14239,382,48,7,2243.62,16299.66,,,,,
C007,Diwali Mega Sale,02-04-2026,Facebook,CUST00892,18-24,Male,27575,602,99,21,3012.6,55522.37,,,,,
C004,Monsoon Offers,06-08-2026,Instagram,CUST00482,25-34,Male,6844,269,44,6,1079.25,9976.82,,,,,
C007,Diwali Mega Sale,04-05-2026,Instagram,CUST00026,35-44,Male,6351,247,37,10,800,25606.66,,,,,
C001,Summer Sale,15-02-2026,Google Ads,CUST02104,18-24,Female,11212,692,147,23,3057.5,43408.78,,,,,
C007,Diwali Mega Sale,02-08-2026,Facebook,CUST00328,55+,Female,8734,206,26,4,1114.54,9740.56,,,,,
C003,New Product Launch,01-02-2026,Google Ads,CUST01651,25-34,Female,17548,989,230,35,3422.74,49496.82,,,,,
C007,Diwali Mega Sale,04-04-2026,Instagram,CUST02029,25-34,Female,9231,260,35,10,1708,25981.02,,,,,
C006,Weekend Flash Sale,22-07-2026,Instagram,CUST01928,25-34,Female,6083,161,24,6,1002.53,14771.93,,,,,
C001,Summer Sale,03-03-2026,Instagram,CUST01190,35-44,Male,3909,151,31,4,800,8968.77,,,,,
C004,Monsoon Offers,12-04-2026,Facebook,CUST00469,35-44,Male,4962,128,21,1,800,1205.57,,,,,
C005,Back to College,13-02-2026,Instagram,CUST00630,45-54,Female,5587,169,25,3,800,7133.48,,,,,
C008,Year End Clearance,22-04-2026,Google Ads,CUST02290,45-54,Male,13114,636,146,24,3553.29,44820.44,,,,,
C003,New Product Launch,02-08-2026,Email,CUST01229,18-24,Female,11081,756,236,43,800,116895.35,,,,,
C008,Year End Clearance,27-05-2026,YouTube,CUST02290,25-34,Male,9865,180,18,1,2205.34,2257.43,,,,,
C006,Weekend Flash Sale,12-06-2026,Instagram,CUST00172,25-34,Female,5037,122,21,6,800,15083.12,,,,,
C003,New Product Launch,14-03-2026,YouTube,CUST00612,25-34,Male,11314,278,31,7,2110.72,10057.5,,,,,
C007,Diwali Mega Sale,03-06-2026,Instagram,CUST00754,55+,Male,11149,345,52,8,1451.09,14006.25,,,,,
C007,Diwali Mega Sale,23-05-2026,Instagram,CUST02334,18-24,Female,23598,790,117,16,2934.42,53613.3,,,,,
C005,Back to College,12-08-2026,Facebook,CUST01587,45-54,Male,27556,1019,151,18,3782.17,22910.68,,,,,
C004,Monsoon Offers,18-04-2026,Instagram,CUST02409,35-44,Male,7016,223,42,6,1141.75,10846.13,,,,,
C005,Back to College,03-06-2026,Instagram,CUST02215,18-24,Female,8929,357,63,6,1231.41,14209.94,,,,,
C001,Summer Sale,01-02-2026,Google Ads,CUST01795,25-34,Male,11769,500,109,23,2677.31,63675.04,,,,,
C008,Year End Clearance,17-06-2026,YouTube,CUST02234,35-44,Male,6924,134,14,1,956.89,1623.75,,,,,
C001,Summer Sale,03-03-2026,Instagram,CUST00040,55+,Male,4007,137,14,4,800,7613.58,,,,,
C004,Monsoon Offers,31-05-2026,Email,CUST00409,45-54,Female,8155,569,147,20,800,36861.22,,,,,
C003,New Product Launch,05-05-2026,Google Ads,CUST01744,18-24,Female,8298,424,100,15,1684.63,25452.25,,,,,
C003,New Product Launch,08-01-2026,Instagram,CUST02393,18-24,Female,4393,153,25,3,800,5623.54,,,,,
C004,Monsoon Offers,19-02-2026,Email,CUST01725,25-34,Female,9136,512,152,39,800,71254.19,,,,,
C006,Weekend Flash Sale,05-06-2026,YouTube,CUST00609,35-44,Female,15049,405,42,4,2602.23,5429.11,,,,,
C005,Back to College,28-05-2026,Facebook,CUST01697,18-24,Female,12193,417,57,6,1607.74,12385.36,,,,,
C001,Summer Sale,08-04-2026,YouTube,CUST00561,25-34,Male,3013,79,8,0,800,0,,,,,
C008,Year End Clearance,09-05-2026,Facebook,CUST00854,18-24,Male,26262,456,58,13,4360.1,27583.71,,,,,
C002,Festive Bonanza,16-08-2026,Instagram,CUST01320,55+,Male,9831,247,40,5,1392,9758.35,,,,,
C001,Summer Sale,10-04-2026,Google Ads,CUST00571,35-44,Female,11010,355,74,9,2530.64,21652.97,,,,,
C001,Summer Sale,04-07-2026,Email,CUST01551,18-24,Female,4942,381,109,21,800,47719.09,,,,,
C003,New Product Launch,26-04-2026,Google Ads,CUST00183,45-54,Male,10897,442,98,14,3122.42,28386.65,,,,,
C003,New Product Launch,03-06-2026,YouTube,CUST01645,35-44,Male,9876,153,12,1,2127.86,1724.42,,,,,
C008,Year End Clearance,29-01-2026,Google Ads,CUST00209,35-44,Male,12797,522,120,27,2317.34,55863.29,,,,,
C008,Year End Clearance,06-07-2026,YouTube,CUST00870,18-24,Other,15790,317,37,3,2283.32,4687.47,,,,,
C008,Year End Clearance,12-05-2026,YouTube,CUST00379,35-44,Male,4772,102,13,2,800,3028.69,,,,,
C004,Monsoon Offers,23-08-2026,Email,CUST01444,35-44,Female,15183,1066,324,54,896.29,88743.77,,,,,
C008,Year End Clearance,29-07-2026,Email,CUST01623,35-44,Female,13535,987,284,66,800,102721.94,,,,,
C002,Festive Bonanza,17-05-2026,Google Ads,CUST01559,18-24,Male,16996,797,187,41,4643.39,113108.27,,,,,
C008,Year End Clearance,13-05-2026,Instagram,CUST00612,25-34,Male,11941,332,53,6,2099.21,11337.78,,,,,
C008,Year End Clearance,17-01-2026,Google Ads,CUST02377,55+,Male,7893,273,61,9,2109.97,21326.11,,,,,
C008,Year End Clearance,12-07-2026,Email,CUST00385,25-34,Male,11517,830,252,58,800,132063.5,,,,,
C003,New Product Launch,24-06-2026,Google Ads,CUST01213,18-24,Female,7508,425,97,16,1956.25,42119.84,,,,,
C001,Summer Sale,21-02-2026,Google Ads,CUST01906,35-44,Male,7901,363,85,13,1439.15,29262.87,,,,,
C001,Summer Sale,04-02-2026,Instagram,CUST00621,25-34,Female,15970,580,89,13,2821.65,27301,,,,,
C003,New Product Launch,23-07-2026,Email,CUST02242,35-44,Male,7887,442,135,23,800,32174.13,,,,,
C002,Festive Bonanza,08-02-2026,YouTube,CUST00259,25-34,Female,21037,503,62,6,3432.23,13709.41,,,,,
C005,Back to College,26-06-2026,Facebook,CUST00347,35-44,Other,14489,304,44,3,1524.9,4909.05,,,,,
C005,Back to College,11-08-2026,YouTube,CUST00977,18-24,Male,11399,226,26,3,2290.43,5085.21,,,,,
C007,Diwali Mega Sale,27-08-2026,Google Ads,CUST00684,25-34,Male,5104,206,39,6,1093.98,12854.15,,,,,
C001,Summer Sale,18-01-2026,Email,CUST02258,18-24,Female,7574,540,165,35,800,66106.51,,,,,
C008,Year End Clearance,22-06-2026,Email,CUST00497,35-44,Female,7245,447,147,28,800,102023.37,,,,,
C003,New Product Launch,27-07-2026,Facebook,CUST02207,25-34,Male,8795,198,35,1,1265.62,1629.04,,,,,
C005,Back to College,01-06-2026,Facebook,CUST02256,55+,Female,19610,506,73,10,3090.18,11430.71,,,,,
C007,Diwali Mega Sale,30-01-2026,YouTube,CUST01269,55+,Male,8846,217,20,6,1537.25,14236.59,,,,,
C001,Summer Sale,24-08-2026,Google Ads,CUST01897,18-24,Male,7765,335,75,10,2165.62,21923.09,,,,,
C004,Monsoon Offers,09-06-2026,Facebook,CUST00472,45-54,Female,18158,626,86,10,2048.06,13051.28,,,,,
C005,Back to College,24-06-2026,Facebook,CUST01393,35-44,Female,6069,178,25,7,905.55,17617.85,,,,,
C002,Festive Bonanza,06-08-2026,Email,CUST01381,55+,Female,22529,1416,423,95,1516.12,200145.39,,,,,
C004,Monsoon Offers,14-06-2026,Google Ads,CUST00980,35-44,Male,17430,1165,264,38,4859.97,68651.03,,,,,
C007,Diwali Mega Sale,05-07-2026,YouTube,CUST01435,25-34,Female,8724,175,23,3,1663.72,7454.22,,,,,
C003,New Product Launch,05-01-2026,Google Ads,CUST01381,18-24,Other,9005,568,130,23,1807.6,49133.38,,,,,
C002,Festive Bonanza,06-08-2026,Email,CUST02498,35-44,Other,5341,316,111,25,800,69685.8,,,,,
C008,Year End Clearance,05-07-2026,Email,CUST01356,25-34,Male,12974,1009,298,75,800,212659.99,,,,,
C003,New Product Launch,27-07-2026,Instagram,CUST01929,35-44,Female,12877,382,61,8,2144,19575.91,,,,,
C001,Summer Sale,11-08-2026,Email,CUST02032,25-34,Female,28573,2128,620,117,1758.72,282082.65,,,,,
C002,Festive Bonanza,27-06-2026,Facebook,CUST01817,25-34,Female,11771,295,50,11,1302.5,20386.61,,,,,
C004,Monsoon Offers,10-03-2026,Instagram,CUST00006,25-34,Female,2778,99,16,2,800,3343.07,,,,,
C001,Summer Sale,08-01-2026,Instagram,CUST00070,25-34,Female,7063,233,42,3,1235.07,4723.37,,,,,
C003,New Product Launch,04-01-2026,Email,CUST00479,18-24,Female,6653,516,162,35,800,63768.69,,,,,
C002,Festive Bonanza,06-01-2026,Google Ads,CUST02233,25-34,Female,6504,308,78,17,1654.58,42692.53,,,,,
C008,Year End Clearance,28-03-2026,Facebook,CUST00290,55+,Male,7949,230,22,0,933.79,0,,,,,
C008,Year End Clearance,04-03-2026,Instagram,CUST00905,35-44,Male,8709,287,47,5,1573.12,6736.46,,,,,
C003,New Product Launch,11-01-2026,Google Ads,CUST01663,35-44,Other,43700,1594,352,60,7635.92,139909.07,,,,,
C002,Festive Bonanza,08-02-2026,Instagram,CUST01422,25-34,Female,13863,649,92,11,2152.37,24294.66,,,,,
C003,New Product Launch,26-03-2026,Email,CUST01263,35-44,Female,25477,1654,503,100,1438.16,175530.2,,,,,
C001,Summer Sale,20-02-2026,Facebook,CUST01936,35-44,Male,17783,485,57,9,2761.14,15764.64,,,,,
C005,Back to College,20-04-2026,Instagram,CUST00900,45-54,Female,7460,265,55,10,1185.91,16126.16,,,,,
C007,Diwali Mega Sale,04-01-2026,Facebook,CUST00217,35-44,Female,21378,628,85,12,3516.24,28489.54,,,,,
C008,Year End Clearance,29-06-2026,Google Ads,CUST02493,45-54,Female,13295,626,146,30,3089.62,95943.72,,,,,
C006,Weekend Flash Sale,30-08-2026,Email,CUST00550,45-54,Female,4499,337,108,28,800,103563.25,,,,,
C007,Diwali Mega Sale,19-06-2026,Google Ads,CUST00887,55+,Male,18508,852,185,37,5094.83,90860.93,,,,,
C008,Year End Clearance,09-02-2026,Google Ads,CUST01018,35-44,Female,3938,156,29,5,1079.5,13039,,,,,
C005,Back to College,26-05-2026,Facebook,CUST02058,25-34,Male,5065,175,26,3,800,6960.39,,,,,
C008,Year End Clearance,29-05-2026,Google Ads,CUST01793,35-44,Male,6048,304,61,12,1629.48,24527.96,,,,,
C005,Back to College,21-02-2026,Instagram,CUST00523,25-34,Female,8025,243,28,4,904.74,6017.57,,,,,
C002,Festive Bonanza,23-08-2026,Instagram,CUST01710,25-34,Male,22003,680,111,11,3879.61,15799.91,,,,,
C001,Summer Sale,19-04-2026,Facebook,CUST01061,25-34,Male,6476,238,28,2,1031.35,2367.08,,,,,
C005,Back to College,01-01-2026,Google Ads,CUST01113,35-44,Female,11257,603,152,25,2502.1,68941.99,,,,,
C008,Year End Clearance,04-02-2026,Instagram,CUST00724,45-54,Male,10651,346,44,8,1831.79,15755.95,,,,,
C007,Diwali Mega Sale,05-07-2026,Facebook,CUST00395,25-34,Male,10386,250,29,7,1706.55,14534.72,,,,,
C004,Monsoon Offers,06-04-2026,Facebook,CUST00693,25-34,Female,6645,144,22,4,977.98,5147.97,,,,,
C005,Back to College,14-06-2026,YouTube,CUST01206,18-24,Male,8666,192,17,2,1673.33,5106.86,,,,,
C006,Weekend Flash Sale,05-04-2026,YouTube,CUST00179,18-24,Male,7501,145,19,1,1052.69,1693.83,,,,,
C008,Year End Clearance,25-07-2026,Instagram,CUST01458,25-34,Female,2592,103,17,2,800,4683.88,,,,,
C006,Weekend Flash Sale,02-04-2026,Instagram,CUST00418,35-44,Male,6927,172,34,1,1088.77,1508.65,,,,,
C001,Summer Sale,15-01-2026,Email,CUST02253,18-24,Male,8044,467,146,26,800,47161.54,,,,,
C008,Year End Clearance,13-03-2026,Email,CUST02015,35-44,Other,13209,893,265,51,800,160605.3,,,,,
C005,Back to College,09-08-2026,Email,CUST00110,18-24,Female,10951,738,220,47,800,139886.94,,,,,
C003,New Product Launch,19-02-2026,Instagram,CUST00911,18-24,Female,6786,150,18,3,913.49,6557.21,,,,,
C005,Back to College,08-01-2026,Email,CUST01276,25-34,Female,22283,1358,399,73,1501.42,213978.1,,,,,
C008,Year End Clearance,25-08-2026,Google Ads,CUST01328,35-44,Female,3214,134,31,7,800,17932.74,,,,,
C006,Weekend Flash Sale,20-05-2026,Instagram,CUST01254,45-54,Female,7925,245,38,7,1404.19,13150.81,,,,,
C004,Monsoon Offers,23-03-2026,Facebook,CUST01434,18-24,Female,4908,126,20,1,800,1842.07,,,,,
C002,Festive Bonanza,15-01-2026,Facebook,CUST00120,25-34,Male,24651,467,60,6,2706.21,9804.25,,,,,
C006,Weekend Flash Sale,29-07-2026,Instagram,CUST02444,55+,Female,30144,1279,235,28,5344.7,57377.43,,,,,
C004,Monsoon Offers,12-06-2026,YouTube,CUST02005,25-34,Female,4706,138,12,0,876.74,0,,,,,
C001,Summer Sale,14-05-2026,YouTube,CUST01507,25-34,Female,9008,193,29,2,1479.17,3530.65,,,,,
C005,Back to College,28-07-2026,YouTube,CUST02058,18-24,Male,6764,118,14,0,1067.29,,,,,,
C008,Year End Clearance,13-07-2026,Email,CUST01349,45-54,Male,6100,414,118,33,800,124565.69,,,,,
C008,Year End Clearance,25-07-2026,Google Ads,CUST02426,35-44,Female,5708,271,56,7,1472.95,15028.71,,,,,
C006,Weekend Flash Sale,29-01-2026,Email,CUST00897,18-24,Male,4309,277,94,22,800,66284.8,,,,,
C005,Back to College,11-04-2026,YouTube,CUST02257,25-34,Female,10269,271,35,4,1415.74,8744.5,,,,,
C008,Year End Clearance,27-02-2026,Email,CUST01072,45-54,Male,13785,1152,359,70,800,80954.67,,,,,
C001,Summer Sale,12-03-2026,Email,CUST02364,25-34,Male,8870,459,158,34,800,75832.09,,,,,
C005,Back to College,26-02-2026,Google Ads,CUST01987,45-54,Female,4636,230,56,15,1276.38,41464.24,,,,,
C001,Summer Sale,24-08-2026,Google Ads,CUST00256,35-44,Male,5275,238,45,8,990.15,13605.94,,,,,
C005,Back to College,10-06-2026,Instagram,CUST02439,18-24,Male,9895,381,61,4,1759.28,10225.94,,,,,
C004,Monsoon Offers,17-07-2026,Instagram,CUST01976,25-34,Male,6520,195,40,5,800,6452.75,,,,,
C004,Monsoon Offers,27-04-2026,Facebook,CUST01423,35-44,Male,12798,425,58,8,1919.22,15363.52,,,,,
C004,Monsoon Offers,23-01-2026,Instagram,CUST00603,25-34,Female,13760,328,51,4,2447.26,7278.22,,,,,
C006,Weekend Flash Sale,13-02-2026,Instagram,CUST01617,25-34,Female,4991,161,34,3,800,5298.77,,,,,
C002,Festive Bonanza,10-08-2026,Google Ads,CUST00708,35-44,Male,6472,225,52,9,1797.27,29123,,,,,
C002,Festive Bonanza,29-06-2026,Google Ads,CUST02163,35-44,Female,20036,1030,224,37,3601.16,132796.82,,,,,
C006,Weekend Flash Sale,29-06-2026,Email,CUST00634,35-44,Female,2289,127,37,9,800,18521.81,,,,,
C001,Summer Sale,01-04-2026,Email,CUST01801,25-34,Female,7845,440,136,31,800,107437.97,,,,,
C003,New Product Launch,07-02-2026,Email,CUST01639,35-44,Female,11995,681,204,47,800,153978.01,,,,,
C003,New Product Launch,29-08-2026,YouTube,CUST01741,18-24,Female,5653,103,11,1,1056.2,1803.46,,,,,
C007,Diwali Mega Sale,28-08-2026,Google Ads,CUST00270,25-34,Female,2183,122,25,6,800,15863.59,,,,,
C004,Monsoon Offers,06-07-2026,Facebook,CUST00134,25-34,Female,16002,364,52,3,2477.45,3687.48,,,,,
C003,New Product Launch,20-01-2026,Instagram,CUST01159,55+,Male,4318,141,33,3,800,7680.3,,,,,
C002,Festive Bonanza,27-02-2026,Facebook,CUST00125,35-44,Male,9570,261,43,8,1086.11,24466.87,,,,,
C004,Monsoon Offers,19-06-2026,Facebook,CUST01691,35-44,Female,12625,317,41,4,1456.07,7270.64,,,,,
C006,Weekend Flash Sale,10-06-2026,Instagram,CUST02236,18-24,Female,3490,93,15,2,800,5508.23,,,,,
C003,New Product Launch,01-03-2026,YouTube,CUST01182,45-54,Male,10143,276,27,3,2265.64,4040.82,,,,,
C001,Summer Sale,07-03-2026,YouTube,CUST00223,35-44,Male,6586,137,12,2,1412.32,2776.8,,,,,
C001,Summer Sale,05-07-2026,YouTube,CUST00337,25-34,Female,2749,40,2,1,800,1674.74,,,,,
C006,Weekend Flash Sale,30-08-2026,Facebook,CUST00836,35-44,Female,5618,136,18,2,828.42,4093.59,,,,,
C003,New Product Launch,09-02-2026,Instagram,CUST01764,25-34,Female,5052,167,28,4,916.21,8561.7,,,,,
C002,Festive Bonanza,21-07-2026,Google Ads,CUST01883,25-34,Female,8372,314,65,13,1590.41,38611.74,,,,,
C007,Diwali Mega Sale,17-08-2026,Instagram,CUST00559,35-44,Male,27448,652,97,20,3165.32,31665.2,,,,,
C004,Monsoon Offers,31-08-2026,Email,CUST02325,35-44,Male,3887,297,98,18,800,47057.64,,,,,
C007,Diwali Mega Sale,27-03-2026,Google Ads,CUST01352,45-54,Male,14011,657,152,25,2722.7,41598.18,,,,,
C004,Monsoon Offers,09-08-2026,Facebook,CUST00668,35-44,Male,10940,214,30,2,1644.82,2899.4,,,,,
C006,Weekend Flash Sale,08-06-2026,Facebook,CUST01454,18-24,Female,3489,87,13,2,800,3062.22,,,,,
C008,Year End Clearance,22-06-2026,Facebook,CUST00354,35-44,Female,6382,190,26,3,800,3687.47,,,,,
C008,Year End Clearance,07-01-2026,YouTube,CUST01918,25-34,Female,12277,224,26,1,1716.14,1058.92,,,,,
C002,Festive Bonanza,15-01-2026,YouTube,CUST01838,25-34,Male,16656,328,37,6,2254.39,10963.15,,,,,
C004,Monsoon Offers,21-08-2026,Facebook,CUST00162,45-54,Female,9420,231,30,1,1387.9,1784.09,,,,,
C004,Monsoon Offers,25-04-2026,Google Ads,CUST00054,45-54,Female,10910,326,67,9,2527.05,18108.09,,,,,
C007,Diwali Mega Sale,28-08-2026,Email,CUST01811,35-44,Male,27593,1668,489,134,1635.76,387054.99,,,,,
C004,Monsoon Offers,08-06-2026,YouTube,CUST01259,45-54,Female,2634,36,3,0,800,0,,,,,
C002,Festive Bonanza,11-04-2026,Instagram,CUST00732,25-34,Male,6637,167,31,4,965.83,7410.28,,,,,
C004,Monsoon Offers,06-07-2026,Email,CUST00678,18-24,Male,7293,532,158,24,800,69911.32,,,,,
C003,New Product Launch,25-03-2026,Facebook,CUST02343,18-24,Female,21330,591,93,10,2317.15,22334.74,,,,,
C001,Summer Sale,28-08-2026,YouTube,CUST01139,45-54,Female,5779,104,12,2,904.07,3720.91,,,,,
C008,Year End Clearance,07-04-2026,Instagram,CUST00604,45-54,Male,5411,177,26,2,965.22,5103.93,,,,,
C004,Monsoon Offers,19-03-2026,Facebook,CUST00349,45-54,Male,6817,180,26,7,855.58,11075.94,,,,,
C006,Weekend Flash Sale,29-06-2026,Facebook,CUST01113,25-34,Male,6821,208,29,6,1108.63,14526.89,,,,,
C002,Festive Bonanza,10-08-2026,Instagram,CUST01945,45-54,Male,7394,222,27,6,1343.35,12906.59,,,,,
C005,Back to College,06-01-2026,Facebook,CUST02190,45-54,Male,6561,225,35,4,858.22,8963.36,,,,,
C002,Festive Bonanza,25-05-2026,YouTube,CUST01284,35-44,Male,18126,293,36,2,2593.26,3647.6,,,,,
C001,Summer Sale,23-07-2026,Google Ads,CUST00173,55+,Male,16673,933,188,31,4453.16,55080.98,,,,,
C007,Diwali Mega Sale,13-07-2026,Google Ads,CUST01500,25-34,Male,20673,875,191,31,4040.28,75031.5,,,,,
C004,Monsoon Offers,26-03-2026,Facebook,CUST01313,55+,Other,18830,480,66,8,3162.74,18398.9,,,,,
C008,Year End Clearance,18-05-2026,Facebook,CUST00080,18-24,Male,12678,363,57,9,2107.38,15752.55,,,,,
C006,Weekend Flash Sale,14-02-2026,Google Ads,CUST00996,25-34,Female,10097,272,58,5,2637.8,12896.43,,,,,
C007,Diwali Mega Sale,25-05-2026,Email,CUST02430,45-54,Female,4997,309,97,22,800,99279.17,,,,,
C003,New Product Launch,29-05-2026,Instagram,CUST00466,25-34,Male,5721,178,30,7,808.26,9816.07,,,,,
C005,Back to College,22-08-2026,Instagram,CUST00081,45-54,Male,7349,228,37,8,1252.46,12954.52,,,,,
C007,Diwali Mega Sale,24-06-2026,YouTube,CUST02267,18-24,Female,4072,93,11,3,831.22,7057.66,,,,,
C008,Year End Clearance,30-08-2026,Instagram,CUST02031,25-34,Male,11809,405,58,9,1549.55,20959.95,,,,,
C002,Festive Bonanza,02-02-2026,Google Ads,CUST00826,18-24,Male,15431,500,102,16,3365.51,50873.52,,,,,
C006,Weekend Flash Sale,15-05-2026,Google Ads,CUST01616,55+,Female,5949,288,60,14,1636.38,33701.8,,,,,
C007,Diwali Mega Sale,11-02-2026,Email,CUST00133,35-44,Female,5094,355,113,36,800,101930.95,,,,,
C002,Festive Bonanza,30-07-2026,Facebook,CUST02396,45-54,Female,7382,157,27,6,973.16,11176.7,,,,,
C006,Weekend Flash Sale,20-02-2026,Google Ads,CUST01652,55+,Female,4453,147,35,3,1262.5,6915.06,,,,,
C008,Year End Clearance,05-03-2026,Google Ads,CUST01752,18-24,Female,12722,563,137,14,2695.53,29918.5,,,,,
C002,Festive Bonanza,14-07-2026,Instagram,CUST02032,25-34,Female,5734,146,24,3,800,5675.63,,,,,
C004,Monsoon Offers,07-02-2026,YouTube,CUST02070,18-24,Male,24563,541,69,9,3935.4,13209.44,,,,,
C004,Monsoon Offers,18-07-2026,YouTube,CUST00043,35-44,Male,13361,398,57,5,1993.83,6019.68,,,,,
C003,New Product Launch,10-08-2026,Instagram,CUST00861,25-34,Female,13954,481,77,12,1636.18,18604,,,,,
C005,Back to College,21-05-2026,Email,CUST00581,45-54,Female,4708,269,87,21,800,62469.62,,,,,
C001,Summer Sale,11-03-2026,Facebook,CUST01669,45-54,Female,12009,330,43,7,1585.4,13122.15,,,,,
C005,Back to College,27-01-2026,Google Ads,CUST02300,35-44,Other,6657,251,58,14,1645.46,27360.37,,,,,
C003,New Product Launch,26-04-2026,YouTube,CUST02493,25-34,Female,5535,125,23,3,1188.88,3403.99,,,,,
C001,Summer Sale,01-04-2026,Instagram,CUST01515,18-24,Female,6318,201,37,4,857.61,8659.51,,,,,
C001,Summer Sale,12-08-2026,YouTube,CUST02136,35-44,Male,12861,233,33,4,2633.33,7474.63,,,,,
C005,Back to College,02-08-2026,Facebook,CUST01239,18-24,Male,14202,259,30,6,1909.11,12207.45,,,,,
C008,Year End Clearance,21-06-2026,Google Ads,CUST01527,35-44,Female,7609,334,68,13,1410.39,30410.41,,,,,
C003,New Product Launch,08-05-2026,Google Ads,CUST02493,18-24,Male,7302,414,93,15,1346.31,58134.54,,,,,
C007,Diwali Mega Sale,18-02-2026,Instagram,CUST01858,45-54,Female,13658,430,80,10,2129.75,19628.36,,,,,
C008,Year End Clearance,03-05-2026,Instagram,CUST00906,45-54,Female,10691,369,64,9,1990.79,15067.29,,,,,
C004,Monsoon Offers,04-02-2026,Instagram,CUST00214,45-54,Male,6379,167,23,1,1136.76,1322.96,,,,,
C007,Diwali Mega Sale,23-01-2026,Facebook,CUST01105,25-34,Male,4417,69,10,2,800,6244.7,,,,,
C006,Weekend Flash Sale,16-06-2026,Facebook,CUST01821,18-24,Female,8689,307,48,6,1443.91,12265.24,,,,,
C002,Festive Bonanza,15-03-2026,Instagram,CUST02404,25-34,Male,6155,230,27,2,1074.85,4779.65,,,,,
C008,Year End Clearance,17-04-2026,Instagram,CUST00765,18-24,Female,6893,262,36,4,892.33,8396.62,,,,,
C008,Year End Clearance,24-03-2026,Instagram,CUST01391,35-44,Female,9837,420,63,6,1427.75,14703.53,,,,,
C001,Summer Sale,20-01-2026,Email,CUST02377,18-24,Male,6990,414,147,28,800,80640.12,,,,,
C008,Year End Clearance,04-06-2026,Google Ads,CUST01199,35-44,Male,7468,450,101,21,2071.86,42386.69,,,,,
C005,Back to College,01-04-2026,Google Ads,CUST01093,35-44,Female,10813,419,85,20,2904.94,39080.51,,,,,
C006,Weekend Flash Sale,17-06-2026,Instagram,CUST00231,18-24,Male,8071,318,51,9,1383.68,21422.62,,,,,
C008,Year End Clearance,27-04-2026,Instagram,CUST01162,45-54,Male,10682,430,56,6,1994.07,15834.44,,,,,
C008,Year End Clearance,30-07-2026,Email,CUST02248,25-34,Male,15963,1258,359,76,867.75,235729.2,,,,,
C006,Weekend Flash Sale,25-01-2026,Facebook,CUST00451,18-24,Male,17043,448,70,10,2135.23,16225.02,,,,,
C007,Diwali Mega Sale,27-02-2026,Google Ads,CUST02155,18-24,Male,7380,304,62,15,1318.19,47826.81,,,,,
C002,Festive Bonanza,05-04-2026,Email,CUST01343,35-44,Male,8762,623,167,39,800,102463.18,,,,,
C008,Year End Clearance,30-07-2026,Google Ads,CUST01570,18-24,Female,7769,372,88,16,2097.81,32863.63,,,,,
C005,Back to College,08-07-2026,YouTube,CUST01181,35-44,Male,10672,210,19,2,2275.3,3435.64,,,,,
C004,Monsoon Offers,15-07-2026,Facebook,CUST01341,35-44,Male,12210,398,55,6,1365.53,6148.09,,,,,
C002,Festive Bonanza,24-07-2026,Facebook,CUST00826,35-44,Female,16705,682,82,8,2702.27,22210.31,,,,,
C005,Back to College,09-07-2026,Facebook,CUST01469,35-44,Male,4982,154,18,4,800,5808.45,,,,,
C002,Festive Bonanza,04-07-2026,Google Ads,CUST00512,18-24,Male,10661,494,99,21,1942.51,55623.62,,,,,
C008,Year End Clearance,01-06-2026,YouTube,CUST00158,18-24,Female,5553,119,16,2,856.53,3888.13,,,,,
C004,Monsoon Offers,18-06-2026,YouTube,CUST01584,25-34,Male,24439,653,82,6,5481.12,8432.24,,,,,
C001,Summer Sale,23-06-2026,Google Ads,CUST01065,35-44,Female,11567,394,86,18,2591.52,40782.42,,,,,
C001,Summer Sale,09-08-2026,Facebook,CUST02301,25-34,Female,11554,293,41,6,1335.18,13009.88,,,,,
C004,Monsoon Offers,20-05-2026,Email,CUST00525,Unknown,Male,6034,406,122,30,800,59783.95,,,,,
C006,Weekend Flash Sale,09-03-2026,Instagram,CUST00603,25-34,Female,29928,1062,167,28,4845.29,33926.94,,,,,
C003,New Product Launch,17-08-2026,Facebook,CUST01227,55+,Female,4490,120,18,2,800,3635.57,,,,,
C002,Festive Bonanza,24-05-2026,Facebook,CUST01791,35-44,Male,10653,293,39,7,1619.07,15030.76,,,,,
C002,Festive Bonanza,09-07-2026,Google Ads,CUST00759,45-54,Male,15788,558,146,27,3218.14,63256.63,,,,,
C004,Monsoon Offers,21-07-2026,Facebook,CUST01201,35-44,Female,8644,293,40,5,1328.45,6173.14,,,,,
C002,Festive Bonanza,10-03-2026,Instagram,CUST02441,35-44,Female,4982,209,37,2,800,5041.55,,,,,
C003,New Product Launch,15-01-2026,Instagram,CUST01339,18-24,Male,6854,286,38,3,1281.64,4709.95,,,,,
C002,Festive Bonanza,02-02-2026,Instagram,CUST01135,25-34,Male,7871,183,29,4,1326.78,9170.17,,,,,
C008,Year End Clearance,22-04-2026,Facebook,CUST00701,45-54,Female,17400,434,59,8,2036.68,12787.9,,,,,
C005,Back to College,10-02-2026,YouTube,CUST00637,45-54,Male,12648,251,32,4,2395.95,7158.56,,,,,
C001,Summer Sale,05-06-2026,Email,CUST01346,25-34,Female,22542,1559,476,90,1516.67,152062.86,,,,,
C006,Weekend Flash Sale,26-02-2026,YouTube,CUST00453,18-24,Female,27950,613,71,10,5228.59,17888.65,,,,,
C003,New Product Launch,28-06-2026,Facebook,CUST01353,25-34,Female,9347,236,38,6,1003.88,9021.21,,,,,
C003,New Product Launch,05-01-2026,Facebook,CUST00381,18-24,Male,9321,285,52,5,1444.42,10034.97,,,,,
C007,Diwali Mega Sale,17-07-2026,Google Ads,CUST02500,45-54,Female,10151,518,139,36,1809.1,88826.37,,,,,
C007,Diwali Mega Sale,27-08-2026,YouTube,CUST01460,25-34,Male,12067,328,41,6,1833.93,11044.82,,,,,
C001,Summer Sale,31-08-2026,Instagram,CUST01531,18-24,Female,8088,240,39,6,1286.39,17245.76,,,,,
C008,Year End Clearance,29-05-2026,Google Ads,CUST01031,35-44,Male,4904,210,48,10,1141.92,31520.78,,,,,
C006,Weekend Flash Sale,10-08-2026,Facebook,CUST02339,25-34,Male,5667,114,24,0,919.9,0,,,,,
C005,Back to College,09-07-2026,Facebook,CUST01344,25-34,Female,15544,559,79,18,2461.31,49210.74,,,,,
C001,Summer Sale,02-07-2026,Facebook,CUST02474,35-44,Male,16730,474,63,7,2191.09,12101.18,,,,,
C008,Year End Clearance,05-03-2026,Facebook,CUST02469,45-54,Male,10612,340,50,10,1525.25,15633.48,,,,,
C001,Summer Sale,11-05-2026,Instagram,CUST01953,18-24,Male,16947,701,121,18,2824.7,43258.41,,,,,
C004,Monsoon Offers,16-02-2026,Google Ads,CUST00689,25-34,Male,11345,601,121,29,2939.95,52785.32,,,,,
C006,Weekend Flash Sale,13-07-2026,Instagram,CUST01410,35-44,Female,4220,111,16,3,800,6348.42,,,,,
C007,Diwali Mega Sale,03-01-2026,YouTube,CUST02238,18-24,Female,5351,169,14,0,800,0,,,,,
C006,Weekend Flash Sale,05-03-2026,Instagram,CUST01749,45-54,Female,9728,366,59,8,1252.88,13673.49,,,,,
C004,Monsoon Offers,22-07-2026,YouTube,CUST00612,45-54,Male,10348,252,30,4,1871.13,5837.69,,,,,
C008,Year End Clearance,25-04-2026,Facebook,CUST01366,18-24,Female,9391,252,33,2,1387.8,3854.38,,,,,
C003,New Product Launch,16-06-2026,Email,CUST00751,35-44,Female,4360,348,91,16,800,20376.6,,,,,
C003,New Product Launch,14-03-2026,Email,CUST02163,45-54,Male,15122,1121,337,66,926.51,144803.82,,,,,
C006,Weekend Flash Sale,24-01-2026,Facebook,CUST01457,25-34,Female,11513,377,63,4,1449.3,5073.93,,,,,
C004,Monsoon Offers,14-03-2026,Email,CUST00175,45-54,Female,13067,848,251,46,800,94178.11,,,,,
C003,New Product Launch,02-02-2026,Facebook,CUST01031,35-44,Male,10380,267,45,2,1113.57,2767.52,,,,,
C002,Festive Bonanza,05-05-2026,Email,CUST00568,18-24,Male,6674,460,141,34,800,72287.36,,,,,
C008,Year End Clearance,19-02-2026,Instagram,CUST00863,18-24,Female,6176,167,28,3,1047.18,5565.6,,,,,
C003,New Product Launch,06-04-2026,Facebook,CUST00416,55+,Female,15786,530,76,4,1835.88,7789.52,,,,,
C001,Summer Sale,11-06-2026,Facebook,CUST00579,25-34,Male,7053,243,31,3,847.08,6563.67,,,,,
C007,Diwali Mega Sale,04-06-2026,YouTube,CUST00781,35-44,Male,8221,149,24,2,1843.6,4446.3,,,,,
C001,Summer Sale,04-04-2026,Instagram,CUST00067,25-34,Female,4006,131,16,3,800,4994.35,,,,,
C002,Festive Bonanza,22-06-2026,Instagram,CUST02419,35-44,Female,10421,287,42,6,1616.45,12666.94,,,,,
C002,Festive Bonanza,23-08-2026,YouTube,CUST01401,25-34,Male,14206,350,40,7,2258.47,11112.57,,,,,
C001,Summer Sale,06-03-2026,Google Ads,CUST01490,18-24,Female,8594,461,103,17,2334.43,35714.55,,,,,
C001,Summer Sale,06-06-2026,Email,CUST02239,25-34,Female,20572,1236,360,62,1299.52,118445.54,,,,,
C002,Festive Bonanza,10-04-2026,Facebook,CUST00346,35-44,Male,5753,123,10,1,865.94,1899.15,,,,,
C008,Year End Clearance,26-07-2026,Google Ads,CUST01601,25-34,Male,13346,761,153,25,3684.4,41178.92,,,,,
C007,Diwali Mega Sale,06-08-2026,Facebook,CUST02132,45-54,Male,8375,220,34,3,1035.71,7460.4,,,,,
C004,Monsoon Offers,04-04-2026,Email,CUST02054,18-24,Male,14187,879,280,48,929.76,107168.56,,,,,
C003,New Product Launch,07-08-2026,Instagram,CUST01270,18-24,Female,8987,242,30,0,1424.32,0,,,,,
C005,Back to College,26-07-2026,Google Ads,CUST01858,45-54,Male,5055,219,48,3,1344.41,7175.33,,,,,
C007,Diwali Mega Sale,27-03-2026,Instagram,CUST00734,25-34,Female,8837,344,71,7,1198.18,21800.23,,,,,
C007,Diwali Mega Sale,19-04-2026,Instagram,CUST01746,35-44,Male,4381,162,30,6,800,13829.51,,,,,
C002,Festive Bonanza,27-03-2026,Email,CUST02317,18-24,Female,10720,774,233,50,800,123616.47,,,,,
C006,Weekend Flash Sale,15-01-2026,Instagram,CUST00193,18-24,Male,4025,131,21,4,800,7696.77,,,,,
C002,Festive Bonanza,10-06-2026,Instagram,CUST00867,45-54,Female,12105,341,49,9,1750.18,26654.51,,,,,
C004,Monsoon Offers,23-04-2026,Instagram,CUST01854,18-24,Female,4140,139,23,3,800,6832.78,,,,,
C008,Year End Clearance,11-01-2026,Facebook,CUST02458,18-24,Female,12914,342,39,8,2099.49,11435.74,,,,,
C008,Year End Clearance,11-05-2026,Facebook,CUST00436,18-24,Male,17819,592,89,15,1940.94,24137.36,,,,,
C003,New Product Launch,26-07-2026,Google Ads,CUST01285,45-54,Female,7002,228,45,5,1365.52,12293.05,,,,,
C001,Summer Sale,23-07-2026,YouTube,CUST02060,25-34,Male,13887,394,48,4,2318.38,6023.45,,,,,
C002,Festive Bonanza,20-01-2026,YouTube,CUST02333,25-34,Female,31642,558,70,4,6383.26,7941.98,,,,,
C004,Monsoon Offers,03-06-2026,Google Ads,CUST01009,55+,Female,7978,357,89,11,1826.15,18894.11,,,,,
C004,Monsoon Offers,07-03-2026,Instagram,CUST00670,45-54,Male,12098,324,55,6,1672.08,9565.54,,,,,
C004,Monsoon Offers,06-04-2026,Google Ads,CUST00696,35-44,Female,10707,316,75,9,2773.35,15431.78,,,,,
C001,Summer Sale,19-07-2026,Instagram,CUST00248,25-34,Male,12756,434,74,7,2358.29,11097.46,,,,,
C007,Diwali Mega Sale,22-02-2026,Facebook,CUST00457,35-44,Male,8881,188,33,5,1488.35,11210.58,,,,,
C004,Monsoon Offers,16-04-2026,Google Ads,CUST00898,45-54,Male,8011,337,91,11,2216.84,20775.5,,,,,
C002,Festive Bonanza,06-02-2026,YouTube,CUST00074,18-24,Female,7217,144,24,0,1391.83,0,,,,,
C002,Festive Bonanza,09-02-2026,Google Ads,CUST00037,35-44,Female,5739,341,89,17,1289.32,45192.11,,,,,
C008,Year End Clearance,11-08-2026,Google Ads,CUST00701,35-44,Male,11649,641,137,22,2715.55,63333.01,,,,,
C007,Diwali Mega Sale,20-01-2026,Google Ads,CUST00971,18-24,Female,10877,490,101,25,2834.82,65223.87,,,,,
C003,New Product Launch,03-03-2026,Email,CUST01118,35-44,Male,14495,652,193,38,800,102925.9,,,,,
C007,Diwali Mega Sale,22-08-2026,YouTube,CUST00615,25-34,Male,4695,120,14,1,1023.43,1932.97,,,,,
C003,New Product Launch,21-03-2026,Instagram,CUST01577,25-34,Male,8595,275,40,5,1273.03,11359.06,,,,,
C003,New Product Launch,25-06-2026,Instagram,CUST01655,35-44,Female,33762,1144,172,18,5361.37,32017.18,,,,,
C004,Monsoon Offers,01-06-2026,Instagram,CUST00015,25-34,Male,14440,430,69,10,2543.32,13309.7,,,,,
C008,Year End Clearance,21-06-2026,Google Ads,CUST02007,35-44,Female,9552,407,90,19,2691,46666.81,,,,,
C005,Back to College,19-07-2026,Instagram,CUST00229,18-24,Female,3366,108,17,3,800,6549.74,,,,,
C006,Weekend Flash Sale,04-03-2026,Google Ads,CUST00624,55+,Other,6495,331,62,8,1462.69,15409.85,,,,,
C007,Diwali Mega Sale,30-03-2026,Facebook,CUST02454,25-34,Male,15654,384,57,6,1753.65,14095.43,,,,,
C003,New Product Launch,25-07-2026,Instagram,CUST00009,35-44,Male,15954,595,98,11,2605.3,16457.4,,,,,
C006,Weekend Flash Sale,25-04-2026,YouTube,CUST02392,45-54,Female,9435,269,32,3,1611.72,7946.49,,,,,
C003,New Product Launch,01-05-2026,YouTube,CUST01164,18-24,Female,19331,492,58,3,3985.15,4892.03,,,,,
C007,Diwali Mega Sale,30-01-2026,Facebook,CUST02356,25-34,Female,4799,141,19,4,800,11377.97,,,,,
C002,Festive Bonanza,26-06-2026,Email,CUST02267,25-34,Female,6972,463,143,32,800,121234.64,,,,,
C006,Weekend Flash Sale,25-03-2026,YouTube,CUST01280,45-54,Male,16070,366,33,3,3060,4871.42,,,,,
C004,Monsoon Offers,17-08-2026,Google Ads,CUST01149,55+,Male,17944,844,182,33,5154.66,70409.74,,,,,
C001,Summer Sale,01-06-2026,Instagram,CUST01737,25-34,Female,7766,131,22,1,1077.9,1894.05,,,,,
C001,Summer Sale,11-02-2026,Email,CUST01273,25-34,Male,18692,1088,327,70,800,169451.55,,,,,
C006,Weekend Flash Sale,08-02-2026,YouTube,CUST01213,55+,Male,7611,192,15,3,1519.35,5602.03,,,,,
C008,Year End Clearance,12-08-2026,YouTube,CUST00430,35-44,Female,9937,239,26,1,2141.89,2059.83,,,,,
C001,Summer Sale,08-03-2026,Email,CUST00854,45-54,Male,7914,518,143,37,800,107623.88,,,,,
C003,New Product Launch,01-08-2026,Email,CUST01656,25-34,Female,4323,299,86,23,800,35687.33,,,,,
C006,Weekend Flash Sale,21-06-2026,YouTube,CUST01801,25-34,Female,2910,57,9,0,800,0,,,,,
C004,Monsoon Offers,12-04-2026,Email,CUST00095,25-34,Other,6872,391,120,24,800,53667.56,,,,,
C006,Weekend Flash Sale,23-06-2026,Instagram,CUST00540,35-44,Male,11913,236,42,5,1445.64,12643.11,,,,,
C004,Monsoon Offers,15-01-2026,Instagram,CUST02324,18-24,Other,10107,361,55,10,1480.08,22454.35,,,,,
C007,Diwali Mega Sale,29-03-2026,Facebook,CUST01138,25-34,Male,13309,344,41,6,2123.43,11223.02,,,,,
C008,Year End Clearance,13-04-2026,Instagram,CUST01186,25-34,Male,5134,182,34,3,800,4231.91,,,,,
C002,Festive Bonanza,15-01-2026,Google Ads,CUST02328,45-54,Male,13433,605,127,27,3692.34,55797.05,,,,,
C003,New Product Launch,19-04-2026,Email,CUST01228,35-44,Female,7003,312,102,28,800,58259.84,,,,,
C002,Festive Bonanza,31-01-2026,Instagram,CUST02177,18-24,Female,2985,95,17,3,800,4418.18,,,,,
C007,Diwali Mega Sale,28-08-2026,Google Ads,CUST00278,45-54,Female,9125,452,102,23,2110.41,57757.6,,,,,
C008,Year End Clearance,18-05-2026,Google Ads,CUST00395,25-34,Male,5600,244,48,6,1127.75,8321.26,,,,,
C006,Weekend Flash Sale,18-04-2026,YouTube,CUST02128,25-34,Female,66115,1867,216,25,9437.43,48054.85,,,,,
C008,Year End Clearance,13-08-2026,Facebook,CUST01973,18-24,Male,2839,76,7,1,800,1692.33,,,,,
C005,Back to College,08-04-2026,Facebook,CUST01282,35-44,Female,12356,390,60,13,1464.67,21912.11,,,,,
C007,Diwali Mega Sale,13-06-2026,Google Ads,CUST01170,25-34,Male,6683,174,41,8,1399.8,20688.9,,,,,
C004,Monsoon Offers,22-07-2026,Instagram,CUST00415,25-34,Male,10515,285,48,6,1678.27,7960.79,,,,,
C003,New Product Launch,01-07-2026,Email,CUST00423,25-34,Male,9091,530,154,23,800,43064.8,,,,,
C004,Monsoon Offers,03-08-2026,Google Ads,CUST00064,35-44,Female,15559,558,113,17,4242.95,47393.22,,,,,
C006,Weekend Flash Sale,19-06-2026,Facebook,CUST01476,25-34,Male,8627,301,47,7,1049.12,14413.04,,,,,
C002,Festive Bonanza,18-01-2026,Facebook,CUST02027,45-54,Male,10052,228,29,2,1249.31,4252.85,,,,,
C005,Back to College,07-01-2026,Facebook,CUST01316,25-34,Female,5073,115,15,2,800,2895.13,,,,,
C005,Back to College,26-05-2026,Email,CUST02195,35-44,Male,11649,1154,346,76,800,172363.8,,,,,
C006,Weekend Flash Sale,05-03-2026,Email,CUST01391,35-44,Female,14263,890,271,70,868.33,209346.3,,,,,
C004,Monsoon Offers,23-07-2026,Facebook,CUST01823,25-34,Female,6090,207,27,3,800,5594.62,,,,,
C002,Festive Bonanza,04-05-2026,Instagram,CUST01308,55+,Female,10330,343,59,9,1460.93,27733.01,,,,,
C006,Weekend Flash Sale,06-01-2026,Instagram,CUST01791,18-24,Male,12246,440,66,7,1824.9,12208.63,,,,,
C001,Summer Sale,29-03-2026,YouTube,CUST00753,25-34,Male,8419,168,23,1,1152.71,1608.74,,,,,
C001,Summer Sale,23-04-2026,Facebook,CUST01109,25-34,Female,9088,252,36,1,1454.91,2013.44,,,,,
C002,Festive Bonanza,14-06-2026,Email,CUST00228,45-54,Male,7180,616,191,47,800,167677.73,,,,,
C008,Year End Clearance,25-01-2026,Instagram,CUST01496,25-34,Other,7702,304,42,10,934.79,23820.77,,,,,
C001,Summer Sale,05-04-2026,Facebook,CUST00560,35-44,Female,6339,171,28,2,800,3062.61,,,,,
C006,Weekend Flash Sale,27-07-2026,Email,CUST01655,25-34,Male,5127,431,137,25,800,73225.97,,,,,
C008,Year End Clearance,31-08-2026,Instagram,CUST02314,35-44,Male,4750,114,15,3,800,5498.35,,,,,
C008,Year End Clearance,19-06-2026,Email,CUST01244,18-24,Female,21143,1304,383,90,1444.75,241681.73,,,,,
C005,Back to College,09-04-2026,Instagram,CUST01108,35-44,Female,5595,169,26,0,835.76,0,,,,,
C002,Festive Bonanza,13-02-2026,Google Ads,CUST01760,25-34,Female,7096,317,71,12,1410.63,34300.55,,,,,
C003,New Product Launch,22-05-2026,Email,CUST01617,25-34,Female,20312,910,255,48,1189.79,108965.5,,,,,
C008,Year End Clearance,22-08-2026,Instagram,CUST00809,55+,Male,4421,123,25,2,800,4225.96,,,,,
C006,Weekend Flash Sale,16-01-2026,Instagram,CUST00572,25-34,Female,9369,307,53,8,1643.24,11959.08,,,,,
C001,Summer Sale,19-05-2026,Instagram,CUST01082,25-34,Male,8528,270,45,6,1296.89,9594.23,,,,,
C005,Back to College,21-05-2026,Google Ads,CUST01262,25-34,Female,7854,381,84,12,2054.82,37526.74,,,,,
C005,Back to College,02-03-2026,Instagram,CUST00527,25-34,Female,19542,549,92,12,3422.41,30783.56,,,,,
C008,Year End Clearance,15-01-2026,Google Ads,CUST02355,25-34,Female,9280,450,106,18,2315.42,47560.84,,,,,
C005,Back to College,08-06-2026,Email,CUST02400,45-54,Male,4135,261,72,18,800,58783.19,,,,,
C006,Weekend Flash Sale,23-03-2026,Google Ads,CUST01517,25-34,Male,20419,992,226,41,5220.51,84430.07,,,,,
C002,Festive Bonanza,25-02-2026,Instagram,CUST00345,55+,Female,3982,102,22,3,800,5777.9,,,,,
C008,Year End Clearance,22-07-2026,Facebook,CUST01745,55+,Female,21269,473,69,6,2231.41,10716.37,,,,,
C005,Back to College,23-04-2026,Instagram,CUST01260,25-34,Male,9364,306,55,10,1101.26,19873.07,,,,,
C004,Monsoon Offers,13-02-2026,YouTube,CUST01273,25-34,Female,6218,160,20,1,1254.6,1520.99,,,,,
C004,Monsoon Offers,22-06-2026,Google Ads,CUST02336,35-44,Male,10280,537,127,18,2902.02,27641.42,,,,,
C005,Back to College,05-07-2026,Facebook,CUST01914,18-24,Male,5245,98,17,0,819,0,,,,,
C006,Weekend Flash Sale,21-05-2026,Google Ads,CUST00313,25-34,Male,26302,1298,272,48,5886.82,123816.52,,,,,
C002,Festive Bonanza,13-07-2026,Instagram,CUST00412,18-24,Male,4327,124,23,2,800,6119.51,,,,,
C008,Year End Clearance,10-01-2026,Email,CUST00131,55+,Male,6277,431,138,30,800,51425.79,,,,,
C007,Diwali Mega Sale,04-03-2026,Google Ads,CUST02258,25-34,Male,5549,262,58,17,1096.93,57563.12,,,,,
C003,New Product Launch,19-02-2026,Email,CUST02417,35-44,Male,20140,871,253,49,1162.83,163964.59,,,,,
C002,Festive Bonanza,16-02-2026,Google Ads,CUST01152,25-34,Male,8116,398,94,21,2198.1,60116.89,,,,,
C007,Diwali Mega Sale,02-04-2026,Email,CUST01061,25-34,Female,18462,999,325,91,910.39,306840.34,,,,,
C006,Weekend Flash Sale,17-02-2026,Email,CUST00696,35-44,Male,7322,345,103,21,800,71819.35,,,,,
C008,Year End Clearance,01-01-2026,Facebook,CUST00793,55+,Female,6869,236,38,2,882.32,3257.03,,,,,
C004,Monsoon Offers,18-03-2026,Instagram,CUST01587,35-44,Male,17409,575,83,5,2135.18,9036.53,,,,,
C008,Year End Clearance,23-02-2026,Instagram,CUST00765,35-44,Female,7360,229,47,6,1211.05,13959.67,,,,,
C007,Diwali Mega Sale,09-03-2026,Google Ads,CUST02302,35-44,Male,5264,269,57,8,1491.28,22978.6,,,,,
C006,Weekend Flash Sale,11-08-2026,Instagram,CUST00616,55+,Female,5592,228,44,5,1011,7973.41,,,,,
C003,New Product Launch,08-02-2026,Email,CUST00838,45-54,Female,10053,739,205,47,800,120856.1,,,,,
C006,Weekend Flash Sale,25-01-2026,Instagram,CUST01936,45-54,Female,2516,70,12,1,800,2680.03,,,,,
C003,New Product Launch,17-04-2026,Facebook,CUST01230,18-24,Male,10672,221,31,3,1278.78,6314.54,,,,,
C002,Festive Bonanza,28-07-2026,Instagram,CUST00029,45-54,Male,32892,1046,170,29,6077.77,70004.64,,,,,
C002,Festive Bonanza,07-08-2026,Instagram,CUST01110,55+,Female,10738,516,78,8,1480.63,15793.86,,,,,
C006,Weekend Flash Sale,17-05-2026,Facebook,CUST02170,55+,Female,12647,477,56,5,1588.48,7084.54,,,,,
C005,Back to College,01-04-2026,Email,CUST01825,35-44,Female,7493,439,133,36,800,79151.23,,,,,
C001,Summer Sale,25-02-2026,Google Ads,CUST02284,55+,Female,9694,533,114,29,1749.6,43696.86,,,,,
C005,Back to College,05-03-2026,Instagram,CUST01162,25-34,Male,10801,318,43,3,1433.86,8200.08,,,,,
C005,Back to College,17-06-2026,Email,CUST00146,55+,Female,10846,647,200,38,800,96962.94,,,,,
C001,Summer Sale,01-01-2026,Email,CUST00562,25-34,Male,5297,427,120,21,800,52058.51,,,,,
C005,Back to College,25-02-2026,Instagram,CUST00896,25-34,Male,7992,275,47,6,924.9,16138.49,,,,,
C004,Monsoon Offers,20-06-2026,YouTube,CUST00154,45-54,Female,5996,91,12,1,939.41,1280.43,,,,,
C007,Diwali Mega Sale,15-08-2026,YouTube,CUST01716,18-24,Female,11727,298,34,1,2137.6,2122.7,,,,,
C007,Diwali Mega Sale,25-05-2026,Email,CUST00979,25-34,Male,4987,357,117,27,800,70558.56,,,,,
C007,Diwali Mega Sale,05-07-2026,Google Ads,CUST01129,35-44,Male,10787,382,84,17,2113.39,49075.67,,,,,
C004,Monsoon Offers,31-01-2026,Instagram,CUST00644,45-54,Male,10853,289,42,3,1919.51,4730.96,,,,,
C007,Diwali Mega Sale,08-02-2026,Instagram,CUST00691,25-34,Male,4450,135,27,6,800,15862.56,,,,,
C002,Festive Bonanza,03-07-2026,Facebook,CUST02070,35-44,Female,4589,106,12,2,800,3368.05,,,,,
C001,Summer Sale,10-04-2026,Instagram,CUST00738,35-44,Female,3918,95,20,2,800,3543.97,,,,,
C006,Weekend Flash Sale,08-06-2026,Email,CUST01524,45-54,Female,17549,1059,317,68,867.11,172033,,,,,
C001,Summer Sale,15-04-2026,Email,CUST01229,25-34,Male,11493,1091,334,72,800,215155.6,,,,,
C006,Weekend Flash Sale,13-03-2026,Instagram,CUST01591,18-24,Male,28526,1028,160,20,4777.63,33947.82,,,,,
C008,Year End Clearance,30-03-2026,Email,CUST02044,25-34,Male,9884,794,231,59,800,108791.02,,,,,
C008,Year End Clearance,05-05-2026,Instagram,CUST02425,18-24,Female,8791,262,34,1,1085.41,1456.37,,,,,
C003,New Product Launch,01-03-2026,Facebook,CUST00172,25-34,Female,13822,374,52,5,2031.35,11070.85,,,,,
C001,Summer Sale,23-06-2026,YouTube,CUST02286,25-34,Female,11026,260,28,1,2348.86,1573.56,,,,,
C001,Summer Sale,29-04-2026,Facebook,CUST00305,18-24,Female,8967,254,34,3,1375.61,5257.71,,,,,
C002,Festive Bonanza,09-07-2026,Google Ads,CUST02183,18-24,Female,6717,307,55,11,1905.21,36437.3,,,,,
C006,Weekend Flash Sale,09-02-2026,YouTube,CUST01417,18-24,Female,26579,585,65,6,3847.15,9587.65,,,,,
C002,Festive Bonanza,25-08-2026,Facebook,CUST02460,35-44,Male,4869,120,13,3,800,5361.68,,,,,
C005,Back to College,21-06-2026,Facebook,CUST01034,35-44,Female,5700,163,25,5,800,10583.55,,,,,
C006,Weekend Flash Sale,09-06-2026,Facebook,CUST01618,25-34,Male,5322,158,18,2,800,5271.02,,,,,
C003,New Product Launch,30-03-2026,Facebook,CUST01334,18-24,Female,5738,155,25,1,800,2240.37,,,,,
C007,Diwali Mega Sale,06-08-2026,Google Ads,CUST00919,25-34,Female,12225,734,167,41,3086.65,155877.9,,,,,
C003,New Product Launch,24-08-2026,Instagram,CUST00263,35-44,Female,6963,321,58,6,1294.43,12518.51,,,,,
C006,Weekend Flash Sale,04-05-2026,Instagram,CUST02431,18-24,Male,13022,405,62,7,2306.56,16913.07,,,,,
C002,Festive Bonanza,30-07-2026,Google Ads,CUST00756,25-34,Female,9689,428,79,17,2182.96,28277.9,,,,,
C007,Diwali Mega Sale,10-05-2026,Facebook,CUST00086,25-34,Male,13373,417,58,14,1525.55,24782.87,,,,,
C003,New Product Launch,29-08-2026,Instagram,CUST01796,35-44,Female,7044,173,20,1,1039.9,2501.95,,,,,
C003,New Product Launch,18-07-2026,Instagram,CUST01843,35-44,Male,10663,244,36,5,1980.63,7614.69,,,,,
C005,Back to College,01-06-2026,YouTube,CUST00460,45-54,Female,8011,128,18,2,1669.11,2688.09,,,,,
C004,Monsoon Offers,29-05-2026,Email,CUST01562,25-34,Male,5773,301,74,9,800,19203.41,,,,,
C008,Year End Clearance,31-03-2026,Email,CUST00320,25-34,Male,7875,571,161,39,800,105755.88,,,,,
C007,Diwali Mega Sale,12-06-2026,Facebook,CUST00465,35-44,Female,8770,269,40,5,1191.63,12680.03,,,,,
C006,Weekend Flash Sale,16-01-2026,Facebook,CUST01516,35-44,Female,5024,168,32,2,800,3848.99,,,,,
C004,Monsoon Offers,22-07-2026,Instagram,CUST01373,55+,Male,22232,709,113,15,2567.46,22620.82,,,,,
C003,New Product Launch,28-07-2026,Google Ads,CUST01763,55+,Male,20500,1135,241,38,5541.99,67489.86,,,,,
C001,Summer Sale,22-01-2026,Email,CUST01989,25-34,Female,4989,355,113,28,800,49071.88,,,,,
C003,New Product Launch,19-01-2026,Instagram,CUST00790,18-24,Male,2312,88,19,2,800,4040.08,,,,,
C006,Weekend Flash Sale,03-01-2026,Facebook,CUST00586,25-34,Female,8287,184,26,4,907.57,8432.71,,,,,
C003,New Product Launch,06-03-2026,Email,CUST01927,55+,Male,3896,278,90,13,800,47495.43,,,,,
C005,Back to College,15-05-2026,YouTube,CUST02225,18-24,Female,11473,226,30,3,2542.58,6137.84,,,,,
C007,Diwali Mega Sale,08-06-2026,YouTube,CUST01358,18-24,Female,19031,478,67,6,3032.85,10972.38,,,,,
C002,Festive Bonanza,12-03-2026,YouTube,CUST00701,18-24,Female,5699,96,8,0,893.59,0,,,,,
C008,Year End Clearance,15-03-2026,Instagram,CUST01869,18-24,Male,13560,369,66,12,1630.54,25212.23,,,,,
C001,Summer Sale,05-08-2026,YouTube,CUST01105,25-34,Male,8436,248,38,4,1691.26,7510.74,,,,,
C003,New Product Launch,16-08-2026,YouTube,CUST01853,55+,Male,4560,112,14,1,800,1644.78,,,,,
C002,Festive Bonanza,18-03-2026,Facebook,CUST01926,25-34,Male,8274,229,24,3,1319.73,6974.23,,,,,
C001,Summer Sale,10-08-2026,Instagram,CUST00257,35-44,Other,16278,371,59,2,2455.67,4661.07,,,,,
C006,Weekend Flash Sale,24-01-2026,Google Ads,CUST00277,45-54,Male,2156,98,27,6,800,19366.64,,,,,
C006,Weekend Flash Sale,22-06-2026,Instagram,CUST00900,25-34,Male,9681,315,58,10,1675.25,23357.02,,,,,
C007,Diwali Mega Sale,10-06-2026,Instagram,CUST00396,25-34,Male,10780,335,53,7,1548.02,19364.71,,,,,
C003,New Product Launch,02-07-2026,Instagram,CUST01327,45-54,Female,15869,487,74,1,2807.2,1383.45,,,,,
C005,Back to College,10-05-2026,Google Ads,CUST00943,25-34,Female,13941,662,140,25,3617.6,79267.3,,,,,
C005,Back to College,08-06-2026,YouTube,CUST01472,25-34,Male,6361,157,18,3,975.85,5059.91,,,,,
C005,Back to College,01-04-2026,Instagram,CUST00028,35-44,Female,5838,252,33,3,800,6504.6,,,,,
C008,Year End Clearance,19-02-2026,Facebook,CUST01278,25-34,Male,11204,393,53,8,1163.13,14985.31,,,,,
C002,Festive Bonanza,18-04-2026,Email,CUST02213,18-24,Male,2422,176,54,18,800,58754.34,,,,,
C004,Monsoon Offers,01-08-2026,Instagram,CUST00816,35-44,Female,2954,111,15,2,800,2997.09,,,,,
C006,Weekend Flash Sale,21-08-2026,Instagram,CUST02351,35-44,Male,3355,137,18,1,800,2095.27,,,,,
C005,Back to College,20-01-2026,YouTube,CUST01446,35-44,Female,8701,282,32,1,1415.91,1911.87,,,,,
C008,Year End Clearance,09-08-2026,Email,CUST00847,25-34,Female,12406,707,215,50,800,143424.1,,,,,
C004,Monsoon Offers,22-03-2026,YouTube,CUST02484,18-24,Female,13706,337,28,5,3001.01,5011.77,,,,,
C006,Weekend Flash Sale,13-08-2026,Facebook,CUST00080,18-24,Female,16438,432,57,3,1856,7587.4,,,,,
C003,New Product Launch,31-07-2026,Instagram,CUST00327,25-34,Male,11617,425,62,8,2047.22,12771.62,,,,,
C006,Weekend Flash Sale,19-02-2026,Email,CUST02447,25-34,Female,8298,622,186,47,800,83826.7,,,,,
C003,New Product Launch,27-03-2026,Email,CUST00366,25-34,Male,7589,486,139,29,800,50361.24,,,,,
C008,Year End Clearance,22-01-2026,Google Ads,CUST00253,45-54,Other,4350,193,33,8,1070.07,13631.57,,,,,
C003,New Product Launch,21-04-2026,Instagram,CUST02287,18-24,Male,9951,403,65,4,1396.36,6997.31,,,,,
C005,Back to College,24-01-2026,Instagram,CUST02279,25-34,Male,7729,230,31,3,944.91,7106.3,,,,,
C001,Summer Sale,11-05-2026,Google Ads,CUST02202,18-24,Female,19053,903,208,43,4739.99,100326.19,,,,,
C008,Year End Clearance,31-08-2026,Instagram,CUST01466,45-54,Male,8626,213,33,3,1441.99,6524.43,,,,,
C006,Weekend Flash Sale,17-07-2026,Email,CUST00048,18-24,Female,14916,863,278,70,977.09,175251.13,,,,,
C008,Year End Clearance,06-02-2026,Google Ads,CUST00042,25-34,Male,3344,162,45,8,800,13067.84,,,,,
C007,Diwali Mega Sale,27-04-2026,Facebook,CUST00164,18-24,Female,15904,518,71,13,1826.76,27751.47,,,,,
C002,Festive Bonanza,13-07-2026,YouTube,CUST01139,45-54,Male,16474,405,47,6,3512.6,11531.08,,,,,
C004,Monsoon Offers,02-03-2026,Email,CUST00091,25-34,Female,4739,246,77,14,800,32336.58,,,,,
C002,Festive Bonanza,19-03-2026,Google Ads,CUST00138,18-24,Male,23186,578,138,28,6130.91,80116.17,,,,,
C002,Festive Bonanza,01-05-2026,Email,CUST02105,25-34,Female,17046,1109,363,101,1043.22,314316.9,,,,,
C007,Diwali Mega Sale,08-03-2026,YouTube,CUST01819,18-24,Male,13593,310,34,3,3024.83,6615.24,,,,,
C006,Weekend Flash Sale,03-04-2026,Facebook,CUST00266,45-54,Female,23644,789,108,7,2397.75,11469.25,,,,,
C008,Year End Clearance,02-03-2026,Google Ads,CUST01943,25-34,Female,25780,1379,271,44,5825.83,117507.12,,,,,
C005,Back to College,09-08-2026,Email,CUST00264,35-44,Male,14734,1072,327,71,817.98,230778.55,,,,,
C001,Summer Sale,15-02-2026,Instagram,CUST00856,25-34,Male,6763,211,42,4,1129.78,9310.81,,,,,
C004,Monsoon Offers,19-08-2026,Facebook,CUST02318,25-34,Female,9289,257,41,6,1243.59,4131.2,,,,,
C004,Monsoon Offers,02-02-2026,YouTube,CUST01965,35-44,Male,4547,108,8,0,867.39,0,,,,,
C004,Monsoon Offers,14-01-2026,Facebook,CUST02027,25-34,Male,18093,551,94,5,2431.85,11302.89,,,,,
C008,Year End Clearance,09-05-2026,Instagram,CUST00109,18-24,Male,7839,284,42,4,1249.12,9916.02,,,,,
C008,Year End Clearance,12-06-2026,YouTube,CUST02460,25-34,Female,6783,134,14,0,928.27,0,,,,,
C003,New Product Launch,25-04-2026,Instagram,CUST01205,45-54,Male,9214,311,51,7,1426.52,16182.49,,,,,
C003,New Product Launch,25-02-2026,YouTube,CUST00017,18-24,Other,7012,148,13,1,1077.73,1932.19,,,,,
C002,Festive Bonanza,25-01-2026,Email,CUST02329,35-44,Other,11834,645,193,49,800,145585.05,,,,,
C008,Year End Clearance,23-01-2026,Email,CUST02006,18-24,Male,8406,763,242,53,800,199541.77,,,,,
C005,Back to College,09-03-2026,Email,CUST02013,25-34,Unknown,7943,529,153,42,800,92520.8,,,,,
C008,Year End Clearance,15-06-2026,Instagram,CUST01928,35-44,Female,6570,170,22,4,1135.57,8665.75,,,,,
C005,Back to College,11-07-2026,Instagram,CUST02393,25-34,Male,17313,658,111,8,2155.35,14570.47,,,,,
C005,Back to College,03-01-2026,Email,CUST01608,45-54,Female,11191,1071,302,61,800,147245.41,,,,,
C008,Year End Clearance,16-01-2026,YouTube,CUST01312,25-34,Female,11388,222,30,4,1953.22,5584.63,,,,,
C007,Diwali Mega Sale,17-01-2026,Email,CUST00260,18-24,Female,6422,480,127,33,800,81277.48,,,,,
C002,Festive Bonanza,25-07-2026,Facebook,CUST01690,25-34,Male,9176,287,29,3,1319.83,5803.95,,,,,
C006,Weekend Flash Sale,24-03-2026,Email,CUST02246,25-34,Female,12872,698,191,45,800,156463.3,,,,,
C002,Festive Bonanza,21-02-2026,YouTube,CUST01276,18-24,Male,4979,86,14,4,848.52,7890.83,,,,,
C006,Weekend Flash Sale,28-04-2026,Email,CUST01510,55+,Male,12543,809,255,69,800,248916.32,,,,,
C003,New Product Launch,05-03-2026,Instagram,CUST00766,45-54,Male,19183,604,102,17,3441.91,21667.66,,,,,
C004,Monsoon Offers,12-04-2026,Google Ads,CUST01946,25-34,Male,5777,231,31,3,1224.85,3608.88,,,,,
C007,Diwali Mega Sale,01-02-2026,Google Ads,CUST02126,55+,Female,4523,183,44,10,1236.03,27354.7,,,,,
C008,Year End Clearance,29-03-2026,YouTube,CUST02155,25-34,Male,6599,163,17,5,990.76,11126.82,,,,,
C008,Year End Clearance,13-07-2026,Facebook,CUST00962,35-44,Female,5054,183,14,1,800,1811.52,,,,,
C008,Year End Clearance,02-02-2026,Email,CUST00021,35-44,Male,3753,221,58,9,800,24967.39,,,,,
C007,Diwali Mega Sale,18-05-2026,Email,CUST01161,25-34,Female,6675,427,139,20,800,57655.07,,,,,
C007,Diwali Mega Sale,01-02-2026,YouTube,CUST01005,18-24,Female,6642,163,18,2,1456.01,3995.23,,,,,
C004,Monsoon Offers,05-08-2026,Google Ads,CUST02073,35-44,Female,10459,464,96,18,2586.95,33902.2,,,,,
C007,Diwali Mega Sale,04-08-2026,Facebook,CUST01892,18-24,Male,14602,347,49,5,1770.79,16336.76,,,,,
C008,Year End Clearance,26-07-2026,Instagram,CUST02027,35-44,Male,7826,222,42,6,1382.1,15838.27,,,,,
C007,Diwali Mega Sale,08-02-2026,Instagram,CUST01932,25-34,Female,6971,264,43,8,1268.75,20630.43,,,,,
C003,New Product Launch,15-08-2026,Email,CUST02153,45-54,Female,15889,1035,313,73,811.91,202553.08,,,,,
C007,Diwali Mega Sale,10-08-2026,Google Ads,CUST02392,18-24,Male,15238,411,91,14,3386.42,30288.37,,,,,
C004,Monsoon Offers,07-03-2026,Google Ads,CUST00077,45-54,Female,11759,562,120,26,2892.84,42645.51,,,,,
C006,Weekend Flash Sale,03-07-2026,Email,CUST02265,18-24,Male,9045,419,127,23,800,49334.36,,,,,
C003,New Product Launch,08-01-2026,Instagram,CUST02474,25-34,Male,7600,241,39,1,979.55,1927.09,,,,,
C005,Back to College,06-03-2026,Google Ads,CUST02374,35-44,Female,3280,129,24,5,917.09,7069.07,,,,,
C004,Monsoon Offers,02-01-2026,Email,CUST00153,25-34,Female,20730,1541,443,67,862.36,131112.85,,,,,
C004,Monsoon Offers,31-07-2026,YouTube,CUST02415,35-44,Female,10319,307,42,4,1453.23,5803.77,,,,,
C002,Festive Bonanza,18-05-2026,Google Ads,CUST00921,25-34,Female,13340,733,139,30,2816.95,78513.2,,,,,
C001,Summer Sale,10-07-2026,Google Ads,CUST02473,25-34,Female,6096,293,69,13,1309.3,25588.15,,,,,
C005,Back to College,13-05-2026,Instagram,CUST00844,35-44,Female,11879,302,44,3,1457.89,5593.99,,,,,
C004,Monsoon Offers,08-01-2026,YouTube,CUST00499,35-44,Female,8984,212,34,2,1581.98,2416.42,,,,,
C005,Back to College,07-06-2026,Google Ads,CUST00161,25-34,Male,8202,356,85,13,2344.55,26959.71,,,,,
C008,Year End Clearance,05-06-2026,YouTube,CUST00313,18-24,Male,11522,250,23,5,1952.85,7898.12,,,,,
C007,Diwali Mega Sale,27-07-2026,Facebook,CUST01860,18-24,Male,11329,408,57,16,1154.1,37525.38,,,,,
C002,Festive Bonanza,13-05-2026,Instagram,CUST01980,25-34,Female,6044,231,34,3,863.51,7836.51,,,,,
C006,Weekend Flash Sale,27-06-2026,YouTube,CUST00680,45-54,Female,13626,300,37,4,2312.99,7877.08,,,,,
C004,Monsoon Offers,28-05-2026,Google Ads,CUST01123,45-54,Female,11717,597,124,22,2035.49,31729.18,,,,,
C006,Weekend Flash Sale,21-03-2026,Facebook,CUST01044,45-54,Female,18373,520,80,12,3061.29,21317.87,,,,,
C001,Summer Sale,26-06-2026,Google Ads,CUST02240,25-34,Female,8650,498,106,21,1881.75,44990.25,,,,,
C007,Diwali Mega Sale,01-01-2026,Facebook,CUST00038,18-24,Female,20588,492,80,13,3202.02,26910.97,,,,,
C006,Weekend Flash Sale,13-02-2026,Instagram,CUST00281,45-54,Female,14828,408,62,8,2407.6,13047.95,,,,,
C004,Monsoon Offers,11-07-2026,Google Ads,CUST01531,25-34,Other,19800,551,116,24,5099.85,44246.49,,,,,
C008,Year End Clearance,09-03-2026,Google Ads,CUST01833,35-44,Male,7327,369,96,17,1988.82,58738.94,,,,,
C004,Monsoon Offers,11-07-2026,Email,CUST01976,25-34,Female,6435,492,143,23,800,49894.47,,,,,
C007,Diwali Mega Sale,15-05-2026,Email,CUST02149,45-54,Male,12867,562,177,53,818.46,184434.07,,,,,
C005,Back to College,18-01-2026,Instagram,CUST00814,45-54,Male,2934,58,6,1,800,2012.75,,,,,
C004,Monsoon Offers,24-08-2026,Instagram,CUST00456,18-24,Female,4074,133,21,2,800,2029.76,,,,,
C003,New Product Launch,22-01-2026,Google Ads,CUST01994,18-24,Male,14344,735,157,24,2576.38,68425.86,,,,,
C007,Diwali Mega Sale,31-07-2026,Email,CUST00806,18-24,Male,5738,393,116,28,800,77900.7,,,,,
C004,Monsoon Offers,10-04-2026,Google Ads,CUST00943,55+,Male,7256,356,68,6,2071.97,9239.8,,,,,
C007,Diwali Mega Sale,29-05-2026,YouTube,CUST00464,45-54,Male,6085,123,15,1,1107.09,2201.91,,,,,
C004,Monsoon Offers,29-07-2026,Google Ads,CUST01940,25-34,Female,11150,329,59,12,2007.44,19803.35,,,,,
C002,Festive Bonanza,05-03-2026,Email,CUST01888,35-44,Male,8315,592,152,30,800,65939.47,,,,,
C007,Diwali Mega Sale,15-03-2026,Email,CUST02254,25-34,Male,4340,287,94,24,800,73770.47,,,,,
C004,Monsoon Offers,22-04-2026,Instagram,CUST00426,35-44,Female,5653,151,15,1,800,1519.31,,,,,
C008,Year End Clearance,18-03-2026,Facebook,CUST02401,25-34,Female,4813,156,28,3,800,4459.22,,,,,
C006,Weekend Flash Sale,10-08-2026,Facebook,CUST01059,25-34,Female,10031,264,33,0,1489.32,0,,,,,
C003,New Product Launch,07-08-2026,Facebook,CUST01171,25-34,Male,9177,245,37,2,1324.26,3980.34,,,,,
C008,Year End Clearance,17-03-2026,Google Ads,CUST00844,25-34,Male,12687,664,141,21,3347.71,44799.36,,,,,
C005,Back to College,28-03-2026,YouTube,CUST01581,35-44,Male,14980,393,46,5,3228.06,12266.72,,,,,
C005,Back to College,05-04-2026,Email,CUST01211,55+,Female,7668,374,104,27,800,98361.21,,,,,
C006,Weekend Flash Sale,22-06-2026,Email,CUST00551,18-24,Female,2058,108,35,9,800,22475.74,,,,,
C001,Summer Sale,14-07-2026,Email,CUST00031,18-24,Other,6758,490,136,22,800,44497.44,,,,,
C007,Diwali Mega Sale,19-06-2026,Email,CUST00416,25-34,Male,4724,246,68,20,800,67189.48,,,,,
C005,Back to College,20-06-2026,Google Ads,CUST01314,25-34,Female,17702,746,156,32,4725.74,73630.82,,,,,
C002,Festive Bonanza,28-02-2026,YouTube,CUST01796,35-44,Female,22117,525,76,14,3020.65,22905.92,,,,,
C008,Year End Clearance,31-08-2026,Google Ads,CUST01550,45-54,Male,13691,497,109,22,2377.98,56617.83,,,,,
C006,Weekend Flash Sale,29-04-2026,Instagram,CUST01694,45-54,Male,11495,385,54,10,1517.06,24344.72,,,,,
C002,Festive Bonanza,21-03-2026,YouTube,CUST02175,55+,Female,15006,302,33,6,2857.87,11060.74,,,,,
C002,Festive Bonanza,28-02-2026,Facebook,CUST01658,35-44,Male,10901,274,31,4,1214.06,8789.66,,,,,
C008,Year End Clearance,03-04-2026,YouTube,CUST02467,35-44,Female,13522,297,39,4,2444.97,7255.94,,,,,
C003,New Product Launch,02-05-2026,Email,CUST00422,45-54,Female,8149,470,145,36,800,58136.93,,,,,
C006,Weekend Flash Sale,07-04-2026,Facebook,CUST01407,45-54,Female,10609,405,54,3,1508.66,6689.38,,,,,
C001,Summer Sale,30-05-2026,Instagram,CUST01415,25-34,Male,8524,311,49,7,990.77,15450.83,,,,,
C001,Summer Sale,12-02-2026,Instagram,CUST02018,25-34,Male,4489,128,18,1,800,1992.73,,,,,
C002,Festive Bonanza,20-04-2026,Facebook,CUST00316,25-34,Male,3599,86,7,1,800,1953.86,,,,,
C005,Back to College,28-04-2026,Instagram,CUST00461,35-44,Female,10808,340,67,8,1850.46,14313.4,,,,,
C007,Diwali Mega Sale,16-04-2026,YouTube,CUST00540,45-54,Male,6182,90,13,1,1115.81,2828.53,,,,,
C004,Monsoon Offers,13-06-2026,Google Ads,CUST01309,45-54,Male,5363,364,82,14,980.11,15836.64,,,,,
C002,Festive Bonanza,06-04-2026,Email,CUST00627,35-44,Other,4294,318,93,18,800,67738.52,,,,,
C008,Year End Clearance,01-08-2026,Email,CUST01831,25-34,Male,3993,322,103,24,800,51628.09,,,,,
C002,Festive Bonanza,11-04-2026,Instagram,CUST00347,35-44,Male,4529,138,16,0,800,0,,,,,
C007,Diwali Mega Sale,25-02-2026,Instagram,CUST01613,35-44,Male,11661,406,64,8,2021,15048.9,,,,,
C002,Festive Bonanza,26-01-2026,Instagram,CUST00165,25-34,Female,4689,159,20,3,804.81,6379.74,,,,,
C003,New Product Launch,08-06-2026,YouTube,CUST00471,25-34,Female,8573,178,22,3,1192.72,4667.99,,,,,
C007,Diwali Mega Sale,09-01-2026,Google Ads,CUST00655,18-24,Female,36764,1592,336,70,9391.18,186204.23,,,,,
C007,Diwali Mega Sale,18-01-2026,YouTube,CUST00353,25-34,Other,26514,621,74,7,3998.18,11431.41,,,,,
C003,New Product Launch,06-07-2026,Instagram,CUST00835,45-54,Female,14210,461,81,10,1898.57,21440.63,,,,,
C005,Back to College,27-03-2026,YouTube,CUST00041,25-34,Female,7046,140,14,1,1319.83,2639.21,,,,,
C001,Summer Sale,05-07-2026,Facebook,CUST01789,45-54,Other,10330,321,47,3,1667.61,5392.2,,,,,
C005,Back to College,24-01-2026,Google Ads,CUST01702,45-54,Male,12257,648,145,32,2197.11,58232.31,,,,,
C001,Summer Sale,24-05-2026,Google Ads,CUST00346,25-34,Male,19143,702,166,17,4478.09,41631.61,,,,,
C002,Festive Bonanza,26-08-2026,Instagram,CUST00299,35-44,Female,8110,250,46,8,990.83,19502.66,,,,,
C005,Back to College,10-06-2026,Instagram,CUST02276,18-24,Male,7119,239,48,6,1256.49,16184.06,,,,,
C004,Monsoon Offers,11-02-2026,YouTube,CUST01326,35-44,Male,7226,120,14,2,1048.74,2494.28,,,,,
C006,Weekend Flash Sale,11-08-2026,YouTube,CUST01141,25-34,Female,6224,154,14,2,1257.68,5253.2,,,,,
C004,Monsoon Offers,26-07-2026,Email,CUST01002,25-34,Male,6024,428,143,25,800,49772.64,,,,,
C006,Weekend Flash Sale,11-06-2026,Instagram,CUST00215,25-34,Female,22539,975,170,24,3039.38,50528.02,,,,,
C005,Back to College,03-01-2026,Facebook,CUST00912,18-24,Female,7222,173,26,2,800,3092.59,,,,,
C005,Back to College,08-01-2026,Facebook,CUST00555,25-34,Male,3873,138,21,2,800,2831.99,,,,,
C006,Weekend Flash Sale,16-04-2026,Facebook,CUST01585,25-34,Female,12259,323,41,3,1264.75,6190.92,,,,,
C007,Diwali Mega Sale,19-06-2026,YouTube,CUST00671,35-44,Male,5436,122,15,0,1005.6,0,,,,,
C007,Diwali Mega Sale,09-07-2026,YouTube,CUST00646,45-54,Male,13764,253,28,4,2140.81,6845.13,,,,,
C005,Back to College,22-03-2026,Email,CUST01815,18-24,Female,9444,644,199,47,800,106211.23,,,,,
C002,Festive Bonanza,03-08-2026,Google Ads,CUST00604,25-34,Male,8676,400,98,13,2472.58,28536.63,,,,,
C005,Back to College,15-08-2026,Instagram,CUST01599,55+,Female,19019,671,122,17,2200.13,36859.59,,,,,
C005,Back to College,21-06-2026,Email,CUST00739,25-34,Male,6115,461,148,32,800,74923.73,,,,,
C007,Diwali Mega Sale,17-02-2026,YouTube,CUST00387,25-34,Female,6346,96,7,2,1071.25,3837.21,,,,,
C005,Back to College,28-05-2026,Email,CUST00098,25-34,Male,11508,789,218,53,800,148702.86,,,,,
C007,Diwali Mega Sale,30-05-2026,Email,CUST01761,35-44,Male,4511,360,100,32,800,81779.11,,,,,
C007,Diwali Mega Sale,11-06-2026,YouTube,CUST00581,45-54,Male,8870,285,31,7,1938.39,20370.84,,,,,
C001,Summer Sale,19-02-2026,Google Ads,CUST00810,25-34,Male,4094,164,29,6,1139.92,13490.79,,,,,
C004,Monsoon Offers,01-01-2026,Facebook,CUST00164,25-34,Male,4377,145,18,4,800,5656.64,,,,,
C005,Back to College,26-04-2026,Instagram,CUST00807,45-54,Male,6377,267,43,13,814.1,24111.63,,,,,
C006,Weekend Flash Sale,10-04-2026,YouTube,CUST01689,25-34,Male,4587,118,9,1,800,1578.86,,,,,
C001,Summer Sale,22-02-2026,Google Ads,CUST01982,35-44,Female,4111,165,30,7,913.5,14161,,,,,
C005,Back to College,11-02-2026,Instagram,CUST00281,25-34,Male,13182,361,59,10,1821.94,17069.3,,,,,
C002,Festive Bonanza,02-02-2026,YouTube,CUST00302,25-34,Other,8439,195,25,3,1282.42,3941.2,,,,,
C002,Festive Bonanza,25-05-2026,Facebook,CUST02287,18-24,Male,6995,233,34,7,1037.33,19102.88,,,,,
C007,Diwali Mega Sale,30-08-2026,Google Ads,CUST00325,35-44,Female,3789,180,44,9,800,27216.23,,,,,
C002,Festive Bonanza,24-08-2026,Instagram,CUST01230,25-34,Male,5625,173,22,2,930.4,3588.56,,,,,
C002,Festive Bonanza,15-03-2026,Email,CUST02157,55+,Female,12312,751,214,56,800,145869.61,,,,,
C002,Festive Bonanza,31-07-2026,Instagram,CUST01431,35-44,Male,3433,100,22,3,800,9671.05,,,,,
C005,Back to College,04-03-2026,Google Ads,CUST01977,35-44,Male,22510,1007,216,36,6313.04,74257.75,,,,,
C003,New Product Launch,22-05-2026,Email,CUST02256,35-44,Male,18530,1261,367,88,875.69,278842.64,,,,,
C004,Monsoon Offers,17-03-2026,Google Ads,CUST01633,45-54,Female,4744,196,41,4,1033.02,9458.09,,,,,
C002,Festive Bonanza,27-03-2026,Email,CUST01362,18-24,Female,6937,475,143,34,800,73694.97,,,,,
C003,New Product Launch,14-03-2026,Facebook,CUST01406,25-34,Male,10514,251,26,4,1405.98,7703.85,,,,,
C001,Summer Sale,02-04-2026,Facebook,CUST01746,55+,Male,32612,877,118,8,3814.75,9306.79,,,,,
C003,New Product Launch,03-04-2026,Google Ads,CUST01420,35-44,Female,14988,521,114,17,3495.27,47535.95,,,,,
C003,New Product Launch,26-08-2026,Facebook,CUST02021,35-44,Male,11742,311,50,2,1467.72,3794.84,,,,,
C008,Year End Clearance,14-06-2026,Email,CUST00978,35-44,Male,11619,804,239,70,800,179452.38,,,,,
C002,Festive Bonanza,20-08-2026,YouTube,CUST02118,35-44,Female,5662,155,14,3,900.58,5657.84,,,,,
C003,New Product Launch,06-01-2026,Instagram,CUST01073,18-24,Male,7368,192,29,3,962.45,6173.46,,,,,
C004,Monsoon Offers,08-08-2026,Google Ads,CUST00457,55+,Female,13049,505,108,17,3751.09,33389.91,,,,,
C003,New Product Launch,21-07-2026,Facebook,CUST01263,18-24,Female,10026,293,42,4,1461.2,9446.46,,,,,
C004,Monsoon Offers,28-01-2026,Facebook,CUST00460,18-24,Female,20738,625,95,4,2571.33,8499.29,,,,,
C008,Year End Clearance,09-05-2026,Facebook,CUST00536,35-44,Male,19923,589,72,12,2554.45,21483.76,,,,,
C002,Festive Bonanza,20-07-2026,Google Ads,CUST00354,25-34,Female,8045,447,98,20,1419.83,67128.97,,,,,
C001,Summer Sale,13-08-2026,Email,CUST01618,25-34,Male,8097,576,167,28,800,76856.89,,,,,
C005,Back to College,01-03-2026,Google Ads,CUST00655,35-44,Male,13401,723,151,33,3043.43,68328.05,,,,,
C006,Weekend Flash Sale,09-08-2026,Email,CUST01949,45-54,Male,9820,644,188,50,800,171015.36,,,,,
C006,Weekend Flash Sale,19-04-2026,Google Ads,CUST00272,35-44,Female,18418,705,158,22,5106.39,45261.06,,,,,
C003,New Product Launch,07-07-2026,Google Ads,CUST00562,25-34,Male,15150,809,193,31,4046.8,58753.29,,,,,
C005,Back to College,28-05-2026,YouTube,CUST02046,25-34,Female,25068,450,55,7,3492.84,15221.75,,,,,
C005,Back to College,28-02-2026,Email,CUST00257,45-54,Female,7519,450,118,23,800,65172.94,,,,,
C007,Diwali Mega Sale,10-03-2026,Email,CUST00839,35-44,Female,8741,524,153,43,800,151328.35,,,,,
C002,Festive Bonanza,30-03-2026,Email,CUST00405,25-34,Female,20542,1209,395,95,975.94,286754.7,,,,,
C004,Monsoon Offers,21-05-2026,Google Ads,CUST01568,55+,Female,14587,681,126,18,3482.58,42426.32,,,,,
C008,Year End Clearance,22-01-2026,YouTube,CUST02074,45-54,Female,5354,75,5,1,1099.34,2030.95,,,,,
C001,Summer Sale,05-05-2026,Google Ads,CUST00905,18-24,Male,8519,271,58,7,2036.3,19406.15,,,,,
C006,Weekend Flash Sale,24-06-2026,Email,CUST02331,25-34,Male,3766,213,54,11,800,24311.46,,,,,
C004,Monsoon Offers,15-02-2026,YouTube,CUST00901,18-24,Male,17385,374,44,5,3229.89,10218.15,,,,,
C004,Monsoon Offers,18-08-2026,Google Ads,CUST02461,18-24,Male,5388,154,43,7,1353.1,8983.28,,,,,
C008,Year End Clearance,07-04-2026,Google Ads,CUST02306,25-34,Female,13198,354,78,19,2361.48,50929.83,,,,,
C004,Monsoon Offers,28-03-2026,Instagram,CUST00017,25-34,Female,9131,407,65,4,1166.49,8969.44,,,,,
C004,Monsoon Offers,09-02-2026,Google Ads,CUST01620,35-44,Male,14159,684,158,16,2770.2,31727.03,,,,,
C007,Diwali Mega Sale,04-05-2026,Instagram,CUST01523,25-34,Other,6322,182,25,3,1023.24,5148.93,,,,,
C002,Festive Bonanza,28-08-2026,Google Ads,CUST02334,35-44,Male,43875,1849,399,79,8546.21,204973.82,,,,,
C006,Weekend Flash Sale,02-03-2026,Email,CUST01278,25-34,Male,5028,359,93,21,800,55737.83,,,,,
C002,Festive Bonanza,30-05-2026,Facebook,CUST00004,45-54,Male,12219,295,49,10,1984.62,18565.35,,,,,
C005,Back to College,21-06-2026,YouTube,CUST00643,35-44,Other,7522,149,17,0,1120.96,0,,,,,
C003,New Product Launch,24-02-2026,Google Ads,CUST02035,25-34,Female,4669,280,50,11,895.71,28068.18,,,,,
C003,New Product Launch,08-01-2026,YouTube,CUST00794,25-34,Female,25413,632,95,8,4436.11,20181.78,,,,,
C003,New Product Launch,03-07-2026,YouTube,CUST00407,25-34,Other,11985,213,21,1,1840.56,1848.17,,,,,
C005,Back to College,27-03-2026,Google Ads,CUST00864,25-34,Male,8097,498,113,15,1876.57,28174.37,,,,,
C003,New Product Launch,12-02-2026,Google Ads,CUST02074,45-54,Male,5652,232,48,7,1505.12,20607.85,,,,,
C003,New Product Launch,08-06-2026,Email,CUST01759,25-34,Male,7625,523,156,35,800,65819.47,,,,,
C001,Summer Sale,23-05-2026,YouTube,CUST02370,18-24,Female,13651,355,37,6,2729.62,7877.72,,,,,
C001,Summer Sale,25-04-2026,Facebook,CUST00942,18-24,Male,7813,216,23,0,841.38,0,,,,,
C002,Festive Bonanza,12-08-2026,Instagram,CUST02206,35-44,Male,12332,499,76,8,1906.41,18211.44,,,,,
C001,Summer Sale,27-05-2026,YouTube,CUST01310,18-24,Male,29996,583,58,8,6240.88,12304.26,,,,,
C005,Back to College,08-04-2026,Email,CUST01088,35-44,Male,4469,271,89,24,800,86114.08,,,,,
C008,Year End Clearance,16-02-2026,Google Ads,CUST01240,25-34,Male,11806,617,121,21,3175.45,53616.63,,,,,
C004,Monsoon Offers,21-01-2026,Google Ads,CUST00194,45-54,Male,8133,388,84,11,1940.05,17961.15,,,,,
C008,Year End Clearance,01-05-2026,Instagram,CUST00943,25-34,Female,8163,268,52,4,1199.37,7515.83,,,,,
C007,Diwali Mega Sale,26-03-2026,Facebook,CUST00407,Unknown,Female,8924,300,45,6,1107.67,16689.68,,,,,
C008,Year End Clearance,29-05-2026,Google Ads,CUST02054,18-24,Female,5751,404,86,10,1269.19,18062.71,,,,,
C004,Monsoon Offers,07-07-2026,Email,CUST01889,45-54,Female,8480,622,188,31,800,61070.74,,,,,
C004,Monsoon Offers,10-03-2026,YouTube,CUST00360,35-44,Male,18772,608,64,2,2721.86,3345.93,,,,,
C003,New Product Launch,09-05-2026,Facebook,CUST01450,18-24,Male,20827,662,92,11,2590.25,17127.28,,,,,
C001,Summer Sale,21-06-2026,Instagram,CUST00154,18-24,Female,6672,141,19,1,923.37,1851.58,,,,,
C006,Weekend Flash Sale,22-08-2026,Email,CUST01846,18-24,Male,8914,617,183,42,800,107396.31,,,,,
C008,Year End Clearance,22-03-2026,YouTube,CUST02366,45-54,Male,8289,241,25,4,1433.05,6255.47,,,,,
C002,Festive Bonanza,08-03-2026,Instagram,CUST01410,35-44,Female,17327,622,96,16,2877.75,39388.27,,,,,
C007,Diwali Mega Sale,13-02-2026,YouTube,CUST01118,25-34,Female,8382,161,22,1,1430.86,1952.32,,,,,
C007,Diwali Mega Sale,16-01-2026,YouTube,CUST01556,45-54,Female,6770,193,28,3,1284.6,6273.96,,,,,
C004,Monsoon Offers,18-04-2026,YouTube,CUST00821,18-24,Female,9974,147,22,0,1761.57,0,,,,,
C007,Diwali Mega Sale,28-01-2026,YouTube,CUST02268,18-24,Male,8725,179,32,3,1621.92,4879.5,,,,,
C005,Back to College,31-01-2026,Email,CUST02439,18-24,Female,8215,447,121,26,800,74434.62,,,,,
C008,Year End Clearance,08-04-2026,Google Ads,CUST02279,25-34,Male,5952,218,52,5,1429.36,11973.92,,,,,
C002,Festive Bonanza,28-02-2026,Facebook,CUST01655,35-44,Female,4450,125,16,2,800,5321.47,,,,,
C002,Festive Bonanza,04-07-2026,Email,CUST01863,45-54,Female,6085,398,117,34,800,80642.2,,,,,
C002,Festive Bonanza,31-08-2026,Google Ads,CUST01208,18-24,Female,7003,184,44,7,1452.85,16353.55,,,,,
C001,Summer Sale,19-06-2026,YouTube,CUST01863,35-44,Female,12086,313,33,4,2289.64,9303.01,,,,,
C006,Weekend Flash Sale,08-06-2026,Google Ads,CUST01155,25-34,Female,16280,732,175,36,4666.35,77509.56,,,,,
C003,New Product Launch,31-03-2026,Email,CUST01172,35-44,Female,38898,2893,895,194,2105.62,442472.2,,,,,
C001,Summer Sale,11-05-2026,Facebook,CUST01383,55+,Male,14834,378,57,5,2060.4,12195.58,,,,,
C005,Back to College,22-03-2026,Email,CUST01961,35-44,Female,5707,449,148,23,800,58278.09,,,,,
C004,Monsoon Offers,23-06-2026,Google Ads,CUST01602,35-44,Female,13853,600,119,13,2668.12,26013.13,,,,,
C007,Diwali Mega Sale,13-02-2026,Facebook,CUST00504,35-44,Female,5751,130,21,2,951.85,5833.28,,,,,
C008,Year End Clearance,16-05-2026,Instagram,CUST00209,25-34,Male,8086,215,26,5,918.38,15122.8,,,,,
C003,New Product Launch,25-04-2026,Google Ads,CUST00302,18-24,Male,22845,1066,227,35,5636.1,78445.33,,,,,
C006,Weekend Flash Sale,08-07-2026,Email,CUST01476,35-44,Female,5398,367,114,27,800,105477.41,,,,,
C004,Monsoon Offers,16-01-2026,Instagram,CUST00499,25-34,Female,24001,704,120,17,3588.59,28512.84,,,,,
C004,Monsoon Offers,08-01-2026,Google Ads,CUST00784,35-44,Female,7735,395,92,14,1900.51,35552.25,,,,,
C004,Monsoon Offers,19-02-2026,Facebook,CUST01890,18-24,Female,14704,501,71,11,2361.74,20949.19,,,,,
C006,Weekend Flash Sale,28-05-2026,Email,CUST00882,18-24,Female,8755,500,155,27,800,73400.18,,,,,
C008,Year End Clearance,19-01-2026,Email,CUST02232,25-34,Female,3987,172,57,9,800,21265.28,,,,,
C003,New Product Launch,28-04-2026,Email,CUST00099,18-24,Male,19557,1403,419,103,819.22,231269.66,,,,,
C001,Summer Sale,29-01-2026,Google Ads,CUST00368,25-34,Female,3742,197,48,9,800,20188.05,,,,,
C002,Festive Bonanza,17-04-2026,Facebook,CUST02447,25-34,Male,7339,109,14,1,1044.82,1312.59,,,,,
C003,New Product Launch,20-02-2026,Facebook,CUST01640,25-34,Male,12838,366,47,8,2146,12935.95,,,,,
C007,Diwali Mega Sale,05-04-2026,YouTube,CUST02457,18-24,Male,5169,154,15,2,800,4344.8,,,,,
C006,Weekend Flash Sale,01-08-2026,Google Ads,CUST00459,35-44,Female,5678,294,75,10,1193.75,15799.06,,,,,
C006,Weekend Flash Sale,02-06-2026,Google Ads,CUST00667,45-54,Female,15384,631,136,21,3639.19,60915.62,,,,,
C004,Monsoon Offers,08-06-2026,Facebook,CUST00879,25-34,Male,10789,245,37,4,1559.52,4663.26,,,,,
C004,Monsoon Offers,17-02-2026,Email,CUST02010,25-34,Female,23516,1514,444,81,1184.4,159013.43,,,,,
C007,Diwali Mega Sale,28-03-2026,Google Ads,CUST01519,25-34,Female,14471,604,126,26,2612.45,92579.87,,,,,
C008,Year End Clearance,01-04-2026,Instagram,CUST00265,25-34,Female,8942,226,43,7,1225.01,10771.24,,,,,
C003,New Product Launch,26-08-2026,Instagram,CUST02165,55+,Male,3160,134,23,2,800,5526.88,,,,,
C001,Summer Sale,13-05-2026,Google Ads,CUST01817,55+,Female,25204,1069,234,46,6251.01,100659.69,,,,,
C001,Summer Sale,09-04-2026,Facebook,CUST01036,35-44,Female,4972,129,21,2,825.71,3308.25,,,,,
C008,Year End Clearance,09-03-2026,Facebook,CUST01697,18-24,Female,8021,177,21,3,1187.93,3881.54,,,,,
C008,Year End Clearance,15-07-2026,Email,CUST00279,25-34,Male,17302,1298,368,88,1050.09,285224.89,,,,,
C008,Year End Clearance,27-06-2026,YouTube,CUST00591,55+,Male,17660,379,40,6,2484.25,9994.05,,,,,
C002,Festive Bonanza,07-05-2026,Email,CUST01994,35-44,Female,7340,530,153,41,800,132924.39,,,,,
C007,Diwali Mega Sale,15-04-2026,Google Ads,CUST02070,18-24,Female,9814,473,87,20,2096.49,65656.05,,,,,
C002,Festive Bonanza,07-02-2026,Instagram,CUST01487,Unknown,Male,16435,564,82,15,2687.79,51395.81,,,,,
C002,Festive Bonanza,08-07-2026,Instagram,CUST00658,18-24,Male,15268,668,114,23,2246,47678.62,,,,,
C003,New Product Launch,18-01-2026,Instagram,CUST01943,45-54,Female,7562,280,37,8,911.48,14679.55,,,,,
C008,Year End Clearance,04-07-2026,YouTube,CUST00678,18-24,Male,6537,124,18,3,1371.5,5375.16,,,,,
C006,Weekend Flash Sale,19-06-2026,Instagram,CUST01538,25-34,Male,2779,105,13,4,800,12198.92,,,,,
C008,Year End Clearance,17-05-2026,Facebook,CUST00004,45-54,Female,4388,122,14,0,800,0,,,,,
C005,Back to College,19-06-2026,Instagram,CUST02492,18-24,Male,16713,657,110,18,2746.76,41581.3,,,,,
C005,Back to College,11-02-2026,Facebook,CUST01159,35-44,Female,6014,160,24,0,800,0,,,,,
C005,Back to College,25-07-2026,Instagram,CUST02282,25-34,Male,9335,197,34,8,1747.21,21934.54,,,,,
C002,Festive Bonanza,03-04-2026,Facebook,CUST01296,55+,Female,9548,289,39,3,1128.25,8922.23,,,,,
C002,Festive Bonanza,25-05-2026,Google Ads,CUST02451,25-34,Male,6190,183,38,4,1574.64,8122.93,,,,,
C008,Year End Clearance,05-08-2026,Instagram,CUST01114,25-34,Male,14292,519,90,12,2176.99,16628.73,,,,,
C008,Year End Clearance,14-05-2026,Google Ads,CUST01355,45-54,Male,3346,176,38,3,886.36,8031.5,,,,,
C002,Festive Bonanza,20-05-2026,Google Ads,CUST02306,18-24,Female,13047,396,83,11,3260.4,34750.27,,,,,
C002,Festive Bonanza,12-03-2026,Email,CUST02381,25-34,Female,13235,620,181,43,800,113749.41,,,,,
C001,Summer Sale,10-08-2026,Email,CUST00491,25-34,Female,5594,331,106,22,800,50709.36,,,,,
C003,New Product Launch,03-02-2026,Facebook,CUST02184,55+,Male,5080,144,15,2,843.83,4284.84,,,,,
C001,Summer Sale,29-06-2026,Google Ads,CUST01316,35-44,Female,14877,650,140,17,2666.68,38442.47,,,,,
C003,New Product Launch,26-05-2026,Instagram,CUST00287,25-34,Female,38215,1502,252,29,7118.34,65704.81,,,,,
C007,Diwali Mega Sale,15-01-2026,Instagram,CUST00609,18-24,Female,15202,604,81,12,2711.1,26922.49,,,,,
C005,Back to College,13-05-2026,Facebook,CUST01553,35-44,Female,11589,311,49,8,1282.71,16932.55,,,,,
C003,New Product Launch,13-04-2026,Email,CUST00435,18-24,Female,10921,751,249,63,800,176322.03,,,,,
C001,Summer Sale,23-03-2026,YouTube,CUST02480,55+,Male,7990,189,23,1,1408.93,1328.34,,,,,
C004,Monsoon Offers,21-02-2026,Facebook,CUST02314,25-34,Male,5993,230,28,2,988.5,2656.51,,,,,
C002,Festive Bonanza,24-05-2026,Facebook,CUST01415,25-34,Female,9600,267,28,5,1057.4,7584.68,,,,,
C002,Festive Bonanza,02-05-2026,Email,CUST01316,25-34,Female,6601,418,125,25,800,65533.61,,,,,
C002,Festive Bonanza,29-06-2026,Email,CUST00181,25-34,Male,5316,263,69,11,800,26148.73,,,,,
C003,New Product Launch,11-08-2026,Instagram,CUST00182,25-34,Male,7344,223,42,4,1248.42,9772.09,,,,,
C005,Back to College,20-07-2026,Instagram,CUST01392,35-44,Female,6557,158,30,2,1137.61,4456.44,,,,,
C002,Festive Bonanza,27-02-2026,Google Ads,CUST00693,25-34,Female,3541,202,46,7,1009.04,18937.68,,,,,
C002,Festive Bonanza,17-01-2026,Google Ads,CUST00100,35-44,Male,18566,646,141,22,3624.37,48383.67,,,,,
C002,Festive Bonanza,28-03-2026,Google Ads,CUST01753,35-44,Male,20982,1024,212,45,3856.42,104083.29,,,,,
C008,Year End Clearance,01-06-2026,Instagram,CUST01607,55+,Male,13570,552,96,14,2241.93,26575.11,,,,,
C007,Diwali Mega Sale,14-07-2026,Email,CUST00897,25-34,Male,2451,137,35,10,800,28695.19,,,,,
C005,Back to College,13-04-2026,Email,CUST00358,25-34,Female,4241,354,126,31,800,80859.94,,,,,
C008,Year End Clearance,06-04-2026,YouTube,CUST00266,55+,Male,4228,74,8,0,800,0,,,,,
C004,Monsoon Offers,13-03-2026,Instagram,CUST01821,35-44,Male,16406,359,50,5,2923.72,10859.77,,,,,
C004,Monsoon Offers,11-05-2026,Facebook,CUST00201,55+,Male,3928,155,27,2,800,3889.75,,,,,
C004,Monsoon Offers,25-02-2026,Instagram,CUST01604,35-44,Male,13125,464,73,10,1641.55,23576.96,,,,,
C007,Diwali Mega Sale,01-01-2026,Instagram,CUST00082,18-24,Male,11576,342,49,6,1556.04,11812.96,,,,,
C007,Diwali Mega Sale,06-05-2026,Email,CUST00800,25-34,Female,4088,295,81,13,800,37666.4,,,,,
C001,Summer Sale,18-04-2026,Facebook,CUST02108,25-34,Male,8847,264,37,5,1104.38,9258.81,,,,,
C006,Weekend Flash Sale,17-05-2026,Google Ads,CUST00232,18-24,Female,10176,588,148,23,2228.09,55274.81,,,,,
C006,Weekend Flash Sale,15-08-2026,Instagram,CUST02480,18-24,Male,12991,465,81,8,1720.01,15512.72,,,,,
C001,Summer Sale,04-07-2026,Google Ads,CUST01593,35-44,Male,8022,377,77,18,1473.19,36904.97,,,,,
C001,Summer Sale,20-05-2026,Email,CUST01745,25-34,Female,4262,346,117,18,800,36124.88,,,,,
C006,Weekend Flash Sale,22-02-2026,Facebook,CUST00150,25-34,Female,7478,157,24,2,851.28,3877.19,,,,,
C005,Back to College,05-02-2026,Google Ads,CUST00239,25-34,Female,28248,1604,382,72,5508.26,181669.69,,,,,
C003,New Product Launch,02-04-2026,Email,CUST00442,55+,Female,1937,111,39,6,800,19137.79,,,,,
C006,Weekend Flash Sale,18-06-2026,Email,CUST00030,55+,Male,6981,524,152,36,800,118235.2,,,,,
C001,Summer Sale,01-05-2026,Instagram,CUST01608,25-34,Male,20649,738,120,7,3648.41,12464.99,,,,,
C007,Diwali Mega Sale,12-02-2026,Instagram,CUST01112,35-44,Male,10437,377,53,14,1729,43686.87,,,,,
C007,Diwali Mega Sale,02-04-2026,Facebook,CUST00031,45-54,Male,11046,236,37,5,1141.44,10261.23,,,,,
C001,Summer Sale,06-05-2026,Google Ads,CUST00981,25-34,Male,10011,446,101,15,1836.06,34177.43,,,,,
C001,Summer Sale,22-03-2026,Facebook,CUST02216,25-34,Female,5988,130,21,2,872.98,2888.13,,,,,
C004,Monsoon Offers,12-05-2026,Email,CUST02047,25-34,Male,17469,1077,338,61,1024.19,136437.38,,,,,
C006,Weekend Flash Sale,12-04-2026,YouTube,CUST02335,25-34,Female,10098,273,36,5,1828.84,11476.18,,,,,
C001,Summer Sale,17-06-2026,Google Ads,CUST00335,35-44,Female,24143,852,173,27,5860.8,33844.98,,,,,
C006,Weekend Flash Sale,21-03-2026,Instagram,CUST01805,55+,Female,19774,586,80,11,2543.05,17495.13,,,,,
C005,Back to College,01-04-2026,Facebook,CUST00973,25-34,Male,9849,315,47,5,1309.67,8870.6,,,,,
C002,Festive Bonanza,23-05-2026,Google Ads,CUST02125,25-34,Female,13723,631,149,30,3061.92,86209.38,,,,,
C007,Diwali Mega Sale,14-07-2026,Facebook,CUST00130,45-54,Male,14275,474,65,7,1730.88,12258.37,,,,,
C001,Summer Sale,22-01-2026,Facebook,CUST00631,25-34,Male,15862,555,67,7,1994.06,14760.63,,,,,
C004,Monsoon Offers,19-06-2026,Google Ads,CUST00526,18-24,Female,12711,554,118,14,2481.37,29736.82,,,,,
C006,Weekend Flash Sale,20-05-2026,YouTube,CUST01224,18-24,Female,7491,188,21,1,1352.55,2945.47,,,,,
C001,Summer Sale,02-01-2026,Facebook,CUST01924,45-54,Male,4404,172,19,1,800,1452.24,,,,,
C006,Weekend Flash Sale,11-01-2026,Google Ads,CUST00235,35-44,Male,9769,643,150,31,2590.85,74045.38,,,,,
C004,Monsoon Offers,11-08-2026,YouTube,CUST01043,25-34,Male,3805,57,5,0,800,0,,,,,
C008,Year End Clearance,16-05-2026,Facebook,CUST01059,35-44,Female,12300,352,31,8,1405.57,10267.31,,,,,
C001,Summer Sale,14-08-2026,Facebook,CUST00118,45-54,Male,9714,267,37,4,1556.48,8095.99,,,,,
C003,New Product Launch,21-04-2026,YouTube,CUST01603,35-44,Female,9451,181,14,1,1937.9,2086.33,,,,,
C001,Summer Sale,11-06-2026,Google Ads,CUST01888,45-54,Female,7481,351,71,12,1508.77,34620.93,,,,,
C001,Summer Sale,30-04-2026,Google Ads,CUST01952,35-44,Female,17293,651,155,21,3173.62,39907.95,,,,,
C004,Monsoon Offers,01-01-2026,Facebook,CUST01441,55+,Male,8155,231,36,2,1133.63,3380.37,,,,,
C003,New Product Launch,15-02-2026,Instagram,CUST00475,25-34,Male,8928,237,39,0,1585.23,0,,,,,
C002,Festive Bonanza,03-03-2026,Facebook,CUST00661,35-44,Male,30418,802,116,13,3166.51,23625.6,,,,,
C001,Summer Sale,14-05-2026,Instagram,CUST00545,18-24,Male,8372,297,47,10,997.59,17678.35,,,,,
C002,Festive Bonanza,16-08-2026,Facebook,CUST00665,45-54,Female,15002,408,53,4,2088.83,7520.25,,,,,
C003,New Product Launch,20-02-2026,Facebook,CUST02358,18-24,Male,11717,290,33,5,1552.3,9936.93,,,,,
C003,New Product Launch,14-03-2026,Instagram,CUST02015,25-34,Male,12391,414,70,10,1761.91,12763.38,,,,,
C008,Year End Clearance,03-08-2026,Email,CUST00307,25-34,Male,20948,1280,369,81,1184.72,175080.51,,,,,
C005,Back to College,10-04-2026,Google Ads,CUST02345,45-54,Female,3651,165,37,5,800,13757.57,,,,,
C001,Summer Sale,25-04-2026,Instagram,CUST01017,25-34,Female,7817,328,44,3,1402.43,4566.24,,,,,
C002,Festive Bonanza,28-06-2026,Instagram,CUST01854,18-24,Female,13253,515,89,16,2123.05,31711,,,,,
C006,Weekend Flash Sale,02-02-2026,Email,CUST01365,45-54,Male,16335,1139,369,74,800,278463.33,,,,,
C007,Diwali Mega Sale,13-07-2026,Instagram,CUST01273,25-34,Female,27375,936,144,28,3247.41,59355.37,,,,,
C001,Summer Sale,27-01-2026,YouTube,CUST01314,45-54,Male,7284,196,17,1,1102.36,1699.29,,,,,
C006,Weekend Flash Sale,05-08-2026,Instagram,CUST01334,45-54,Female,7648,222,34,3,1332.36,4506.62,,,,,
C006,Weekend Flash Sale,07-01-2026,YouTube,CUST01076,18-24,Male,13693,222,25,3,1886.49,8777.08,,,,,
C006,Weekend Flash Sale,05-04-2026,YouTube,CUST00504,55+,Male,9132,174,22,1,1735.18,2359.36,,,,,
C004,Monsoon Offers,22-02-2026,Email,CUST01995,18-24,Male,3807,259,59,9,800,22924.21,,,,,
C005,Back to College,17-03-2026,YouTube,CUST02090,35-44,Male,26799,529,64,4,4298.64,7243.67,,,,,
C006,Weekend Flash Sale,07-07-2026,Facebook,CUST01274,35-44,Female,7034,246,43,6,859.34,12796.42,,,,,
C008,Year End Clearance,20-08-2026,Instagram,CUST00794,25-34,Male,7866,242,35,8,1160.53,14580.64,,,,,
C002,Festive Bonanza,06-03-2026,Facebook,CUST02279,18-24,Female,9371,300,42,5,1036.43,11708.69,,,,,
C008,Year End Clearance,11-01-2026,Email,CUST01739,18-24,Female,10442,716,230,51,800,139775.89,,,,,
C001,Summer Sale,27-03-2026,Instagram,CUST01169,35-44,Male,5648,161,27,3,800,4849.81,,,,,
C004,Monsoon Offers,19-06-2026,Email,CUST01845,25-34,Male,14924,838,252,47,800,92659.56,,,,,
C006,Weekend Flash Sale,27-07-2026,Google Ads,CUST00808,25-34,Male,13134,529,132,27,2694.58,69885.67,,,,,
C008,Year End Clearance,07-02-2026,Facebook,CUST02264,25-34,Male,3993,113,15,4,800,4359.69,,,,,
C003,New Product Launch,11-08-2026,YouTube,CUST02108,25-34,Female,18973,461,64,7,3305.5,11533.69,,,,,
C004,Monsoon Offers,05-07-2026,Instagram,CUST02046,18-24,Female,17367,501,101,6,3247.79,9489.01,,,,,
C006,Weekend Flash Sale,03-05-2026,YouTube,CUST01118,35-44,Male,27548,492,67,4,4370.8,7416.95,,,,,
C006,Weekend Flash Sale,26-07-2026,Facebook,CUST00798,25-34,Female,7498,253,39,6,1056.78,17515.6,,,,,
C004,Monsoon Offers,12-06-2026,YouTube,CUST00764,55+,Male,32452,787,107,15,4733.48,25779.65,,,,,
C006,Weekend Flash Sale,02-01-2026,Google Ads,CUST01924,18-24,Female,7888,403,72,14,1866.03,16324.2,,,,,
C002,Festive Bonanza,31-05-2026,Facebook,CUST01540,25-34,Female,3262,93,8,0,800,0,,,,,
C007,Diwali Mega Sale,19-01-2026,Facebook,CUST01231,25-34,Female,6493,197,29,4,882.99,10976.56,,,,,
C001,Summer Sale,10-01-2026,Instagram,CUST00903,45-54,Male,15283,732,109,15,2090.34,35923.41,,,,,
C005,Back to College,11-03-2026,YouTube,CUST01581,25-34,Female,8814,196,18,3,1946.15,5758.4,,,,,
C002,Festive Bonanza,15-01-2026,Google Ads,CUST00888,55+,Female,13959,612,135,26,2963.15,50435.98,,,,,
C004,Monsoon Offers,09-03-2026,Instagram,CUST01853,55+,Female,15177,605,83,8,1927.94,18851.93,,,,,
C004,Monsoon Offers,01-04-2026,YouTube,CUST00944,45-54,Male,9900,248,26,1,1587.72,1797.03,,,,,
C003,New Product Launch,16-03-2026,YouTube,CUST02176,45-54,Female,23467,641,90,2,3594.06,4014.28,,,,,
C005,Back to College,01-03-2026,Instagram,CUST00678,25-34,Male,4793,124,16,3,800,6539.41,,,,,
C001,Summer Sale,20-07-2026,Email,CUST01587,35-44,Female,4535,269,74,18,800,27620.58,,,,,
C004,Monsoon Offers,30-05-2026,Email,CUST01775,35-44,Female,5414,383,93,12,800,18735.77,,,,,
C004,Monsoon Offers,02-03-2026,Google Ads,CUST00563,35-44,Other,13949,627,131,23,3177.85,41269.24,,,,,
C003,New Product Launch,13-03-2026,Instagram,CUST00542,35-44,Female,6432,170,39,5,1150.29,9877.37,,,,,
C003,New Product Launch,05-08-2026,Email,CUST00876,18-24,Male,13906,1023,318,81,800,223498.7,,,,,
C006,Weekend Flash Sale,23-01-2026,YouTube,CUST00338,25-34,Female,9601,199,24,3,1968.82,5475.32,,,,,
C004,Monsoon Offers,13-01-2026,Facebook,CUST00497,25-34,Male,9649,286,42,5,1102.07,6318.51,,,,,
C007,Diwali Mega Sale,24-06-2026,Google Ads,CUST00219,25-34,Female,11356,626,125,25,2910.44,64016.87,,,,,
C007,Diwali Mega Sale,18-08-2026,Google Ads,CUST00253,25-34,Male,5784,237,52,8,1476.36,25880.88,,,,,
C005,Back to College,18-06-2026,Instagram,CUST00783,25-34,Male,6927,217,30,6,1250.26,14527.35,,,,,
C005,Back to College,19-04-2026,Instagram,CUST00080,35-44,Female,6542,194,30,2,1078.83,3703.05,,,,,
C004,Monsoon Offers,07-07-2026,Google Ads,CUST01596,35-44,Female,7712,366,90,13,1872.67,22142.03,,,,,
C006,Weekend Flash Sale,20-02-2026,Facebook,CUST00689,18-24,Male,10334,396,58,9,1560.77,23020.97,,,,,
C005,Back to College,05-08-2026,Instagram,CUST02034,25-34,Female,23402,1133,183,19,3150.28,42917.91,,,,,
C003,New Product Launch,29-04-2026,Facebook,CUST00242,25-34,Male,10028,245,31,2,1648.8,3666.2,,,,,
C004,Monsoon Offers,29-07-2026,YouTube,CUST00954,25-34,Female,8219,197,23,1,1390.09,1806.48,,,,,
C002,Festive Bonanza,24-02-2026,Instagram,CUST00177,45-54,Male,5439,179,29,4,800,7958.34,,,,,
C006,Weekend Flash Sale,26-05-2026,Google Ads,CUST00123,18-24,Female,6031,278,47,9,1186.75,24224.42,,,,,
C007,Diwali Mega Sale,04-01-2026,Email,CUST00474,18-24,Male,9783,627,195,56,800,145717.14,,,,,
C005,Back to College,06-03-2026,Google Ads,CUST01553,18-24,Female,4417,256,71,19,1193.28,48337.27,,,,,
C005,Back to College,03-05-2026,Instagram,CUST00907,18-24,Male,8233,347,43,13,1394.98,17369.61,,,,,
C001,Summer Sale,06-03-2026,Google Ads,CUST00639,18-24,Male,8310,338,68,11,2251.8,29329.86,,,,,
C007,Diwali Mega Sale,14-04-2026,Instagram,CUST01014,35-44,Male,8219,236,38,6,1242.11,13107.52,,,,,
C008,Year End Clearance,07-01-2026,Instagram,CUST01262,25-34,Male,12515,395,52,7,1485.65,13778.48,,,,,
C002,Festive Bonanza,04-08-2026,Google Ads,CUST00327,45-54,Male,17302,774,176,23,4619.14,55296.12,,,,,
C003,New Product Launch,05-03-2026,YouTube,CUST01288,35-44,Female,8334,155,10,0,1389.85,0,,,,,
C001,Summer Sale,10-04-2026,Facebook,CUST02270,25-34,Female,43597,1043,163,22,6364.14,42716.27,,,,,
C001,Summer Sale,07-07-2026,Google Ads,CUST01875,25-34,Male,23203,778,189,25,5827.07,59636.07,,,,,
C003,New Product Launch,10-07-2026,YouTube,CUST01333,18-24,Male,3396,85,11,2,800,3837.72,,,,,
C003,New Product Launch,12-08-2026,Instagram,CUST01074,18-24,Female,8169,223,41,3,1355.23,4193.5,,,,,
C005,Back to College,25-08-2026,Google Ads,CUST00937,18-24,Female,28726,1226,263,45,6658.86,62095.01,,,,,
C004,Monsoon Offers,26-01-2026,Google Ads,CUST00169,25-34,Female,9014,546,122,18,1847.58,17556.65,,,,,
C004,Monsoon Offers,28-03-2026,Facebook,CUST01509,45-54,Male,11466,226,28,0,1471.9,0,,,,,
C003,New Product Launch,22-02-2026,Facebook,CUST00104,18-24,Male,6124,207,27,3,800,4684.55,,,,,
C006,Weekend Flash Sale,21-01-2026,Email,CUST02123,25-34,Female,6127,264,81,19,800,55339.25,,,,,
C008,Year End Clearance,10-08-2026,Google Ads,CUST01950,45-54,Female,5649,229,50,10,1373.3,20364.32,,,,,
C001,Summer Sale,12-08-2026,YouTube,CUST01908,25-34,Female,4734,90,14,1,871.53,2183.41,,,,,
C007,Diwali Mega Sale,13-07-2026,Instagram,CUST01504,25-34,Female,8360,266,51,5,1144.23,5502.05,,,,,
C006,Weekend Flash Sale,24-01-2026,Facebook,CUST00675,25-34,Male,7204,179,26,2,1130.87,3619.08,,,,,
C007,Diwali Mega Sale,30-01-2026,Google Ads,CUST01421,35-44,Male,25723,1141,234,64,4539.83,163903.95,,,,,
C001,Summer Sale,02-03-2026,Google Ads,CUST00980,35-44,Female,28704,1353,300,51,5031.33,85633.41,,,,,
C004,Monsoon Offers,12-04-2026,Instagram,CUST00001,18-24,Male,10356,320,52,3,1478.96,4095.64,,,,,
C002,Festive Bonanza,21-01-2026,Instagram,CUST01336,45-54,Male,3487,96,13,0,800,0,,,,,
C004,Monsoon Offers,28-07-2026,Facebook,CUST00578,35-44,Female,8404,295,45,6,951.37,10209.36,,,,,
C002,Festive Bonanza,15-05-2026,Instagram,CUST02292,35-44,Female,4252,165,30,6,800,10329,,,,,
C003,New Product Launch,29-08-2026,Google Ads,CUST02439,35-44,Female,8893,437,102,16,2131.31,36873.75,,,,,
C004,Monsoon Offers,05-05-2026,Email,CUST02413,18-24,Male,11095,629,195,34,800,65976.25,,,,,
C006,Weekend Flash Sale,21-02-2026,Google Ads,CUST01453,18-24,Male,7253,323,79,17,1451.29,41853.59,,,,,
C003,New Product Launch,19-06-2026,Instagram,CUST00958,45-54,Male,46897,1418,229,30,7913.01,58983.55,,,,,
C003,New Product Launch,19-04-2026,Google Ads,CUST00573,25-34,Male,10067,468,107,19,2118.9,36687.67,,,,,
C005,Back to College,28-01-2026,Facebook,CUST00601,35-44,Male,13687,351,43,7,2146.14,9780.36,,,,,
C003,New Product Launch,10-04-2026,YouTube,CUST01538,18-24,Male,8729,119,13,1,1385.88,1096.99,,,,,
C006,Weekend Flash Sale,19-04-2026,Google Ads,CUST00571,45-54,Male,15071,726,154,25,3728.85,72391.37,,,,,
C003,New Product Launch,01-01-2026,Instagram,CUST00732,45-54,Female,13820,556,88,15,1963.39,40914,,,,,
C002,Festive Bonanza,07-04-2026,YouTube,CUST01575,55+,Female,7723,173,23,2,1070.98,5448.48,,,,,
C006,Weekend Flash Sale,24-07-2026,Google Ads,CUST00768,35-44,Female,6203,206,48,12,1325.22,20875.35,,,,,
C001,Summer Sale,17-03-2026,Facebook,CUST01535,45-54,Male,5924,209,32,0,800,0,,,,,
C004,Monsoon Offers,15-02-2026,YouTube,CUST00746,18-24,Male,12614,308,36,3,1798.92,3672.2,,,,,
C005,Back to College,12-08-2026,Email,CUST00984,35-44,Female,13174,943,272,61,800,183329.93,,,,,
C005,Back to College,25-03-2026,YouTube,CUST01836,18-24,Female,32890,653,77,5,5850.78,10374.98,,,,,
C003,New Product Launch,24-08-2026,Email,CUST02059,25-34,Male,6811,294,66,14,800,40160.79,,,,,
C007,Diwali Mega Sale,30-08-2026,Instagram,CUST01380,25-34,Female,5690,167,22,2,925.27,5423.76,,,,,
C004,Monsoon Offers,29-08-2026,Email,CUST00023,55+,Female,7879,506,139,22,800,42942.49,,,,,
C005,Back to College,08-04-2026,Email,CUST00989,25-34,Female,7432,612,189,43,800,89566.45,,,,,
C002,Festive Bonanza,23-04-2026,Google Ads,CUST01350,35-44,Male,4903,289,67,8,1221.2,18155.7,,,,,
C001,Summer Sale,21-05-2026,Google Ads,CUST01465,18-24,Male,16422,872,205,35,4215.08,74037.18,,,,,
C003,New Product Launch,20-08-2026,Google Ads,CUST02263,55+,Male,12133,670,172,25,2415.92,33343.45,,,,,
C007,Diwali Mega Sale,12-05-2026,Google Ads,CUST01302,35-44,Other,7696,353,74,10,1906.7,26790.44,,,,,
C001,Summer Sale,22-03-2026,Email,CUST00696,35-44,Male,4800,255,87,16,800,21989.76,,,,,
C004,Monsoon Offers,24-01-2026,YouTube,CUST01723,18-24,Female,6289,155,20,3,1176.14,5114.2,,,,,
C008,Year End Clearance,29-08-2026,Facebook,CUST00154,35-44,Female,24273,422,70,7,3314.05,15969.99,,,,,
C001,Summer Sale,19-02-2026,Google Ads,CUST00202,45-54,Male,5538,276,57,8,1327.15,23391.88,,,,,
C007,Diwali Mega Sale,28-05-2026,YouTube,CUST01043,35-44,Male,9675,206,21,2,1371.74,5527.05,,,,,
C003,New Product Launch,01-05-2026,Instagram,CUST01566,45-54,Female,3600,102,15,2,800,2991.72,,,,,
C002,Festive Bonanza,03-07-2026,Facebook,CUST01469,35-44,Male,5374,171,27,2,800,3157.98,,,,,
C004,Monsoon Offers,23-07-2026,Facebook,CUST02256,18-24,Female,9329,288,36,6,1229.31,12406.4,,,,,
C003,New Product Launch,22-02-2026,Email,CUST01234,45-54,Female,6769,453,138,36,800,79066.45,,,,,
C002,Festive Bonanza,06-05-2026,Google Ads,CUST02103,45-54,Female,3444,171,35,10,950.74,21825.23,,,,,
C005,Back to College,11-03-2026,Email,CUST00237,35-44,Male,5097,313,86,9,800,19936.24,,,,,
C008,Year End Clearance,15-01-2026,Email,CUST01745,45-54,Male,7723,351,92,17,800,42752.06,,,,,
C006,Weekend Flash Sale,11-01-2026,Facebook,CUST01537,35-44,Male,21292,724,103,16,2224.32,41961.63,,,,,
C006,Weekend Flash Sale,02-07-2026,Facebook,CUST02284,35-44,Female,6155,204,31,4,800,9551.78,,,,,
C002,Festive Bonanza,02-02-2026,Instagram,CUST00438,25-34,Male,7590,300,43,7,908.97,15134.41,,,,,
C002,Festive Bonanza,14-07-2026,Instagram,CUST02294,35-44,Female,10809,275,42,7,1964.06,10144.29,,,,,
C002,Festive Bonanza,21-03-2026,Google Ads,CUST02255,35-44,Female,5981,254,58,7,1104.62,17847.51,,,,,
C002,Festive Bonanza,28-06-2026,Instagram,CUST02436,25-34,Male,10171,354,48,5,1402.59,10762.42,,,,,
C008,Year End Clearance,12-04-2026,YouTube,CUST02245,45-54,Female,4579,94,7,0,800,0,,,,,
C004,Monsoon Offers,04-07-2026,Google Ads,CUST01378,45-54,Male,14861,698,146,20,3017.87,39782.49,,,,,
C007,Diwali Mega Sale,11-01-2026,Email,CUST01826,25-34,Other,9665,541,155,51,800,139878.09,,,,,
C002,Festive Bonanza,16-03-2026,Google Ads,CUST00226,18-24,Male,13650,505,104,22,3512.32,91872.35,,,,,
C004,Monsoon Offers,30-04-2026,YouTube,CUST01373,18-24,Female,5661,104,14,1,883.85,1596.62,,,,,
C007,Diwali Mega Sale,22-01-2026,YouTube,CUST00594,18-24,Male,14794,305,32,3,2704.08,6026.54,,,,,
C001,Summer Sale,14-01-2026,YouTube,CUST01300,35-44,Female,3245,77,8,1,800,1812.82,,,,,
C001,Summer Sale,16-03-2026,Google Ads,CUST00573,35-44,Female,6580,284,56,10,1621.57,18475.21,,,,,
C001,Summer Sale,03-08-2026,Email,CUST01388,45-54,Female,13721,1196,363,62,876.9,139510.68,,,,,
C002,Festive Bonanza,16-03-2026,Google Ads,CUST01256,35-44,Female,4877,158,22,6,1045.49,13940.35,,,,,
C004,Monsoon Offers,14-02-2026,Email,CUST02423,25-34,Female,2716,177,52,10,800,22937.73,,,,,
C006,Weekend Flash Sale,21-08-2026,Email,CUST00465,25-34,Male,4563,215,66,18,800,47633.17,,,,,
C008,Year End Clearance,11-02-2026,Instagram,CUST00545,25-34,Male,13304,331,56,8,2105.81,20341.25,,,,,
C003,New Product Launch,29-06-2026,Facebook,CUST02346,35-44,Male,8378,244,28,6,1286.15,13135.79,,,,,
C008,Year End Clearance,17-05-2026,YouTube,CUST00512,25-34,Female,4672,131,18,7,1047.22,11869.76,,,,,
C005,Back to College,07-04-2026,Facebook,CUST02035,35-44,Female,10928,319,47,3,1413.46,6518.8,,,,,
C007,Diwali Mega Sale,23-01-2026,YouTube,CUST02399,35-44,Male,10614,298,30,3,1715.01,8155.55,,,,,
C005,Back to College,16-04-2026,Google Ads,CUST01983,35-44,Male,18133,620,126,22,4070.94,35119.43,,,,,
C005,Back to College,21-02-2026,Google Ads,CUST01491,25-34,Female,4608,139,38,7,957.36,18571.68,,,,,
C006,Weekend Flash Sale,14-06-2026,Google Ads,CUST01618,55+,Female,14694,753,167,28,3499.97,88673.32,,,,,
C004,Monsoon Offers,23-04-2026,Instagram,CUST01322,25-34,Female,3301,77,7,2,800,1896.61,,,,,
C006,Weekend Flash Sale,21-06-2026,Instagram,CUST00615,35-44,Male,6888,298,40,6,885.03,12276.49,,,,,
C005,Back to College,21-05-2026,Google Ads,CUST00939,45-54,Male,18908,717,163,22,4142.45,39149.45,,,,,
C007,Diwali Mega Sale,25-06-2026,Instagram,CUST00482,45-54,Male,17845,711,101,16,2616.27,33563.35,,,,,
C004,Monsoon Offers,22-05-2026,Instagram,CUST00584,35-44,Female,4336,137,31,1,800,1663.13,,,,,
C008,Year End Clearance,05-01-2026,Google Ads,CUST01380,45-54,Male,9956,424,94,18,2483.47,52993.32,,,,,
C007,Diwali Mega Sale,20-03-2026,YouTube,CUST00331,45-54,Female,10889,200,21,2,1477.72,4946.31,,,,,
C004,Monsoon Offers,02-05-2026,Facebook,CUST02067,18-24,Male,13451,476,64,7,2012.47,8679.13,,,,,
C008,Year End Clearance,06-01-2026,Instagram,CUST01750,45-54,Male,7668,231,37,2,1117.43,3553.85,,,,,
C001,Summer Sale,20-07-2026,Instagram,CUST00411,25-34,Female,12814,215,37,2,1643.88,4745.24,,,,,
C003,New Product Launch,29-04-2026,Facebook,CUST00341,25-34,Male,10086,140,24,1,1333.21,1408.37,,,,,
C008,Year End Clearance,26-07-2026,Facebook,CUST00607,35-44,Female,9676,171,22,2,1397.6,4426.17,,,,,
C001,Summer Sale,15-08-2026,Google Ads,CUST02186,35-44,Female,22495,979,213,43,4493.87,75114.23,,,,,
C006,Weekend Flash Sale,09-06-2026,YouTube,CUST00696,18-24,Female,5837,126,17,1,1159.54,1182.62,,,,,
C004,Monsoon Offers,02-08-2026,Email,CUST02450,55+,Male,19302,1135,317,58,977.96,106307.48,,,,,
C003,New Product Launch,18-07-2026,Google Ads,CUST01088,25-34,Other,10116,541,131,17,2490.5,38006.17,,,,,
C003,New Product Launch,15-01-2026,Instagram,CUST01375,25-34,Male,4627,160,21,4,800,12002.05,,,,,
C006,Weekend Flash Sale,07-05-2026,Google Ads,CUST02276,45-54,Female,10232,438,102,15,2384.34,38610.08,,,,,
C002,Festive Bonanza,21-03-2026,Facebook,CUST01076,55+,Other,3569,127,17,3,800,5737.07,,,,,
C006,Weekend Flash Sale,23-05-2026,Instagram,CUST00583,18-24,Female,13537,378,64,7,2477.97,17374.74,,,,,
C007,Diwali Mega Sale,28-03-2026,YouTube,CUST00822,45-54,Male,11085,250,39,0,2283.55,0,,,,,
C002,Festive Bonanza,15-08-2026,YouTube,CUST01790,45-54,Female,7618,191,26,1,1541.54,2473.64,,,,,
C007,Diwali Mega Sale,01-05-2026,Instagram,CUST01840,35-44,Male,7478,335,60,6,1121.3,21576.62,,,,,
C002,Festive Bonanza,06-08-2026,Facebook,CUST00397,55+,Male,9829,265,31,6,1462.75,11333.36,,,,,
C005,Back to College,02-06-2026,YouTube,CUST00710,35-44,Female,6899,169,32,2,1326.02,4396.77,,,,,
C002,Festive Bonanza,02-03-2026,Facebook,CUST00969,25-34,Male,7362,157,17,3,931.36,4767.34,,,,,
C004,Monsoon Offers,10-07-2026,Instagram,CUST02183,45-54,Male,6653,199,28,4,800,7228.36,,,,,
C005,Back to College,08-06-2026,Instagram,CUST01067,25-34,Male,2758,95,13,0,800,0,,,,,
C007,Diwali Mega Sale,17-05-2026,Facebook,CUST00809,18-24,Male,7140,209,33,8,963.98,19191.83,,,,,
C006,Weekend Flash Sale,18-03-2026,Facebook,CUST01786,35-44,Male,9988,298,38,6,1011.88,8208.73,,,,,
C001,Summer Sale,15-06-2026,Email,CUST02301,45-54,Female,5995,410,127,24,800,71828.58,,,,,
C008,Year End Clearance,21-06-2026,Email,CUST01095,35-44,Other,13338,583,174,36,800,88686.94,,,,,
C007,Diwali Mega Sale,29-01-2026,Instagram,CUST01275,18-24,Male,10154,328,53,10,1517.51,25136.85,,,,,
C004,Monsoon Offers,21-07-2026,Facebook,CUST01833,45-54,Male,11617,268,41,5,1258.26,6202.06,,,,,
C005,Back to College,07-07-2026,Facebook,CUST00910,35-44,Female,7318,212,29,3,985.62,4497.83,,,,,
C003,New Product Launch,23-06-2026,YouTube,CUST00095,55+,Female,6410,181,19,3,1404.45,4938.77,,,,,
C006,Weekend Flash Sale,21-02-2026,Facebook,CUST00096,35-44,Male,6839,163,23,3,1028.15,6548.94,,,,,
C002,Festive Bonanza,08-03-2026,Facebook,CUST00753,45-54,Female,7119,192,25,0,911.98,0,,,,,
C003,New Product Launch,06-06-2026,YouTube,CUST02037,35-44,Female,3867,90,9,2,800,3668.93,,,,,
C002,Festive Bonanza,25-02-2026,Facebook,CUST00022,55+,Female,7896,214,28,3,1025.4,3756.94,,,,,
C001,Summer Sale,04-04-2026,Facebook,CUST01177,25-34,Female,9184,365,55,3,1168.8,6522.41,,,,,
C005,Back to College,20-06-2026,Google Ads,CUST01806,25-34,Male,5487,194,43,8,1296.81,16522.19,,,,,
C005,Back to College,24-06-2026,Instagram,CUST01228,55+,Male,9934,334,65,14,1451.53,29267.61,,,,,
C005,Back to College,20-06-2026,Email,CUST02007,18-24,Female,7341,430,135,25,800,62193.67,,,,,
C007,Diwali Mega Sale,01-04-2026,Facebook,CUST00637,55+,Female,5486,180,17,4,800,8017.65,,,,,
C007,Diwali Mega Sale,23-08-2026,Email,CUST02119,35-44,Male,6283,340,103,32,800,144353.81,,,,,
C002,Festive Bonanza,05-03-2026,YouTube,CUST01203,25-34,Female,8516,170,25,5,1353.12,10624.54,,,,,
C002,Festive Bonanza,25-04-2026,Facebook,CUST00017,25-34,Male,5465,119,18,3,800,4683.12,,,,,
C006,Weekend Flash Sale,27-03-2026,Google Ads,CUST02360,18-24,Male,6854,348,87,12,1322.28,20422.22,,,,,
C005,Back to College,15-06-2026,Email,CUST01307,35-44,Female,6434,450,135,32,800,93011.02,,,,,
C007,Diwali Mega Sale,08-06-2026,Facebook,CUST01418,35-44,Male,8789,253,37,3,1263.55,7383.46,,,,,
C005,Back to College,24-01-2026,Google Ads,CUST01571,45-54,Female,6494,395,80,17,1688.29,41016.9,,,,,
C004,Monsoon Offers,09-02-2026,Google Ads,CUST01788,35-44,Male,7058,241,50,6,2007.81,15916.62,,,,,
C005,Back to College,22-01-2026,Email,CUST00187,18-24,Male,4665,266,90,25,800,75945.69,,,,,
C003,New Product Launch,27-03-2026,Google Ads,CUST00474,18-24,Male,12108,606,104,13,3112.36,16855.98,,,,,
C004,Monsoon Offers,19-01-2026,Google Ads,CUST02249,55+,Other,7833,433,85,17,1720.29,28080.25,,,,,
C003,New Product Launch,30-07-2026,Email,CUST00186,25-34,Male,2914,168,46,8,800,23859.44,,,,,
C008,Year End Clearance,23-02-2026,Email,CUST00004,25-34,Female,7466,500,145,31,800,52562.59,,,,,
C006,Weekend Flash Sale,06-04-2026,Facebook,CUST01881,18-24,Female,2723,75,14,3,800,8539.3,,,,,
C002,Festive Bonanza,10-02-2026,Facebook,CUST01508,25-34,Male,10608,384,53,5,1420.82,10670.15,,,,,
C007,Diwali Mega Sale,27-06-2026,YouTube,CUST00225,18-24,Female,5796,102,12,0,1139.7,0,,,,,
C002,Festive Bonanza,16-04-2026,Google Ads,CUST00473,18-24,Male,7948,360,77,17,2227.5,32398.93,,,,,
C005,Back to College,05-06-2026,Instagram,CUST00053,25-34,Female,7044,162,23,5,1241.79,14916.32,,,,,
C005,Back to College,10-05-2026,YouTube,CUST01342,35-44,Female,5821,87,12,0,937.49,0,,,,,
C007,Diwali Mega Sale,10-01-2026,Google Ads,CUST00544,35-44,Female,11351,633,142,31,1987.2,79619.04,,,,,
C002,Festive Bonanza,06-01-2026,Google Ads,CUST01434,25-34,Male,8077,343,69,16,1434.56,45954.84,,,,,
C003,New Product Launch,12-06-2026,Facebook,CUST02309,45-54,Female,7421,167,23,5,974.25,9537.83,,,,,
C002,Festive Bonanza,13-05-2026,YouTube,CUST00845,45-54,Female,15389,395,52,6,2745.56,14728.21,,,,,
C002,Festive Bonanza,07-05-2026,Instagram,CUST00711,25-34,Male,4413,140,26,6,800,13417.03,,,,,
C002,Festive Bonanza,30-01-2026,Google Ads,CUST01901,25-34,Female,10164,471,88,13,1908.35,26280.31,,,,,
C002,Festive Bonanza,16-01-2026,Instagram,CUST01725,18-24,Female,12245,309,56,11,1487.79,21103.71,,,,,
C002,Festive Bonanza,13-04-2026,Google Ads,CUST01933,55+,Male,4115,157,39,0,860.06,0,,,,,
C007,Diwali Mega Sale,01-04-2026,Instagram,CUST00648,45-54,Female,9519,327,56,12,1670.17,33090.79,,,,,
C004,Monsoon Offers,31-05-2026,YouTube,CUST02432,35-44,Male,16838,326,41,5,3675.29,5236.03,,,,,
C006,Weekend Flash Sale,21-03-2026,Email,CUST01314,18-24,Female,7076,326,103,26,800,53565.4,,,,,
C007,Diwali Mega Sale,14-02-2026,Facebook,CUST00934,25-34,Female,18787,530,72,9,2676.69,21725.82,,,,,
C005,Back to College,26-07-2026,Google Ads,CUST02181,35-44,Female,11774,689,145,24,2898.08,53369.47,,,,,
C004,Monsoon Offers,20-04-2026,Email,CUST00826,55+,Male,18191,1035,301,57,1082.22,159525.79,,,,,
C008,Year End Clearance,12-08-2026,Instagram,CUST01816,45-54,Female,6162,186,27,3,800,6705.26,,,,,
C006,Weekend Flash Sale,18-07-2026,YouTube,CUST01719,35-44,Female,12255,298,39,2,1973.67,3605.37,,,,,
C002,Festive Bonanza,14-08-2026,YouTube,CUST00633,45-54,Female,5756,103,16,2,1186.22,3581.03,,,,,
C006,Weekend Flash Sale,21-04-2026,Google Ads,CUST01515,25-34,Female,6552,265,70,19,1851.08,58664.68,,,,,
C008,Year End Clearance,27-05-2026,Google Ads,CUST01467,18-24,Male,13562,615,123,15,3031.38,60307.82,,,,,
C004,Monsoon Offers,03-06-2026,Google Ads,CUST01969,35-44,Male,13448,570,137,22,2390.02,47858.05,,,,,
C004,Monsoon Offers,15-04-2026,YouTube,CUST01259,45-54,Male,9899,182,28,6,1606.49,13242.35,,,,,
C003,New Product Launch,21-07-2026,Instagram,CUST01235,18-24,Male,17310,446,70,12,2095.48,26449.82,,,,,
C001,Summer Sale,10-06-2026,Instagram,CUST01003,55+,Female,12519,352,58,8,2015.36,17605.35,,,,,
C003,New Product Launch,02-07-2026,Facebook,CUST01467,25-34,Female,11638,468,77,7,1756.45,10274.06,,,,,
C007,Diwali Mega Sale,29-04-2026,Facebook,CUST00051,18-24,Male,5923,234,46,9,888,26035.93,,,,,
C007,Diwali Mega Sale,10-07-2026,YouTube,CUST01303,35-44,Female,30227,748,83,9,6425.68,18543.22,,,,,
C008,Year End Clearance,23-01-2026,Email,CUST00544,25-34,Female,6027,511,171,27,800,61608.86,,,,,
C003,New Product Launch,19-08-2026,YouTube,CUST00509,18-24,Female,7060,192,28,4,1286.87,9949.48,,,,,
C008,Year End Clearance,26-06-2026,Google Ads,CUST00104,55+,Female,6000,311,67,12,1656.75,22508.87,,,,,
C006,Weekend Flash Sale,03-05-2026,Facebook,CUST01853,45-54,Male,4433,161,29,4,800,6370,,,,,
C003,New Product Launch,15-04-2026,Facebook,CUST00550,18-24,Male,24535,582,85,7,3070.02,17663.67,,,,,
C001,Summer Sale,14-04-2026,Facebook,CUST01036,35-44,Female,17905,430,70,11,1848.16,26887.93,,,,,
C006,Weekend Flash Sale,20-04-2026,Instagram,CUST02361,25-34,Male,10320,392,48,10,1456.76,23150.96,,,,,
C004,Monsoon Offers,11-01-2026,Google Ads,CUST00727,18-24,Male,9136,382,94,9,2390.2,15995.93,,,,,
C003,New Product Launch,03-05-2026,Email,CUST02037,18-24,Male,1972,134,47,12,800,24935.29,,,,,
C004,Monsoon Offers,16-04-2026,Instagram,CUST02341,45-54,Other,6955,145,22,1,1279.47,825.74,,,,,
C007,Diwali Mega Sale,08-02-2026,Facebook,CUST01744,55+,Female,3136,74,12,1,800,4111.5,,,,,
C002,Festive Bonanza,12-03-2026,Google Ads,CUST00941,35-44,Female,33573,1666,351,59,8913.63,108902.98,,,,,
C004,Monsoon Offers,23-06-2026,Facebook,CUST02063,45-54,Male,11179,268,29,4,1473.34,8109.35,,,,,
C002,Festive Bonanza,11-05-2026,Email,CUST01709,25-34,Female,14448,1022,288,60,814.43,230424.4,,,,,
C003,New Product Launch,06-04-2026,Google Ads,CUST00942,25-34,Female,9819,514,107,22,2322.41,30469.04,,,,,
C007,Diwali Mega Sale,10-05-2026,Instagram,CUST00808,25-34,Male,9474,226,32,7,1146.8,18389.95,,,,,
C004,Monsoon Offers,02-04-2026,Email,CUST02347,18-24,Female,7126,422,122,33,800,82123.22,,,,,
C005,Back to College,15-04-2026,Google Ads,CUST01969,25-34,Female,3588,168,33,5,800,11049.63,,,,,
C007,Diwali Mega Sale,24-08-2026,Google Ads,CUST01288,35-44,Female,16674,822,190,33,4699.97,93137.75,,,,,
C004,Monsoon Offers,20-02-2026,Instagram,CUST02332,45-54,Male,15680,489,76,10,2524.61,15922.98,,,,,
C002,Festive Bonanza,19-05-2026,Instagram,CUST00026,25-34,Male,21246,841,121,15,2692.8,36689.77,,,,,
C001,Summer Sale,20-01-2026,Email,CUST00818,25-34,Male,10386,599,194,39,800,55545.37,,,,,
C008,Year End Clearance,23-03-2026,YouTube,CUST01151,25-34,Female,8169,155,18,3,1156.33,4834.58,,,,,
C002,Festive Bonanza,12-05-2026,Instagram,CUST00768,35-44,Female,15003,688,116,15,2169.27,30066.88,,,,,
C001,Summer Sale,19-05-2026,Email,CUST00961,35-44,Female,10664,512,152,34,800,108506.59,,,,,
C002,Festive Bonanza,29-04-2026,YouTube,CUST01075,45-54,Other,5505,96,13,0,985.71,0,,,,,
C005,Back to College,05-02-2026,Facebook,CUST02093,35-44,Male,3980,100,14,3,800,5348.31,,,,,
C007,Diwali Mega Sale,06-06-2026,Facebook,CUST00877,35-44,Male,14192,465,66,6,1639.48,17105.02,,,,,
C003,New Product Launch,28-04-2026,Instagram,CUST00758,25-34,Male,5565,254,40,4,800,9151.13,,,,,
C005,Back to College,08-03-2026,YouTube,CUST00538,25-34,Female,10521,210,26,0,1925.97,0,,,,,
C002,Festive Bonanza,12-08-2026,Google Ads,CUST00749,35-44,Male,8131,442,97,15,2000.19,46336.16,,,,,
C003,New Product Launch,02-02-2026,YouTube,CUST01559,45-54,Female,22576,537,69,8,5075.5,10574.8,,,,,
C005,Back to College,01-06-2026,Google Ads,CUST02458,18-24,Female,4734,261,64,15,920.02,40689.68,,,,,
C004,Monsoon Offers,12-04-2026,Email,CUST00367,25-34,Male,17603,1344,400,59,800,119449.42,,,,,
C005,Back to College,04-08-2026,Facebook,CUST00507,25-34,Male,9656,338,40,5,1504.77,9447.09,,,,,
C003,New Product Launch,05-03-2026,Email,CUST02072,18-24,Female,16063,1080,317,77,972.9,200400.34,,,,,
C003,New Product Launch,23-03-2026,Google Ads,CUST01503,35-44,Male,27477,1138,251,44,5595.67,84068.22,,,,,
C005,Back to College,01-01-2026,Instagram,CUST01087,35-44,Male,3414,118,18,2,800,4498.96,,,,,
C008,Year End Clearance,18-05-2026,Email,CUST00338,25-34,Male,12048,1162,355,80,800,169142.49,,,,,
C004,Monsoon Offers,19-05-2026,Google Ads,CUST00918,35-44,Female,11933,759,163,21,3051.34,48083.62,,,,,
C003,New Product Launch,16-04-2026,YouTube,CUST00675,35-44,Male,25293,363,45,7,5040.78,11095.41,,,,,
C007,Diwali Mega Sale,09-03-2026,Google Ads,CUST00120,25-34,Female,10409,424,96,19,1916.86,20807.51,,,,,
C008,Year End Clearance,13-04-2026,YouTube,CUST01029,25-34,Male,9081,200,27,3,1490.06,4938.93,,,,,
C007,Diwali Mega Sale,01-08-2026,Google Ads,CUST01115,55+,Male,7686,331,77,15,1442.26,48779.72,,,,,
C001,Summer Sale,08-07-2026,YouTube,CUST01166,55+,Male,23099,577,66,5,3780.36,9960.77,,,,,
C006,Weekend Flash Sale,31-05-2026,Instagram,CUST01248,35-44,Female,9687,266,50,9,1527.63,19720.52,,,,,
C006,Weekend Flash Sale,24-08-2026,Email,CUST02395,45-54,Male,9839,633,184,47,800,157939.83,,,,,
C006,Weekend Flash Sale,05-07-2026,Google Ads,CUST02282,35-44,Female,16579,626,142,22,3982.35,44931.38,,,,,
C007,Diwali Mega Sale,24-03-2026,Email,CUST02300,55+,Female,8423,512,145,42,800,190741.53,,,,,
C007,Diwali Mega Sale,08-05-2026,Instagram,CUST01204,25-34,Female,24121,773,123,32,3487.83,108959.64,,,,,
C007,Diwali Mega Sale,23-03-2026,YouTube,CUST00235,35-44,Female,3381,98,11,1,800,1941.62,,,,,
C003,New Product Launch,04-08-2026,Email,CUST00059,45-54,Male,7918,490,161,20,800,47207.1,,,,,
C008,Year End Clearance,18-05-2026,YouTube,CUST02405,25-34,Male,6282,196,21,4,904.03,7197.77,,,,,
C002,Festive Bonanza,29-03-2026,YouTube,CUST01941,35-44,Male,11134,322,40,3,2274.4,7576.5,,,,,
C003,New Product Launch,21-01-2026,Google Ads,CUST02234,25-34,Female,10279,641,129,20,2756.39,48457.38,,,,,
C008,Year End Clearance,24-05-2026,YouTube,CUST01137,25-34,Male,6228,178,16,1,1359.03,1534.45,,,,,
C008,Year End Clearance,14-08-2026,Google Ads,CUST01836,35-44,Other,16404,492,115,19,2915.8,77118.1,,,,,
C006,Weekend Flash Sale,15-03-2026,Email,CUST00066,25-34,Female,4155,241,74,23,800,41436.48,,,,,
C002,Festive Bonanza,27-06-2026,Instagram,CUST01685,25-34,Male,15726,426,70,10,1804.1,29058.13,,,,,
C004,Monsoon Offers,10-06-2026,Google Ads,CUST02000,45-54,Male,5801,346,81,12,1199.67,15900.59,,,,,
C006,Weekend Flash Sale,19-03-2026,Google Ads,CUST01546,45-54,Female,11657,586,152,22,2459.43,60850.94,,,,,
C005,Back to College,17-04-2026,YouTube,CUST01817,45-54,Male,7052,180,25,2,1491.8,3846.6,,,,,
C003,New Product Launch,26-01-2026,YouTube,CUST01239,25-34,Male,5197,109,10,2,1013.4,3410.16,,,,,
C008,Year End Clearance,14-01-2026,Google Ads,CUST00937,25-34,Female,17053,754,174,21,3812.82,61021.63,,,,,
C005,Back to College,23-03-2026,Google Ads,CUST01392,25-34,Female,11435,626,151,30,2716.86,81881.52,,,,,
C003,New Product Launch,08-01-2026,Facebook,CUST01660,55+,Female,7445,282,31,4,839.79,8750.96,,,,,
C005,Back to College,27-07-2026,Email,CUST01735,25-34,Male,12806,707,198,41,800,127818.55,,,,,
C003,New Product Launch,27-03-2026,YouTube,CUST01749,35-44,Female,2305,27,2,0,800,0,,,,,
C004,Monsoon Offers,29-08-2026,Facebook,CUST01528,35-44,Female,15950,573,73,6,2274.24,10762.76,,,,,
C001,Summer Sale,05-04-2026,YouTube,CUST00656,18-24,Male,7015,147,21,2,1521.12,4295.05,,,,,
C002,Festive Bonanza,22-06-2026,YouTube,CUST01216,35-44,Male,6049,126,13,1,938.84,2891.3,,,,,
C004,Monsoon Offers,05-01-2026,Instagram,CUST01367,55+,Female,37076,1252,208,22,5235.92,35758.34,,,,,
C003,New Product Launch,07-05-2026,YouTube,CUST02373,35-44,Male,3915,68,11,4,800,7369.68,,,,,
C007,Diwali Mega Sale,25-02-2026,Google Ads,CUST00951,25-34,Female,7513,304,63,16,1928.8,46887.13,,,,,
C007,Diwali Mega Sale,01-03-2026,Google Ads,CUST00366,25-34,Female,8342,303,69,18,1856.07,66297.09,,,,,
C002,Festive Bonanza,22-05-2026,Google Ads,CUST01778,25-34,Male,11406,480,118,34,2505.66,95325.05,,,,,
C003,New Product Launch,23-04-2026,Instagram,CUST00728,45-54,Female,7997,299,53,8,1365.74,14520.01,,,,,
C008,Year End Clearance,23-07-2026,Facebook,CUST01808,25-34,Male,6419,188,20,2,1081.16,4054.58,,,,,
C002,Festive Bonanza,27-08-2026,YouTube,CUST01537,35-44,Male,26837,707,88,10,4674.16,18413.03,,,,,
C007,Diwali Mega Sale,20-05-2026,Instagram,CUST01488,45-54,Male,2815,120,21,1,800,2024.59,,,,,
C005,Back to College,18-07-2026,Instagram,CUST00084,35-44,Female,6502,225,30,6,1016.61,13917.46,,,,,
C007,Diwali Mega Sale,11-05-2026,Facebook,CUST01611,25-34,Male,14682,440,64,7,2267.21,13155.57,,,,,
C004,Monsoon Offers,31-07-2026,Instagram,CUST01511,35-44,Female,29058,1131,188,17,4196.06,14799.37,,,,,
C001,Summer Sale,14-05-2026,YouTube,CUST01170,18-24,Female,12082,314,40,1,2278.63,903.4,,,,,
C003,New Product Launch,11-08-2026,Instagram,CUST02093,35-44,Male,7300,326,42,1,1038.56,1071.03,,,,,
C003,New Product Launch,24-04-2026,Instagram,CUST02212,25-34,Male,12359,302,45,9,2024.01,17132.24,,,,,
C004,Monsoon Offers,04-03-2026,Email,CUST00863,25-34,Male,4297,238,63,11,800,26664.52,,,,,
C007,Diwali Mega Sale,01-07-2026,Google Ads,CUST02233,25-34,Female,17779,776,176,36,4605.84,91952.32,,,,,
C002,Festive Bonanza,07-07-2026,Facebook,CUST02346,35-44,Female,28677,1036,121,14,4178.26,23973.58,,,,,
C008,Year End Clearance,15-07-2026,Instagram,CUST00885,25-34,Female,5349,170,34,3,800,5957.44,,,,,
C008,Year End Clearance,29-01-2026,Email,CUST01443,18-24,Female,3520,226,77,15,800,27396.91,,,,,
C006,Weekend Flash Sale,28-07-2026,Google Ads,CUST02232,45-54,Female,12601,553,123,17,3490.53,41093.28,,,,,
C001,Summer Sale,21-06-2026,Google Ads,CUST00383,25-34,Male,9660,417,90,10,1685.7,16414.52,,,,,
C001,Summer Sale,26-01-2026,Instagram,CUST01802,25-34,Male,12045,379,60,8,2207.15,14225.34,,,,,
C004,Monsoon Offers,30-05-2026,Email,CUST02380,25-34,Male,4657,317,103,18,800,49646.89,,,,,
C005,Back to College,30-03-2026,Instagram,CUST02022,35-44,Male,16990,753,111,22,2732.95,55986.53,,,,,
C001,Summer Sale,22-01-2026,Google Ads,CUST00353,35-44,Female,5882,202,45,10,1309.79,12681.02,,,,,
C007,Diwali Mega Sale,13-03-2026,Instagram,CUST01112,25-34,Male,4563,99,16,3,839.95,7062.42,,,,,
C006,Weekend Flash Sale,08-07-2026,Google Ads,CUST00384,25-34,Male,14774,591,139,25,3129.14,63081.19,,,,,
C008,Year End Clearance,28-08-2026,Instagram,CUST00602,35-44,Female,6557,280,51,7,1111.58,14389.81,,,,,
C007,Diwali Mega Sale,27-02-2026,YouTube,CUST01633,35-44,Male,20341,383,42,8,3511.26,18140.71,,,,,
C006,Weekend Flash Sale,05-04-2026,Instagram,CUST01737,18-24,Male,19906,597,94,13,3338.89,28505.64,,,,,
C002,Festive Bonanza,09-01-2026,Google Ads,CUST01484,25-34,Male,12136,614,117,23,2897.21,53645.45,,,,,
C001,Summer Sale,10-02-2026,YouTube,CUST01826,18-24,Male,10372,213,23,2,1743.58,2417.64,,,,,
C003,New Product Launch,25-03-2026,Instagram,CUST01010,25-34,Female,13566,377,64,9,2071.93,13741.96,,,,,
C003,New Product Launch,25-02-2026,Instagram,CUST01113,18-24,Female,11717,367,62,7,1809.32,8903.03,,,,,
C005,Back to College,08-03-2026,Instagram,CUST01908,25-34,Female,19095,515,77,7,3394.5,12344.07,,,,,
C006,Weekend Flash Sale,14-02-2026,Instagram,CUST01619,35-44,Male,10275,277,42,4,1422.26,7606.14,,,,,
C007,Diwali Mega Sale,15-07-2026,Instagram,CUST02492,35-44,Male,5511,144,17,3,800,5142.49,,,,,
C004,Monsoon Offers,08-02-2026,Facebook,CUST00112,35-44,Female,6958,140,16,1,1160.66,1124.95,,,,,
C001,Summer Sale,29-03-2026,Email,CUST00860,45-54,Male,22003,1514,465,107,918.45,223581.42,,,,,
C005,Back to College,07-04-2026,Google Ads,CUST01434,45-54,Female,6654,296,81,11,1337.03,19391.94,,,,,
C003,New Product Launch,11-04-2026,Instagram,CUST00182,25-34,Female,12409,368,81,8,1418.52,12680.44,,,,,
C004,Monsoon Offers,03-01-2026,Google Ads,CUST00454,35-44,Male,5214,255,48,2,1449.82,3418.08,,,,,
C008,Year End Clearance,22-01-2026,Facebook,CUST00665,25-34,Female,6753,187,26,3,800,4455.66,,,,,
C007,Diwali Mega Sale,26-08-2026,Email,CUST01597,25-34,Female,7515,511,158,41,800,129063.98,,,,,
C002,Festive Bonanza,25-03-2026,Email,CUST01956,18-24,Male,24922,1338,419,94,1205.38,284704.55,,,,,
C004,Monsoon Offers,29-03-2026,Email,CUST01808,45-54,Female,17706,1069,347,59,951.24,119273.92,,,,,
C006,Weekend Flash Sale,14-01-2026,Google Ads,CUST00421,25-34,Female,5759,248,52,12,1013.62,23750.8,,,,,
C003,New Product Launch,30-05-2026,Instagram,CUST01488,35-44,Female,11975,414,66,7,1924.5,16196.48,,,,,
C008,Year End Clearance,31-07-2026,Instagram,CUST00767,35-44,Female,10142,424,70,15,1606.94,29303.5,,,,,
C006,Weekend Flash Sale,20-08-2026,Facebook,CUST01451,35-44,Male,24769,855,128,12,4133.3,15172.33,,,,,
C004,Monsoon Offers,05-01-2026,Email,CUST00888,25-34,Male,4184,304,94,18,800,31690.26,,,,,
C004,Monsoon Offers,14-08-2026,YouTube,CUST01636,25-34,Male,8132,236,27,1,1287.37,1294.28,,,,,
C007,Diwali Mega Sale,11-06-2026,Instagram,CUST00404,25-34,Male,5197,157,25,4,966.36,10287.15,,,,,
C002,Festive Bonanza,27-02-2026,Facebook,CUST00017,25-34,Female,13663,368,58,7,2299.41,10916.79,,,,,
C002,Festive Bonanza,26-08-2026,Email,CUST00627,18-24,Male,2004,108,35,11,800,28949.09,,,,,
C008,Year End Clearance,17-06-2026,YouTube,CUST01485,35-44,Male,3012,64,6,0,800,0,,,,,
C001,Summer Sale,04-04-2026,YouTube,CUST00392,45-54,Female,12923,297,36,2,2620.39,3710.28,,,,,
C008,Year End Clearance,27-06-2026,Google Ads,CUST01481,18-24,Male,5702,240,52,12,1284.4,20008.67,,,,,
C003,New Product Launch,06-07-2026,Email,CUST01846,18-24,Female,18923,1607,487,111,1218.75,378874.26,,,,,
C008,Year End Clearance,09-06-2026,Google Ads,CUST01735,35-44,Female,8628,281,62,8,1932.61,16710.28,,,,,
C004,Monsoon Offers,31-01-2026,YouTube,CUST01292,35-44,Other,7157,235,19,2,1286.35,1808.4,,,,,
C001,Summer Sale,17-08-2026,YouTube,CUST01233,18-24,Male,18228,408,54,7,3485.19,8120.33,,,,,
C003,New Product Launch,17-02-2026,Email,CUST02433,25-34,Male,4942,473,147,30,800,63971.12,,,,,
C001,Summer Sale,05-02-2026,Instagram,CUST01137,18-24,Female,10512,344,54,8,1508.42,21331,,,,,
C007,Diwali Mega Sale,03-04-2026,Google Ads,CUST02270,25-34,Male,4539,194,33,6,1156.3,22200.97,,,,,
C007,Diwali Mega Sale,09-02-2026,Instagram,CUST00072,55+,Male,4550,172,36,7,800,18852.81,,,,,
C007,Diwali Mega Sale,01-06-2026,Google Ads,CUST00197,45-54,Male,4197,150,35,4,800,10573,,,,,
C004,Monsoon Offers,24-07-2026,Email,CUST01927,25-34,Female,4117,275,89,17,800,45196.57,,,,,
C007,Diwali Mega Sale,07-02-2026,YouTube,CUST01817,18-24,Female,8365,169,16,0,1324.29,0,,,,,
C003,New Product Launch,05-01-2026,Instagram,CUST00917,55+,Male,7302,236,47,5,1181.24,15220.76,,,,,
C001,Summer Sale,27-07-2026,Facebook,CUST01732,35-44,Female,10313,298,38,5,1295.43,7699.3,,,,,
C007,Diwali Mega Sale,01-02-2026,Instagram,CUST02219,35-44,Female,12504,524,92,14,1933.37,28604.24,,,,,
C001,Summer Sale,10-01-2026,Instagram,CUST01914,25-34,Male,5765,222,42,6,800,5460.51,,,,,
C003,New Product Launch,11-04-2026,Instagram,CUST02146,25-34,Male,9553,350,45,5,1318.74,7703.48,,,,,
C008,Year End Clearance,09-08-2026,Facebook,CUST02060,35-44,Male,12206,444,59,8,1240.41,15889.44,,,,,
C008,Year End Clearance,18-06-2026,Email,CUST01269,25-34,Female,9681,606,196,38,800,104833.58,,,,,
C007,Diwali Mega Sale,10-03-2026,Facebook,CUST01489,25-34,Female,5829,135,23,3,964.79,7822.37,,,,,
C001,Summer Sale,24-01-2026,Facebook,CUST00426,25-34,Female,4608,124,15,2,800,4381.47,,,,,
C003,New Product Launch,01-01-2026,Google Ads,CUST01680,18-24,Male,23795,887,206,37,6479.22,67058.32,,,,,
C003,New Product Launch,24-06-2026,Google Ads,CUST00658,18-24,Male,17366,663,155,14,4657.3,27085.68,,,,,
C002,Festive Bonanza,16-03-2026,Email,CUST02244,25-34,Other,12270,801,246,59,800,145100.68,,,,,
C002,Festive Bonanza,31-08-2026,Instagram,CUST01054,35-44,Male,18747,393,57,5,3472.61,7944.61,,,,,
C002,Festive Bonanza,17-01-2026,Google Ads,CUST00971,45-54,Female,19578,842,182,37,3669.05,130570.92,,,,,
C005,Back to College,18-02-2026,Facebook,CUST01533,35-44,Male,12864,298,42,4,1693.36,6602.64,,,,,
C003,New Product Launch,21-03-2026,Google Ads,CUST00047,45-54,Female,8580,395,78,11,1649.55,26366.57,,,,,
C008,Year End Clearance,27-06-2026,Email,CUST01110,35-44,Female,16539,752,226,44,967.9,115016.11,,,,,
C004,Monsoon Offers,29-04-2026,Facebook,CUST02396,25-34,Female,8199,281,36,4,1378.35,4849.62,,,,,
C002,Festive Bonanza,05-03-2026,Google Ads,CUST02215,25-34,Female,18997,892,214,37,4635.15,133373.6,,,,,
C006,Weekend Flash Sale,08-03-2026,Instagram,CUST02079,18-24,Female,22610,712,110,18,3001.23,42834.91,,,,,
C006,Weekend Flash Sale,08-03-2026,Email,CUST00606,18-24,Female,7864,520,149,27,800,85608.31,,,,,
C005,Back to College,20-08-2026,Google Ads,CUST00513,25-34,Female,8879,429,85,19,1837.69,49171.74,,,,,
C007,Diwali Mega Sale,13-08-2026,Instagram,CUST00315,18-24,Male,6519,164,20,5,1120,11671.93,,,,,
C005,Back to College,18-02-2026,Instagram,CUST01286,25-34,Male,8123,236,42,9,946.95,23482.58,,,,,
C002,Festive Bonanza,19-06-2026,Facebook,CUST02108,25-34,Male,7128,189,23,1,800,2551.25,,,,,
C007,Diwali Mega Sale,25-08-2026,Instagram,CUST00885,25-34,Male,9537,370,65,4,1078.43,7484.63,,,,,
C004,Monsoon Offers,26-02-2026,Facebook,CUST00227,25-34,Male,8734,245,35,4,1351.77,4612.62,,,,,
C006,Weekend Flash Sale,12-08-2026,Google Ads,CUST01454,35-44,Female,12423,642,104,10,3002.46,10449.62,,,,,
C001,Summer Sale,28-08-2026,Google Ads,CUST00843,25-34,Female,3591,164,32,2,927.15,2963.17,,,,,
C006,Weekend Flash Sale,10-08-2026,Google Ads,CUST00209,35-44,Female,27407,1013,219,41,5601.84,85486.72,,,,,
C008,Year End Clearance,14-01-2026,Google Ads,CUST00005,35-44,Male,10445,420,100,20,2877.1,47127.24,,,,,
C002,Festive Bonanza,27-03-2026,Google Ads,CUST00361,55+,Male,9107,356,72,15,1671.56,36607.88,,,,,
C004,Monsoon Offers,14-01-2026,Email,CUST01250,25-34,Female,9636,594,174,29,800,79901.83,,,,,
C003,New Product Launch,19-02-2026,Facebook,CUST01510,55+,Male,8145,211,27,0,927.47,0,,,,,
C007,Diwali Mega Sale,11-06-2026,Google Ads,CUST02430,25-34,Female,8409,344,64,18,1804.17,75926.34,,,,,
C008,Year End Clearance,27-08-2026,Instagram,CUST01893,45-54,Male,16419,684,117,14,2464.61,18452.79,,,,,
C005,Back to College,23-08-2026,YouTube,CUST02431,45-54,Female,9689,212,19,3,2168.09,5375.61,,,,,
C006,Weekend Flash Sale,03-01-2026,Instagram,CUST01040,18-24,Male,5673,97,23,3,800,7065.18,,,,,
C005,Back to College,17-08-2026,Instagram,CUST00206,35-44,Male,11625,448,68,2,1826.76,5472.77,,,,,
C002,Festive Bonanza,17-07-2026,YouTube,CUST00787,18-24,Male,20120,377,47,4,3852.83,8296.22,,,,,
C006,Weekend Flash Sale,18-04-2026,Google Ads,CUST02343,18-24,Male,12350,597,141,28,3413.85,59377.23,,,,,
C008,Year End Clearance,22-04-2026,YouTube,CUST02047,25-34,Male,8006,237,33,2,1733.05,4159.31,,,,,
C002,Festive Bonanza,21-02-2026,Google Ads,CUST00516,18-24,Female,8554,223,47,5,2195.66,11116.15,,,,,
C007,Diwali Mega Sale,06-03-2026,Email,CUST00053,35-44,Male,7735,525,151,54,800,205047.21,,,,,
C003,New Product Launch,26-02-2026,Instagram,CUST02479,25-34,Female,16690,600,109,10,1991.61,19619.08,,,,,
C008,Year End Clearance,21-08-2026,YouTube,CUST00343,55+,Female,11124,318,40,7,2129.65,11802.9,,,,,
C004,Monsoon Offers,14-02-2026,Google Ads,CUST00735,25-34,Female,22373,914,176,20,4683.52,47338,,,,,
C007,Diwali Mega Sale,27-07-2026,YouTube,CUST00301,25-34,Female,14792,412,48,7,2758.72,10258.31,,,,,
C006,Weekend Flash Sale,12-06-2026,YouTube,CUST01528,25-34,Male,22391,400,46,5,3494.71,12063.94,,,,,
C001,Summer Sale,10-08-2026,Email,CUST01052,25-34,Female,8904,591,176,38,800,80919.69,,,,,
C006,Weekend Flash Sale,15-06-2026,YouTube,CUST02380,35-44,Female,23930,456,45,5,3966.04,9422.81,,,,,
C005,Back to College,27-06-2026,Google Ads,CUST00962,18-24,Female,9431,324,83,15,2124.78,34400.71,,,,,
C001,Summer Sale,02-04-2026,Facebook,CUST01733,18-24,Female,4787,128,16,0,800,0,,,,,
C005,Back to College,24-04-2026,Google Ads,CUST01031,35-44,Female,5848,278,64,8,1560.4,18325.73,,,,,
C008,Year End Clearance,23-02-2026,Facebook,CUST01506,35-44,Male,19043,428,68,6,3202.25,9891.2,,,,,
C007,Diwali Mega Sale,05-03-2026,Google Ads,CUST00710,18-24,Male,9423,341,67,16,1948.81,60821.24,,,,,
C007,Diwali Mega Sale,28-08-2026,Instagram,CUST01275,45-54,Male,11774,321,50,9,1844.37,28339.17,,,,,
C002,Festive Bonanza,02-04-2026,Email,CUST00046,18-24,Female,23116,1636,478,125,1443.15,322442.44,,,,,
C002,Festive Bonanza,12-06-2026,YouTube,CUST00526,25-34,Male,4992,109,16,1,1079.62,2224.2,,,,,
C006,Weekend Flash Sale,12-08-2026,Google Ads,CUST01783,25-34,Male,16507,523,121,25,4363.56,75448.21,,,,,
C006,Weekend Flash Sale,29-08-2026,Facebook,CUST00030,35-44,Female,4478,125,12,2,800,4623.01,,,,,
C002,Festive Bonanza,18-02-2026,Facebook,CUST00194,25-34,Male,5212,166,27,3,800,6062.69,,,,,
C004,Monsoon Offers,08-07-2026,Instagram,CUST01794,35-44,Female,5541,208,36,4,800,5649.94,,,,,
C001,Summer Sale,10-06-2026,YouTube,CUST00728,18-24,Male,20762,471,50,6,4044.97,10553.22,,,,,
C004,Monsoon Offers,03-08-2026,Google Ads,CUST01789,18-24,Male,6490,318,65,13,1479.1,26562.64,,,,,
C006,Weekend Flash Sale,22-04-2026,Email,CUST01559,35-44,Male,28377,2353,738,164,1689.95,313146.98,,,,,
C003,New Product Launch,27-03-2026,Facebook,CUST01854,35-44,Female,16265,526,67,9,2199.35,10111.06,,,,,
C004,Monsoon Offers,23-02-2026,Facebook,CUST00453,35-44,Male,5414,172,23,3,800,6214.08,,,,,
C007,Diwali Mega Sale,27-06-2026,YouTube,CUST00105,55+,Female,5041,125,13,3,949.73,8456.2,,,,,
C005,Back to College,16-02-2026,YouTube,CUST02134,35-44,Female,5134,90,14,1,943.15,1320.49,,,,,
C003,New Product Launch,23-07-2026,Instagram,CUST00705,45-54,Other,12226,463,70,11,2128.62,20716.56,,,,,
C001,Summer Sale,09-01-2026,Facebook,CUST00783,35-44,Female,9766,276,42,4,1172.79,6580.37,,,,,
C003,New Product Launch,25-06-2026,YouTube,CUST02480,45-54,Male,5799,131,20,2,1258,3660.72,,,,,
C003,New Product Launch,05-04-2026,YouTube,CUST02381,55+,Male,19222,388,44,5,3359.41,9581.83,,,,,
C008,Year End Clearance,11-04-2026,Instagram,CUST01723,25-34,Male,4764,172,27,2,800,2966.83,,,,,
C002,Festive Bonanza,08-04-2026,Instagram,CUST00698,35-44,Male,7766,298,46,10,949.56,18736.33,,,,,
C006,Weekend Flash Sale,24-05-2026,Email,CUST00523,55+,Female,10428,869,247,71,800,268126.49,,,,,
C001,Summer Sale,12-01-2026,Facebook,CUST00277,35-44,Female,10113,256,41,3,1295.04,3915.8,,,,,
C007,Diwali Mega Sale,21-05-2026,Google Ads,CUST01355,25-34,Male,3189,91,20,2,800,5931.4,,,,,
C002,Festive Bonanza,20-06-2026,Facebook,CUST00071,55+,Male,3876,113,13,4,800,8960.99,,,,,
C002,Festive Bonanza,15-03-2026,Google Ads,CUST02114,25-34,Female,6441,357,78,21,1523.28,48405.27,,,,,
C005,Back to College,24-01-2026,Instagram,CUST02227,25-34,Female,10783,410,71,8,1426.84,12716.88,,,,,
C002,Festive Bonanza,16-02-2026,Facebook,CUST01064,18-24,Male,2888,92,14,2,800,4083.04,,,,,
C007,Diwali Mega Sale,25-02-2026,Google Ads,CUST01575,25-34,Female,7269,408,78,12,1262.32,26233.36,,,,,
C003,New Product Launch,02-05-2026,YouTube,CUST00784,18-24,Male,5277,136,17,3,869.66,4137.95,,,,,
C008,Year End Clearance,29-07-2026,Facebook,CUST01448,18-24,Female,16939,523,72,14,1783.13,31742.14,,,,,
C003,New Product Launch,29-08-2026,Facebook,CUST00133,45-54,Female,4335,127,18,2,800,2872.17,,,,,
C001,Summer Sale,23-01-2026,Google Ads,CUST00486,35-44,Other,31927,1404,317,54,6269.29,132096.24,,,,,
C004,Monsoon Offers,18-01-2026,Google Ads,CUST02343,18-24,Male,6770,311,78,20,1213.08,43963.39,,,,,
C006,Weekend Flash Sale,24-06-2026,Instagram,CUST01812,18-24,Male,11073,294,48,4,1788.79,12059.75,,,,,
C008,Year End Clearance,01-06-2026,Email,CUST01941,25-34,Female,4954,325,107,26,800,86779.95,,,,,
C007,Diwali Mega Sale,22-06-2026,Instagram,CUST00794,25-34,Male,14933,497,73,6,2161.17,15324.18,,,,,
C005,Back to College,07-05-2026,Email,CUST02493,18-24,Female,13879,655,164,37,942.28,158266.53,,,,,
C008,Year End Clearance,29-04-2026,Instagram,CUST00585,25-34,Male,22221,538,81,12,2636.79,19262.47,,,,,
C004,Monsoon Offers,14-06-2026,Google Ads,CUST01068,25-34,Female,6028,253,58,6,1487.14,11719.89,,,,,
C003,New Product Launch,03-04-2026,Facebook,CUST00389,18-24,Male,12462,297,43,5,1985.61,8271.28,,,,,
C001,Summer Sale,06-05-2026,Instagram,CUST01733,45-54,Female,10792,276,43,9,1565.81,12598.67,,,,,
C004,Monsoon Offers,11-04-2026,Instagram,CUST02322,45-54,Female,12712,486,72,7,1634.98,9526.47,,,,,
C007,Diwali Mega Sale,31-01-2026,Instagram,CUST00348,35-44,Male,11521,280,49,6,1749.35,17573.95,,,,,
C004,Monsoon Offers,24-07-2026,Email,CUST01927,55+,Male,13469,691,226,42,800,89656.97,,,,,
C006,Weekend Flash Sale,02-05-2026,Google Ads,CUST01236,35-44,Female,7568,221,44,5,1374.17,13193.77,,,,,
C006,Weekend Flash Sale,30-05-2026,Facebook,CUST00899,25-34,Male,7244,165,24,3,1012.65,4674.34,,,,,
C004,Monsoon Offers,21-07-2026,Facebook,CUST01456,35-44,Male,7734,146,27,6,1021.6,10325.92,,,,,
C008,Year End Clearance,17-02-2026,Google Ads,CUST01695,35-44,Male,16387,485,117,23,3973.82,68905.88,,,,,
C002,Festive Bonanza,29-08-2026,Instagram,CUST00563,45-54,Female,10121,320,47,9,1795.98,15518.09,,,,,
C006,Weekend Flash Sale,26-06-2026,Facebook,CUST02047,18-24,Male,8973,245,29,8,1076.37,17811.13,,,,,
C006,Weekend Flash Sale,09-05-2026,Instagram,CUST02089,18-24,Female,5593,138,24,5,871.54,9605.9,,,,,
C003,New Product Launch,06-03-2026,Google Ads,CUST00635,45-54,Female,6467,283,78,12,1328.5,19231.88,,,,,
C007,Diwali Mega Sale,29-07-2026,Instagram,CUST01213,18-24,Female,10298,333,72,11,1763.01,37571.33,,,,,
C006,Weekend Flash Sale,05-03-2026,Facebook,CUST01737,18-24,Other,6187,188,24,4,941.01,11187.85,,,,,
C004,Monsoon Offers,28-06-2026,Google Ads,CUST01959,35-44,Female,16268,746,171,24,3853.36,50267.25,,,,,
C007,Diwali Mega Sale,25-01-2026,YouTube,CUST00028,25-34,Female,4092,95,14,1,800,1078.75,,,,,
C003,New Product Launch,06-03-2026,Email,CUST01139,35-44,Female,8242,511,160,36,800,94020.63,,,,,
C002,Festive Bonanza,24-04-2026,Facebook,CUST00619,18-24,Female,9087,276,39,5,1263.33,12926.33,,,,,
C001,Summer Sale,26-08-2026,YouTube,CUST00357,18-24,Female,5436,93,5,0,1069.99,0,,,,,
C005,Back to College,22-06-2026,Google Ads,CUST01620,25-34,Male,14756,529,106,14,2567.4,49822.39,,,,,
C004,Monsoon Offers,20-01-2026,Instagram,CUST00640,35-44,Male,8505,228,30,4,1178.11,6268.52,,,,,
C002,Festive Bonanza,09-08-2026,Instagram,CUST01958,25-34,Female,7970,257,38,4,1296.19,8070.46,,,,,
C001,Summer Sale,08-01-2026,Email,CUST01525,55+,Male,2266,99,25,4,800,14822.11,,,,,
C001,Summer Sale,05-06-2026,Facebook,CUST00361,35-44,Male,16303,376,48,5,2643.97,9564.54,,,,,
C004,Monsoon Offers,16-04-2026,Google Ads,CUST01189,55+,Female,7295,334,73,15,1321.6,20448.32,,,,,
C002,Festive Bonanza,23-03-2026,Facebook,CUST00487,25-34,Male,13372,547,83,10,1395.2,19911.69,,,,,
C002,Festive Bonanza,07-08-2026,Email,CUST01192,25-34,Female,5981,441,131,39,800,154162.44,,,,,
C002,Festive Bonanza,08-02-2026,YouTube,CUST01561,25-34,Male,8873,187,23,1,1876.83,1203.56,,,,,
C003,New Product Launch,22-08-2026,Email,CUST00611,35-44,Female,6172,364,108,24,800,58419.4,,,,,
C004,Monsoon Offers,11-07-2026,Google Ads,CUST01352,35-44,Female,19644,574,138,19,4019.15,39094.32,,,,,
C004,Monsoon Offers,24-03-2026,YouTube,CUST00993,25-34,Female,8929,140,17,2,1313.34,2789.98,,,,,
C008,Year End Clearance,11-04-2026,Facebook,CUST02229,35-44,Female,12851,289,44,5,2147.34,14619.48,,,,,
C006,Weekend Flash Sale,13-03-2026,Google Ads,CUST00083,25-34,Female,3670,180,36,2,800,5268.62,,,,,
C001,Summer Sale,11-04-2026,Google Ads,CUST00395,25-34,Male,4184,179,35,2,800,3633.32,,,,,
C004,Monsoon Offers,16-06-2026,Facebook,CUST00937,35-44,Female,2066,54,8,1,800,1450.85,,,,,
C007,Diwali Mega Sale,14-07-2026,Email,CUST01122,55+,Female,7891,480,134,28,800,101642.66,,,,,
C003,New Product Launch,02-05-2026,Instagram,CUST01605,45-54,Female,6515,221,38,6,1184.4,12212.23,,,,,
C008,Year End Clearance,06-07-2026,Google Ads,CUST01019,35-44,Female,5382,238,56,11,1440.1,25411.97,,,,,
C002,Festive Bonanza,15-01-2026,Google Ads,CUST02171,18-24,Male,16913,982,187,43,4011.21,88920.02,,,,,
C003,New Product Launch,04-01-2026,Instagram,CUST01890,25-34,Male,6298,187,36,4,1080.17,10681.25,,,,,
C002,Festive Bonanza,23-01-2026,Google Ads,CUST01846,45-54,Female,12543,726,174,36,2991.25,85593.86,,,,,
C008,Year End Clearance,07-04-2026,Google Ads,CUST01967,18-24,Female,15778,528,105,17,4213.59,39408.86,,,,,
C006,Weekend Flash Sale,11-04-2026,Email,CUST00947,25-34,Male,10008,721,233,58,800,171350.8,,,,,
C003,New Product Launch,29-05-2026,Instagram,CUST01387,35-44,Female,12239,357,53,8,1562.52,13733.84,,,,,
C005,Back to College,13-07-2026,Google Ads,CUST00757,18-24,Female,16407,917,187,42,3244.39,99403.34,,,,,
C007,Diwali Mega Sale,22-07-2026,Facebook,CUST01869,45-54,Female,7120,205,23,2,800,4056.03,,,,,
C004,Monsoon Offers,05-08-2026,Google Ads,CUST02247,18-24,Male,13950,615,132,11,3949.29,24666.56,,,,,
C006,Weekend Flash Sale,17-03-2026,Email,CUST00040,25-34,Male,7088,540,167,42,800,103883.48,,,,,
C007,Diwali Mega Sale,16-08-2026,Google Ads,CUST01949,55+,Female,3620,190,39,11,1017.35,32867.33,,,,,
C003,New Product Launch,23-06-2026,Facebook,CUST00685,25-34,Female,7126,218,32,3,1087.17,7640.28,,,,,
C008,Year End Clearance,17-08-2026,Email,CUST02497,35-44,Male,13227,721,215,30,800,96788.09,,,,,
C004,Monsoon Offers,27-02-2026,Email,CUST00897,18-24,Female,15078,1226,378,72,952.71,157025.92,,,,,
C006,Weekend Flash Sale,25-03-2026,Instagram,CUST02129,35-44,Male,8671,141,25,1,1134.44,2833.15,,,,,
C008,Year End Clearance,07-03-2026,Email,CUST02474,55+,Male,11236,625,197,56,800,179414.39,,,,,
C002,Festive Bonanza,12-07-2026,Instagram,CUST00353,25-34,Female,6666,234,39,10,1025,18383.31,,,,,
C001,Summer Sale,13-08-2026,YouTube,CUST02464,55+,Female,14034,296,39,4,2120.95,8164.45,,,,,
C004,Monsoon Offers,11-05-2026,Email,CUST00774,25-34,Male,7343,602,175,25,800,44327.48,,,,,
C004,Monsoon Offers,19-03-2026,Email,CUST01595,18-24,Male,9355,375,122,33,800,99826.66,,,,,
C008,Year End Clearance,08-02-2026,Instagram,CUST01836,18-24,Female,5523,177,34,7,1028.94,14238.99,,,,,
C004,Monsoon Offers,18-02-2026,YouTube,CUST00849,35-44,Male,8869,188,26,4,1651.73,5939.83,,,,,
C008,Year End Clearance,02-06-2026,Instagram,CUST00836,18-24,Male,26876,683,109,16,4859.36,35517.81,,,,,
C004,Monsoon Offers,05-08-2026,Google Ads,CUST00583,55+,Male,5543,175,34,4,1354.22,8408.35,,,,,
C007,Diwali Mega Sale,19-04-2026,Google Ads,CUST02416,18-24,Male,14112,671,154,32,3013.19,91566.44,,,,,
C004,Monsoon Offers,13-07-2026,Facebook,CUST00300,25-34,Female,18055,448,64,7,2995.29,9279.57,,,,,
C007,Diwali Mega Sale,03-03-2026,Google Ads,CUST01102,18-24,Male,8406,401,88,20,1614.53,62194,,,,,
C006,Weekend Flash Sale,25-02-2026,Facebook,CUST02091,18-24,Male,7359,238,36,2,993.57,5627.02,,,,,
C005,Back to College,20-01-2026,Google Ads,CUST01871,35-44,Male,3502,78,18,5,800,13320.02,,,,,
C007,Diwali Mega Sale,29-06-2026,Instagram,CUST01854,18-24,Other,6567,303,56,13,1207.93,26132.3,,,,,
C006,Weekend Flash Sale,04-05-2026,Instagram,CUST00136,55+,Male,9527,322,56,6,1651.22,13498.12,,,,,
C005,Back to College,11-01-2026,Email,CUST00336,25-34,Female,17728,1293,359,72,1004.86,234512.6,,,,,
C008,Year End Clearance,18-06-2026,Instagram,CUST01046,25-34,Male,15167,410,71,6,2217.14,10208.89,,,,,
C007,Diwali Mega Sale,06-03-2026,Facebook,CUST01513,35-44,Female,6496,163,28,5,800,14020.42,,,,,
C002,Festive Bonanza,06-02-2026,Facebook,CUST00182,45-54,Male,4837,151,27,5,800,13950.59,,,,,
C004,Monsoon Offers,04-08-2026,Facebook,CUST00569,25-34,Female,5705,172,27,1,836.14,1572.35,,,,,
C001,Summer Sale,11-06-2026,Email,CUST00152,35-44,Female,17471,640,191,38,1081.16,132282.35,,,,,
C008,Year End Clearance,19-06-2026,Instagram,CUST01993,25-34,Other,9521,310,48,8,1515.81,11285.99,,,,,
C008,Year End Clearance,02-04-2026,Google Ads,CUST01675,55+,Male,8202,373,93,19,1941.57,72378.58,,,,,
C004,Monsoon Offers,08-08-2026,Facebook,CUST01923,45-54,Male,14062,315,42,3,2177.18,6816.95,,,,,
C003,New Product Launch,09-06-2026,Instagram,CUST00623,25-34,Female,8608,322,51,6,1043.07,8988.8,,,,,
C008,Year End Clearance,01-08-2026,Email,CUST00255,18-24,Male,9470,804,233,52,800,120118.16,,,,,
C007,Diwali Mega Sale,09-05-2026,YouTube,CUST00052,35-44,Male,7884,180,21,2,1531.11,5521.46,,,,,
C002,Festive Bonanza,24-07-2026,Facebook,CUST00956,25-34,Male,9573,234,43,3,1046.35,6823.83,,,,,
C004,Monsoon Offers,31-07-2026,Facebook,CUST00654,35-44,Female,12486,359,52,4,1760.14,3846.4,,,,,
C001,Summer Sale,30-03-2026,Google Ads,CUST00285,55+,Female,8432,309,65,6,2325.98,16258.49,,,,,
C004,Monsoon Offers,12-05-2026,Email,CUST00185,25-34,Male,3862,230,75,12,800,24286.83,,,,,
C008,Year End Clearance,12-02-2026,Facebook,CUST00929,18-24,Female,12012,353,52,5,1235.92,9114.69,,,,,
C003,New Product Launch,05-02-2026,Instagram,CUST00163,35-44,Female,26055,826,147,24,3686.63,53556.11,,,,,
C008,Year End Clearance,02-03-2026,Google Ads,CUST02154,45-54,Male,6214,284,68,9,1253.88,18153.25,,,,,
C003,New Product Launch,02-03-2026,Instagram,CUST02453,35-44,Male,3802,106,24,5,800,9277.33,,,,,
C007,Diwali Mega Sale,09-04-2026,YouTube,CUST01973,55+,Female,17043,397,43,6,3004.33,13559.05,,,,,
C008,Year End Clearance,29-08-2026,Google Ads,CUST02347,55+,Female,6088,227,51,8,1678.61,17020.58,,,,,
C007,Diwali Mega Sale,02-04-2026,Instagram,CUST02340,18-24,Male,3851,130,31,6,800,17012.43,,,,,
C007,Diwali Mega Sale,03-02-2026,Google Ads,CUST02221,35-44,Female,4892,255,60,14,930.22,25562.09,,,,,
C005,Back to College,27-04-2026,Facebook,CUST01916,25-34,Male,12223,313,43,9,1557.35,19050.83,,,,,
C003,New Product Launch,06-07-2026,Facebook,CUST01499,25-34,Male,4218,112,14,2,800,1910.84,,,,,
C003,New Product Launch,15-03-2026,Google Ads,CUST00564,55+,Female,6659,373,87,11,1620.84,29614.54,,,,,
C007,Diwali Mega Sale,13-03-2026,Instagram,CUST00307,25-34,Female,14336,471,73,11,1716.73,31814.55,,,,,
C004,Monsoon Offers,15-07-2026,Facebook,CUST00132,25-34,Female,21097,787,109,11,2649.84,22727.55,,,,,
C004,Monsoon Offers,30-03-2026,Facebook,CUST00006,55+,Female,11396,349,53,5,1582.89,7688.51,,,,,
C006,Weekend Flash Sale,30-08-2026,Instagram,CUST01853,35-44,Female,9412,382,55,7,1295.09,13243.7,,,,,
C001,Summer Sale,14-07-2026,Google Ads,CUST01961,25-34,Male,8471,190,36,7,1751.47,12753.66,,,,,
C004,Monsoon Offers,05-06-2026,YouTube,CUST01980,35-44,Female,31501,637,71,9,6821.93,13575.44,,,,,
C005,Back to College,29-05-2026,Email,CUST00045,45-54,Female,6240,350,113,28,800,92146.07,,,,,
C002,Festive Bonanza,18-05-2026,Instagram,CUST00730,25-34,Female,5197,187,34,3,800,7612.62,,,,,
C007,Diwali Mega Sale,09-07-2026,Facebook,CUST00409,55+,Female,4517,184,27,2,800,6011.28,,,,,
C007,Diwali Mega Sale,05-04-2026,Email,CUST02208,25-34,Female,10514,546,166,43,800,145063.81,,,,,
C004,Monsoon Offers,18-06-2026,Google Ads,CUST01713,25-34,Male,4275,231,53,7,967.66,12052.2,,,,,
C003,New Product Launch,16-01-2026,YouTube,CUST00068,25-34,Male,6935,187,25,4,1138.81,7949.77,,,,,
C002,Festive Bonanza,20-05-2026,Instagram,CUST00663,25-34,Female,13284,438,80,12,1955.01,30200.82,,,,,
C004,Monsoon Offers,11-03-2026,Facebook,CUST00443,18-24,Male,19289,683,94,7,2640.03,13204.12,,,,,
C007,Diwali Mega Sale,28-01-2026,Email,CUST02220,25-34,Male,5923,397,131,34,800,115131.92,,,,,
C008,Year End Clearance,29-07-2026,Google Ads,CUST00613,25-34,Female,4280,263,57,5,818.99,13787.25,,,,,
C006,Weekend Flash Sale,16-04-2026,Facebook,CUST01242,45-54,Female,12804,415,69,9,1674.49,15330.47,,,,,
C008,Year End Clearance,05-02-2026,Email,CUST00545,25-34,Female,17876,1193,370,78,1055.46,197553.06,,,,,
C008,Year End Clearance,22-07-2026,Google Ads,CUST01676,18-24,Male,8180,416,85,22,1621.21,50723.29,,,,,
C003,New Product Launch,12-04-2026,Facebook,CUST00583,25-34,Female,7626,259,38,4,811.76,6900.11,,,,,
C008,Year End Clearance,16-04-2026,Email,CUST02083,45-54,Male,13252,1118,340,69,800,199513.58,,,,,
C004,Monsoon Offers,04-03-2026,Instagram,CUST00179,18-24,Male,15935,556,84,12,2323.21,25236.54,,,,,
C002,Festive Bonanza,23-04-2026,Google Ads,CUST01803,18-24,Female,10051,345,95,23,2775.3,50101.2,,,,,
C006,Weekend Flash Sale,05-06-2026,Google Ads,CUST00243,18-24,Male,7557,330,81,17,1699,53272.23,,,,,
C008,Year End Clearance,01-03-2026,Instagram,CUST00654,35-44,Male,7907,228,34,3,983.05,7057.3,,,,,
C001,Summer Sale,14-06-2026,Instagram,CUST00652,25-34,Female,9441,253,45,8,1514.41,14866.98,,,,,
C002,Festive Bonanza,16-05-2026,Google Ads,CUST00385,35-44,Female,5760,225,45,7,1308.78,30597.43,,,,,
C006,Weekend Flash Sale,19-04-2026,Google Ads,CUST00649,35-44,Female,6823,351,92,19,1496.33,48462.3,,,,,
C001,Summer Sale,21-04-2026,Instagram,CUST02407,35-44,Male,8139,248,34,6,1053.8,11556.51,,,,,
C008,Year End Clearance,31-01-2026,Email,CUST02156,25-34,Male,6350,422,116,37,800,89847.84,,,,,
C005,Back to College,01-06-2026,Facebook,CUST00975,25-34,Female,13860,386,49,9,2235.68,18771.3,,,,,
C002,Festive Bonanza,12-02-2026,Instagram,CUST02016,35-44,Female,19104,633,111,15,2640.08,26131.58,,,,,
C003,New Product Launch,21-07-2026,Email,CUST02152,45-54,Male,24278,1374,404,85,1135.27,242161.9,,,,,
C002,Festive Bonanza,05-07-2026,Instagram,CUST01664,18-24,Male,18800,704,110,15,2338.31,32592.92,,,,,
C006,Weekend Flash Sale,31-01-2026,Instagram,CUST00010,18-24,Male,17189,440,72,14,2195.72,29325.44,,,,,
C003,New Product Launch,21-07-2026,Instagram,CUST00097,25-34,Male,11533,464,85,17,1484.85,26710.33,,,,,
C006,Weekend Flash Sale,19-03-2026,Google Ads,CUST00891,25-34,Male,6193,309,58,9,1358.64,17199.1,,,,,
C003,New Product Launch,30-03-2026,Facebook,CUST02201,25-34,Female,9725,325,50,6,1396.77,8521.96,,,,,
C002,Festive Bonanza,24-06-2026,YouTube,CUST02206,18-24,Male,2756,81,15,3,800,3549.04,,,,,
C004,Monsoon Offers,16-03-2026,Facebook,CUST02034,18-24,Male,10418,246,38,3,1148.94,2861.56,,,,,
C004,Monsoon Offers,01-08-2026,Instagram,CUST01860,35-44,Male,23593,666,109,10,3055.95,16244.17,,,,,
C006,Weekend Flash Sale,28-08-2026,YouTube,CUST02332,45-54,Male,37196,592,70,9,6265.69,22320.08,,,,,
C007,Diwali Mega Sale,12-03-2026,YouTube,CUST01721,25-34,Male,16835,476,59,5,3738.15,9948.03,,,,,
C005,Back to College,15-08-2026,Email,CUST00595,35-44,Male,25166,1388,417,75,1620.86,184824.86,,,,,
C006,Weekend Flash Sale,19-03-2026,Instagram,CUST02093,25-34,Male,7814,343,42,5,974.22,6409,,,,,
C002,Festive Bonanza,24-04-2026,Facebook,CUST02123,25-34,Female,19185,498,81,13,3026.24,25829.98,,,,,
C008,Year End Clearance,13-02-2026,Email,CUST02255,25-34,Female,5243,347,93,27,800,57027.85,,,,,
C001,Summer Sale,23-01-2026,Google Ads,CUST00139,35-44,Female,6021,235,51,8,1252.64,12302.09,,,,,
C001,Summer Sale,03-07-2026,Email,CUST00554,18-24,Male,4811,379,119,26,800,27003.66,,,,,
C005,Back to College,09-01-2026,Facebook,CUST00232,18-24,Male,15073,303,51,6,2323.77,10369.75,,,,,
C003,New Product Launch,25-01-2026,Google Ads,CUST00974,25-34,Female,10636,578,128,19,1996.29,33323.54,,,,,
C008,Year End Clearance,24-07-2026,Google Ads,CUST01201,55+,Female,8438,335,69,8,1642.74,14127.13,,,,,
C004,Monsoon Offers,14-03-2026,Instagram,CUST00603,45-54,Male,14954,480,74,8,2412.51,10171.3,,,,,
C008,Year End Clearance,19-05-2026,Facebook,CUST02046,25-34,Male,5466,116,19,3,800,6743.97,,,,,
C008,Year End Clearance,06-03-2026,Instagram,CUST00457,45-54,Female,7174,325,50,10,1044.39,26543.3,,,,,
C003,New Product Launch,12-02-2026,Instagram,CUST01259,45-54,Female,7076,204,37,6,825.52,11499.28,,,,,
C001,Summer Sale,09-04-2026,Instagram,CUST01804,25-34,Male,14327,450,68,12,1995.98,25941,,,,,
C002,Festive Bonanza,18-08-2026,Instagram,CUST00889,25-34,Male,22637,794,137,19,4042.6,55732.94,,,,,
C002,Festive Bonanza,19-04-2026,Instagram,CUST00836,18-24,Male,6302,202,32,4,1083.72,6769.06,,,,,
C008,Year End Clearance,07-07-2026,Facebook,CUST00811,18-24,Female,11916,297,42,5,1402.7,9973.81,,,,,
C005,Back to College,20-06-2026,Google Ads,CUST00244,55+,Male,7857,326,75,14,1579.1,35512.6,,,,,
C001,Summer Sale,13-07-2026,Google Ads,CUST00545,18-24,Female,13260,622,138,17,3175.88,37339.05,,,,,
C005,Back to College,29-07-2026,Instagram,CUST00469,45-54,Female,12966,390,53,5,1547.95,4282.31,,,,,
C006,Weekend Flash Sale,16-04-2026,Google Ads,CUST00640,35-44,Male,10242,464,125,17,2425.82,40237.56,,,,,
C006,Weekend Flash Sale,18-08-2026,Instagram,CUST00825,18-24,Male,5832,138,23,2,800,4227.12,,,,,
C005,Back to College,13-03-2026,Google Ads,CUST00411,35-44,Male,5754,205,53,9,1251.72,10515.64,,,,,
C003,New Product Launch,19-04-2026,Email,CUST00815,25-34,Male,18023,1127,324,68,871.28,219768.64,,,,,
C006,Weekend Flash Sale,19-03-2026,Google Ads,CUST00387,45-54,Female,6027,278,69,16,1236.68,29938.73,,,,,
C001,Summer Sale,19-08-2026,Facebook,CUST01342,25-34,Female,5677,157,21,1,800,2253.2,,,,,
C005,Back to College,14-02-2026,Instagram,CUST00983,45-54,Female,7418,239,48,6,1173.25,10590.76,,,,,
C006,Weekend Flash Sale,14-08-2026,Email,CUST00341,25-34,Female,12689,679,222,61,856.84,143554.66,,,,,
C003,New Product Launch,11-06-2026,Google Ads,CUST00231,25-34,Male,15185,591,139,20,3654.6,42275.34,,,,,
C003,New Product Launch,13-06-2026,Google Ads,CUST02492,45-54,Female,10956,495,112,21,1907.62,48211.05,,,,,
C002,Festive Bonanza,10-07-2026,Google Ads,CUST00538,35-44,Male,10222,365,83,12,2182.77,40172.98,,,,,
C005,Back to College,25-04-2026,Facebook,CUST01042,45-54,Male,16703,497,73,16,2103.57,16475.27,,,,,
C007,Diwali Mega Sale,09-01-2026,Instagram,CUST00358,45-54,Male,20744,719,130,28,3824.93,59440.19,,,,,
C001,Summer Sale,12-01-2026,YouTube,CUST00930,25-34,Female,32038,636,70,5,6314.6,6438.9,,,,,
C002,Festive Bonanza,11-05-2026,YouTube,CUST02008,25-34,Female,11906,194,13,1,2644.76,2331.26,,,,,
C007,Diwali Mega Sale,24-05-2026,Facebook,CUST02231,55+,Male,4035,122,14,2,800,4865,,,,,
C003,New Product Launch,14-06-2026,Google Ads,CUST02096,35-44,Male,25538,1243,277,54,4821.13,131837.35,,,,,
C006,Weekend Flash Sale,25-04-2026,Google Ads,CUST02334,25-34,Male,6478,317,71,11,1423.43,31703.36,,,,,
C005,Back to College,28-07-2026,Google Ads,CUST00089,25-34,Other,12115,352,75,7,3063.8,7659.73,,,,,
C001,Summer Sale,10-06-2026,Email,CUST02346,25-34,Female,10841,882,273,60,800,207298.23,,,,,
C004,Monsoon Offers,26-08-2026,Google Ads,CUST00564,35-44,Female,17796,742,163,23,3711.28,42205.05,,,,,
C003,New Product Launch,15-02-2026,Google Ads,CUST00439,45-54,Male,3322,142,33,6,800,13119.21,,,,,
C006,Weekend Flash Sale,03-05-2026,YouTube,CUST01079,25-34,Female,12677,216,29,2,1727.05,3576.96,,,,,
C003,New Product Launch,10-01-2026,Facebook,CUST01633,25-34,Male,4283,164,22,3,800,7609.48,,,,,
C006,Weekend Flash Sale,10-02-2026,Email,CUST00592,18-24,Female,7769,260,98,21,800,53974.55,,,,,
C003,New Product Launch,21-04-2026,Email,CUST01001,35-44,Male,24784,1537,478,98,1061.68,176826.55,,,,,
C006,Weekend Flash Sale,08-07-2026,Google Ads,CUST00220,35-44,Male,9929,483,123,11,2205.7,25704.47,,,,,
C002,Festive Bonanza,22-02-2026,Instagram,CUST01529,18-24,Female,3998,102,19,2,800,5408.1,,,,,
C005,Back to College,30-01-2026,Email,CUST01370,25-34,Female,13166,1009,302,68,871.17,171238.65,,,,,
C004,Monsoon Offers,19-04-2026,YouTube,CUST01740,35-44,Female,9772,187,21,2,1991.94,2800.24,,,,,
C007,Diwali Mega Sale,10-05-2026,Instagram,CUST00447,25-34,Male,29130,756,120,20,4814.15,40636.32,,,,,
C005,Back to College,30-07-2026,Facebook,CUST01845,45-54,Female,13739,439,71,9,1689.35,17301.53,,,,,
C003,New Product Launch,29-01-2026,Instagram,CUST00150,18-24,Female,9880,197,25,2,1399.45,2804.91,,,,,
C004,Monsoon Offers,18-04-2026,Google Ads,CUST01800,55+,Male,8683,462,113,18,2376.86,22502.53,,,,,
C001,Summer Sale,08-08-2026,Instagram,CUST01804,25-34,Male,10890,331,45,4,1758.24,5294.37,,,,,
C006,Weekend Flash Sale,25-07-2026,YouTube,CUST01357,25-34,Male,21239,497,56,5,4621.09,8349.82,,,,,
C004,Monsoon Offers,14-04-2026,Facebook,CUST01118,35-44,Male,10979,317,42,7,1418.77,10415.92,,,,,
C006,Weekend Flash Sale,25-02-2026,Facebook,CUST00624,25-34,Female,16363,492,70,7,2604.86,14385.14,,,,,
C004,Monsoon Offers,04-07-2026,Google Ads,CUST02244,45-54,Female,8542,590,125,22,2330.21,37626.52,,,,,
C003,New Product Launch,27-03-2026,Instagram,CUST01310,18-24,Female,18141,602,113,11,2153.72,25120.39,,,,,
C006,Weekend Flash Sale,30-01-2026,Google Ads,CUST01640,55+,Male,9431,356,88,17,1997.5,54009.79,,,,,
C005,Back to College,23-07-2026,Facebook,CUST00410,35-44,Male,9052,216,35,3,1004.4,7821.91,,,,,
C002,Festive Bonanza,08-04-2026,Instagram,CUST01319,18-24,Female,15806,483,85,17,2597.7,28914.95,,,,,
C004,Monsoon Offers,29-07-2026,Email,CUST01514,25-34,Other,7111,393,129,29,800,51750.58,,,,,
C001,Summer Sale,05-02-2026,Facebook,CUST00238,35-44,Other,24537,871,110,12,4034.43,20048.57,,,,,
C001,Summer Sale,03-04-2026,Facebook,CUST02360,35-44,Female,7572,265,32,1,854.27,1411.19,,,,,
C007,Diwali Mega Sale,25-07-2026,Facebook,CUST00605,18-24,Male,10013,234,37,5,1480.28,13460.91,,,,,
C001,Summer Sale,24-04-2026,YouTube,CUST00787,35-44,Female,10510,252,26,3,1702.67,6196.77,,,,,
C005,Back to College,02-08-2026,Email,CUST01531,18-24,Female,14670,808,232,43,953.42,91754.14,,,,,
C005,Back to College,10-08-2026,Instagram,CUST01393,18-24,Male,8159,335,41,2,1291.63,4708.78,,,,,
C001,Summer Sale,27-07-2026,Facebook,CUST00192,25-34,Male,9363,257,23,3,1148.36,4331.12,,,,,
C003,New Product Launch,19-06-2026,Instagram,CUST01803,45-54,Female,20701,632,111,17,3833.33,31724.51,,,,,
C004,Monsoon Offers,18-06-2026,YouTube,CUST00655,25-34,Female,5851,126,18,2,1260.82,2242.71,,,,,
C004,Monsoon Offers,14-04-2026,Facebook,CUST01284,35-44,Male,4679,110,17,3,800,3412.98,,,,,
C006,Weekend Flash Sale,27-06-2026,Instagram,CUST01973,45-54,Female,6217,257,45,2,854.15,4077.64,,,,,
C004,Monsoon Offers,15-02-2026,Email,CUST02432,18-24,Female,4159,195,56,6,800,13444.83,,,,,
C008,Year End Clearance,04-03-2026,Google Ads,CUST00556,25-34,Female,4370,235,45,5,1228.63,10910.38,,,,,
C006,Weekend Flash Sale,19-06-2026,Instagram,CUST01393,25-34,Male,9645,298,41,6,1415.64,13620.29,,,,,
C001,Summer Sale,31-03-2026,Instagram,CUST01948,35-44,Female,7983,218,40,2,1143.4,3828.95,,,,,
C006,Weekend Flash Sale,26-08-2026,YouTube,CUST00602,35-44,Male,6619,185,12,0,1278.45,0,,,,,
C007,Diwali Mega Sale,31-03-2026,Email,CUST00062,45-54,Male,15201,711,247,55,800,227959.19,,,,,
C006,Weekend Flash Sale,19-02-2026,Google Ads,CUST00179,18-24,Male,12509,511,114,22,3374.01,51807.61,,,,,
C008,Year End Clearance,18-02-2026,Email,CUST01562,55+,Female,20383,1150,331,62,1379.49,180385.02,,,,,
C001,Summer Sale,07-03-2026,Instagram,CUST01364,25-34,Female,19948,776,137,19,2342.79,32455.72,,,,,
C001,Summer Sale,08-06-2026,YouTube,CUST02471,45-54,Female,17194,335,33,3,3724.71,4788.57,,,,,
C005,Back to College,03-08-2026,Google Ads,CUST02367,55+,Female,6058,341,69,14,1534.48,23788.5,,,,,
C006,Weekend Flash Sale,20-08-2026,Facebook,CUST01400,25-34,Male,3080,82,7,2,800,4941.1,,,,,
C006,Weekend Flash Sale,27-02-2026,Instagram,CUST00801,45-54,Male,6656,182,35,3,1069.24,6123.95,,,,,
C006,Weekend Flash Sale,02-08-2026,Facebook,CUST01123,25-34,Female,8346,147,23,6,1225.03,10745.94,,,,,
C007,Diwali Mega Sale,23-05-2026,Instagram,CUST01362,18-24,Female,5129,145,19,3,800,5066.87,,,,,
C004,Monsoon Offers,21-08-2026,YouTube,CUST01233,18-24,Female,5428,127,13,0,993.27,0,,,,,
C002,Festive Bonanza,17-06-2026,Facebook,CUST00699,45-54,Female,29391,709,93,8,3130.51,19833.25,,,,,
C003,New Product Launch,28-05-2026,Facebook,CUST00196,35-44,Male,22232,465,55,10,3085.26,20307.75,,,,,
C004,Monsoon Offers,04-08-2026,Facebook,CUST00322,45-54,Male,16136,539,77,9,2205.03,18174.33,,,,,
C001,Summer Sale,27-01-2026,Google Ads,CUST02109,55+,Male,13354,613,131,14,2534.69,36236.37,,,,,
C008,Year End Clearance,12-07-2026,Google Ads,CUST02308,18-24,Female,3743,157,32,5,1042.01,9082.15,,,,,
C001,Summer Sale,14-08-2026,YouTube,CUST01618,35-44,Female,2689,71,8,0,800,0,,,,,
C004,Monsoon Offers,21-05-2026,YouTube,CUST02449,25-34,Female,4306,102,7,0,800,0,,,,,
C002,Festive Bonanza,30-08-2026,Facebook,CUST00945,45-54,Male,11935,233,28,3,1527.15,6208.27,,,,,
C002,Festive Bonanza,28-08-2026,Facebook,CUST00770,18-24,Female,7206,256,36,6,900.06,8822.75,,,,,
C001,Summer Sale,07-08-2026,Email,CUST02267,25-34,Female,7198,530,147,29,800,64221.79,,,,,
C007,Diwali Mega Sale,16-02-2026,Instagram,CUST00857,25-34,Female,9176,318,39,6,1441.65,13901.46,,,,,
C008,Year End Clearance,21-04-2026,YouTube,CUST02027,25-34,Male,9661,180,20,3,2020.52,4876.66,,,,,
C005,Back to College,23-06-2026,Email,CUST01836,45-54,Female,3360,199,65,11,800,20558.61,,,,,
